Unnamed: 0,Sr No,startup_name,industry,city,investors,funding_round,funding_crore,year,state,funding_date
0,1,#Fame,Media,Mumbai,To the new ventures,Private Equity,82.5,,Maharashtra,
1,2,1mg,Healthcare,Gurugram,"Deep kalra, Sequoia capital, Omidyar network, Intel capital & kae capital",Private Equity,49.5,,Haryana,
2,3,20Dresses,Personal Care,Mumbai,"Srinivas aluri, Srinivas modukury, Bs nagesh",Seed Funding,8.25,,Maharashtra,
3,4,33Coupons,Marketing,Kanpur,Not disclosed,Seed Funding,0.17,,Uttar Pradesh,
4,5,6Degree,Networking,Mumbai,"Centre for incubation & business acceleration (ciba), Goa",Seed Funding,0.0,,Maharashtra,
5,6,aagaar,Food,Gurugram,Group of investors,Seed Funding,0.0,,Haryana,
6,7,Aasaanjobs,Careers,Mumbai,"Inventus capital partners, Idg ventures",Seed Funding,12.38,,Maharashtra,
7,8,Abhibus,Travel,Hyderabad,Paytm (one97 communications),Private Equity,0.0,,Telangana,
8,9,Absentia,Technology,Bengaluru,"Astarc ventures, 50k ventures & others",Seed Funding,1.49,,Karnataka,
9,10,Actionable Analytics,Data Analytics,Delhi,"B m gupta, Vinod singhal",Seed Funding,0.0,,Delhi,
10,11,AdStringO,Marketing,Mumbai,"Arihant patni, Vishal khare,  viswanath ramachandran",Seed Funding,2.89,,Maharashtra,
11,12,AdWyze,Marketing,Bengaluru,Mape advisory,Seed Funding,8.25,,Karnataka,
12,13,AgentDesks,Real Estate,Gurugram,"Sierra ventures, Cota capital, Vegas tech fund",Seed Funding,24.34,,Haryana,
13,14,Agrostar,AgriTech,Pune,Idg ventures,Private Equity,33.0,,Maharashtra,
14,15,AHA Taxis,Transportation,Noida,Ah! ventures,Seed Funding,0.0,,Uttar Pradesh,
15,16,Aisle.co,E-Commerce,Bengaluru,"Anand vijay, Shashank mehrotra & others",Seed Funding,0.83,,Karnataka,
16,17,Akosha,Technology,Delhi,Sequoia capital,Private Equity,132.0,,Delhi,
17,18,AllIzHealth,Healthcare,Pune,Mumbai angels & other angel investors,Seed Funding,2.89,,Maharashtra,
18,19,Allygrow Technologies,Technology,Mumbai,Zodius technology fund,Private Equity,165.0,,Maharashtra,
19,20,AlmaMapper,Education,Ahmedabad,Oswal techno ventures llp,Seed Funding,3.3,,Gujarat,
20,21,Amagi Media Labs,Media,Bengaluru,Premji invest & mayfield fund,Private Equity,0.0,,Karnataka,
21,22,Ameyo,Technology,Gurugram,forum synergies pe fund,Private Equity,41.25,,Haryana,
22,23,Amigobulls,Finance,Bengaluru,"Sharad sharma, Vijay anand, Mohandas pai. pallav nadhani, Singapore angels network & others",Seed Funding,0.0,,Karnataka,
23,24,Ampere,Transportation,Coimbatore,Ratan tata,Seed Funding,0.0,,Tamil Nadu,
24,25,Ampere Vehicles,Transportation,Coimbatore,Kris gopalakrishnan & others,Seed Funding,9.9,,Tamil Nadu,
25,26,Anakage,Personal Care,Bengaluru,Cio angel network (can),Seed Funding,0.0,,Karnataka,
26,27,Antuit,Data Analytics,Bengaluru,"Goldman sachs, Zodius capital",Private Equity,462.0,,Karnataka,
27,28,Appbase,Technology,Pune,"Da-iict, Techstars, Carnegie mellon university, Startup brasil program",Seed Funding,2.39,,Maharashtra,
28,29,Appedo,Technology,Bengaluru,Undisclosed investors,Seed Funding,8.25,,Karnataka,
29,30,Applicate,Software,Bengaluru,"Rishi vasudev, Amit gupta, Rajiv nayan",Seed Funding,4.54,,Karnataka,
30,31,Applied Solar Technologies,Energy,Mumbai,"Future fund, Bessemer venture, Capricorn investment and ifc",Private Equity,330.0,,Maharashtra,
31,32,Applop,IT,Kolkata,Ghv accelerator,Seed Funding,0.83,,West Bengal,
32,33,Appsdaily,Technology,Mumbai,"Zodius capital, Ru-net, Kalaari capital,  qualcomm ventures",Private Equity,132.0,,Maharashtra,
33,34,Appvigil,Services,Mumbai,"Ravi gururaj, Gaurav sharma, Viswanath ramachandran, Ripplewave",Seed Funding,4.13,,Maharashtra,
34,35,AppVirality,Marketing,Hyderabad,"Rajan anandan, Mike galgon, Ravi gururaj, Ashim mehra,  mohit saxena, Internet group, Tnn capital and others",Seed Funding,4.13,,Telangana,
35,36,AppVirality,Marketing,Hyderabad,"Rajan anandan, Mike galgon, Ashim mehra, Mohit saxena, Ravi gururaj, Tnn capital & iig",Seed Funding,0.0,,Telangana,
36,37,Arkin Net,Data Analytics,Pune,Nexus venture partners,Private Equity,123.75,,Maharashtra,
37,38,Arohan Financial Services,FinTech,Kolkata,Tano capital,Private Equity,82.5,,West Bengal,
38,39,Arth DesignBuild,Technology,Hyderabad,Srinivas tirupati,Seed Funding,4.13,,Telangana,
39,40,Artoo,Technology,Bengaluru,"Accion venture labs, Rianta capital",Private Equity,4.13,,Karnataka,
40,41,Arya.ai,AI,Mumbai,"Yournest angel fund, Venture nursery",Private Equity,6.19,,Maharashtra,
41,42,Aryaka,Technology,Bengaluru,"Trinity ventures, Interwest partners, Mohr davidow ventures, Presidio ventures",Private Equity,132.0,,Karnataka,
42,43,AskMyGift,Households,Noida,Turning ideas,Seed Funding,0.41,,Uttar Pradesh,
43,44,Ather Energy,EV,Bengaluru,Tiger global,Private Equity,99.0,,Karnataka,
44,45,Attune Technologies,Healthcare,Chennai,"Qualcomm venture, Norwest venture partners",Private Equity,82.5,,Tamil Nadu,
45,46,Avanti Learning,Education,Delhi,"Michael & susan dell foundation, Pearson learning fund",Private Equity,12.38,,Delhi,
46,47,Awaaz De,Communication,Ahmedabad,Samir shah,Seed Funding,0.0,,Gujarat,
47,48,Axtria,Data Analytics,Gurugram,"Helion venture partners, Amarpreet sawhney, Deshpande foundation, Fred khosravi, Richard s. braddock",Private Equity,247.5,,Haryana,
48,49,Aye Finance,Finance,Gurugram,"Saif partners, Accion",Private Equity,24.75,,Haryana,
49,50,Babajobs,Careers,Bengaluru,Seek ltd & affiliates,Private Equity,82.5,,Karnataka,
50,51,BabyChakra,Consumer Internet,Mumbai,"Mumbai angels, Patni family office, Singapore angel network, Karan maheshwari, Jatin aneja, Kishor ganji, Roopa nath",Seed Funding,0.0,,Maharashtra,
51,52,Banihal,Transportation,Delhi,Dr david cheriton,Seed Funding,0.0,,Delhi,
52,53,BankBazaar,FinTech,Chennai,"Amazon, Fidelity growth partners, Mousse partners",Private Equity,495.0,,Tamil Nadu,
53,54,Baxi,Transportation,Gurugram,"Manish kheterpal, Alok mittal,  puneet dalmia,",Seed Funding,11.96,,Haryana,
54,55,BeaconsTalk,Technology,Mumbai,Puneet bhatia & others,Seed Funding,0.66,,Maharashtra,
55,56,Belita,Personal Care,Mumbai,"India quotient, Letsventure investors, Lead angels",Seed Funding,3.3,,Maharashtra,
56,57,Bestdealfinance,Finance,Mumbai,"Kalaari capital, Yournest angel fund",Private Equity,24.75,,Maharashtra,
57,58,BetterButter.in,Food,Delhi,"Growx ventures, Manish singhal",Seed Funding,0.0,,Delhi,
58,59,Bevy,Event Management,Bengaluru,Varun agarwal & others,Seed Funding,0.0,,Karnataka,
59,60,Bewakoof,Personal Care,Mumbai,"Rohit bansal, Kunal bahl, Nikhil vora",Seed Funding,0.0,,Maharashtra,
60,61,BiBox,E-Commerce,Bengaluru,Ravi krishnamurthy,Seed Funding,4.37,,Karnataka,
61,62,Bidgely,Energy,Bengaluru,"Constellation technology ventures (exelon corporation), E.on, Rwe, Khosla ventures",Private Equity,136.95,,Karnataka,
62,63,Big Basket,E-Commerce,Bengaluru,Bessemer venture partners,Private Equity,412.5,,Karnataka,
63,64,BigStylist,Personal Care,Mumbai,Info edge,Private Equity,8.25,,Maharashtra,
64,65,BillDesk,FinTech,Mumbai,Ta associates,Private Equity,618.75,,Maharashtra,
65,66,Bite Club,Food,Gurugram,"Powai lake ventures, Aneesh reddy, Ashish kashyap, Alok mittal",Seed Funding,4.13,,Haryana,
66,67,Biteclub,Food,Gurugram,Growx ventures,Private Equity,0.0,,Haryana,
67,68,Bizongo,B2B,Mumbai,Accel partners,Seed Funding,0.0,,Maharashtra,
68,69,Black White Orange,B2B,Mumbai,Collaborative licensing ventures llp,Seed Funding,2.5,,Maharashtra,
69,70,Black White Orange Brands,E-Commerce,Mumbai,Youwecan ventures,Seed Funding,0.0,,Maharashtra,
70,71,BlackBuck,Logistics,Bengaluru,"Tiger global management, Yuri milner, Apoletto, Accel partners, Flipkart",Private Equity,206.25,,Karnataka,
71,72,Blubox,E-Commerce,Mumbai,Ashish jhalani,Seed Funding,0.83,,Maharashtra,
72,73,Bluebirch,Technology,Bengaluru,"Chicago capital ventures, Sanjay mehta, Others",Seed Funding,16.5,,Karnataka,
73,74,Bluegape,E-Commerce,Delhi,"Ah! ventures, Times internet, Rudy gopalakrishnan",Seed Funding,4.95,,Delhi,
74,75,Bluegape,E-Commerce,Gurugram,"Rudy gopalakrishnan, Ah! ventures",Seed Funding,1.65,,Haryana,
75,76,BlueStone,E-Commerce,Bengaluru,"ivycap ventures, Accel partners, Dragoneer investment group",Private Equity,133.65,,Karnataka,
76,77,Bobble,Technology,Delhi,Saif partners & others,Private Equity,0.0,,Delhi,
77,78,BolRealty,Real Estate,Delhi,Manpreet singh,Seed Funding,0.0,,Delhi,
78,79,Bona Vita,Travel,Gurugram,Makemytrip,Private Equity,41.25,,Haryana,
79,80,Bonhomia,Lifestyle,Delhi,"Kanwaljit singh, Shripad nadkarni, Sarvesh shahra & others",Seed Funding,16.5,,Delhi,
80,81,BookEventz,Consumer Internet,Mumbai,"Mumbai angels, Singapore angel network, Zishaan hayath",Seed Funding,0.0,,Maharashtra,
81,82,BookMeIn,Services,Mumbai,Ajmera group of companies,Seed Funding,3.3,,Maharashtra,
82,83,BookMyBai,Services,Mumbai,Vineel nalla & others,Seed Funding,1.24,,Maharashtra,
83,84,Bounty App,Software,Bengaluru,"Fireside ventures, Mumbai angels mape advisory group.",Seed Funding,0.0,,Karnataka,
84,85,Box8,Delivery,Mumbai,Mayfield ventures,Private Equity,28.88,,Maharashtra,
85,86,Boxmyspace,Logistics,Mumbai,"Ritesh veera, Singapore angel network, Orios venture partners,",Seed Funding,2.48,,Maharashtra,
86,87,Brigge,Logistics,Chennai,The chennai angels,Seed Funding,0.0,,Tamil Nadu,
87,88,Briston Technomach,IoT,Delhi,,Seed Funding,1.24,,Delhi,
88,89,Bro4U,Services,Bengaluru,Sargod ventures,Seed Funding,0.0,,Karnataka,
89,90,BroEx,Real Estate,Gurugram,Lightspeed india,Private Equity,8.25,,Haryana,
90,91,Bueno,Delivery,Gurugram,High networth individuals (no details),Seed Funding,4.95,,Haryana,
91,92,Bumper,Delivery,Bengaluru,Saif partners,Seed Funding,4.13,,Karnataka,
92,93,Burger Singh,Food,Gurugram,"Ashvin chadha, Avtar monga, Udaan angels, Dheeraj jain",Seed Funding,4.13,,Haryana,
93,94,Buttercups,E-Commerce,Bengaluru,"Kanwaljit singh, Angie mahtaney, Manoj varghese",Seed Funding,0.0,,Karnataka,
94,95,Butterfly Interactive,Entertainment,Delhi,Undisclosed investors,Seed Funding,0.0,,Delhi,
95,96,BuyHatke,E-Commerce,Bengaluru,"S.gopalakrishnan, Beenos",Seed Funding,8.25,,Karnataka,
96,97,Cabsguru,Transportation,Delhi,Prashanth ranganathan,Seed Funding,1.65,,Delhi,
97,98,CAKART.in,EdTech,Bengaluru,Sunil maheshwari & group of investors,Seed Funding,0.0,,Karnataka,
98,99,CanvasFlip,Design,Hyderabad,Bessemer venture partners,Seed Funding,9.9,,Telangana,
99,100,Canvera,Consumer Internet,Bengaluru,Info edge (india) ltd,Private Equity,18.15,,Karnataka,
100,101,Capabiliti,Education,Noida,"500 startups, Smile multimedia, Kunal bahl, Rohit bansal, Girish matrubootham",Seed Funding,3.3,,Uttar Pradesh,
101,102,Capillary Tech,Cloud Tech,Delhi,"Warburg pincus, Sequoia capital, Norwest venture partners",Private Equity,371.25,,Delhi,
102,103,Capital Float,Finance,Bengaluru,"Saif partners, Sequoia capital, Aspada",Private Equity,107.25,,Karnataka,
103,104,Capricoast,Travel,Bengaluru,"Accel partners india, Rb investments",Private Equity,28.88,,Karnataka,
104,105,Capricoast,Travel,Bengaluru,Accel partners india,Seed Funding,10.31,,Karnataka,
105,106,Caratlane,Personal Care,Chennai,Tiger global,Private Equity,255.75,,Tamil Nadu,
106,107,Caravan Craft,Households,Bengaluru,"Unitus seed fund, Bijou kurien, Narayan ramachandran",Private Equity,9.9,,Karnataka,
107,108,Caravan Craft,Households,Bengaluru,"Unitus seed fund\\nnarayan ramachandran, Bijou kurien",Seed Funding,4.13,,Karnataka,
108,109,CarDekho,Automotive,Jaipur,"Hillhouse capital, Tybourne capital",Private Equity,412.5,,Rajasthan,
109,110,CarDekho,Automotive,Jaipur,Hdfc bank,Private Equity,0.0,,Rajasthan,
110,111,Care24,Healthcare,Mumbai,India quotient,Seed Funding,2.89,,Maharashtra,
111,112,Carl's Jr,Personal Care,Gurugram,Youwecan ventures,Seed Funding,5.2,,Haryana,
112,113,CaRPM,Transportation,Gurugram,Ghv accelerator,Seed Funding,0.83,,Haryana,
113,114,Cartisan,Delivery,Bengaluru,"Youwecan ventures,  aprameya radhakrishna",Seed Funding,0.0,,Karnataka,
114,115,CarTrade,Automotive,Mumbai,Chip perry,Private Equity,0.0,,Maharashtra,
115,116,Casa2inns,Hospitality,Delhi,"Accel partners, Kalaari capital",Private Equity,41.25,,Delhi,
116,117,CashKaro,FinTech,Gurugram,Kalaari capital,Private Equity,30.53,,Haryana,
117,118,CBREX,Services,Mumbai,"Prahlad rao, Sundara rajan, Vikram chachra",Seed Funding,1.65,,Maharashtra,
118,119,CBS,Media,Mumbai,Hyderabad angels (at startup heroes event),Seed Funding,0.13,,Maharashtra,
119,120,Chaayos,Food,Delhi,Tiger global management,Private Equity,8.25,,Delhi,
120,121,Chai Point,Food,Bengaluru,Eight roads ventures,Private Equity,82.5,,Karnataka,
121,122,Changer Mints,Food,Kolkata,Hyderabad based investor,Seed Funding,1.36,,West Bengal,
122,123,ChargeBee,FinTech,Chennai,"Tiger global, Accel partners",Private Equity,41.25,,Tamil Nadu,
123,124,Chargein,FinTech,Bengaluru,Pittie group,Seed Funding,0.83,,Karnataka,
124,125,Chefs Basket,Food,Mumbai,"Saif partners, Haresh chawla",Private Equity,49.5,,Maharashtra,
125,126,Chillr,FinTech,Mumbai,"Sequoia capital, Blume ventures, Uniqorn ventures and other",Private Equity,577.5,,Maharashtra,
126,127,Chillr,FinTech,Mumbai,Sequoia capital,Private Equity,49.5,,Maharashtra,
127,128,Chloroplast Foods,Food,Mumbai,Group of angel investors,Seed Funding,0.14,,Maharashtra,
128,129,CimplyFive,Technology,Bengaluru,"Suresh senapaty, Tv mohandas pai",Seed Funding,0.0,,Karnataka,
129,130,Citrus Payment,FinTech,Mumbai,"Sequoia capital, Ascent capital, Econtext asia, Beenos asia",Private Equity,206.25,,Maharashtra,
130,131,CityFlo,Transportation,Mumbai,Idg ventures,Seed Funding,6.19,,Maharashtra,
131,132,CityFurnish,Households,Gurugram,Jitendra gupta,Seed Funding,0.0,,Haryana,
132,133,Clapsnslaps,Media,Mumbai,R m picture company pvt. ltd.,Seed Funding,1.24,,Maharashtra,
133,134,ClearTax,FinTech,Delhi,Paytm (one97 communications),Private Equity,0.0,,Delhi,
134,135,CleverSharks,Technology,Bengaluru,Group of angel investors,Seed Funding,0.14,,Karnataka,
135,136,Clonect Solutions,Technology,Bengaluru,"V balakrishnan, T v mohandas pai, Bc prabhakar",Seed Funding,2.06,,Karnataka,
136,137,Cloud Lending,FinTech,Bengaluru,Sf capital group,Private Equity,66.0,,Karnataka,
137,138,CloudCherry,Cloud Tech,Chennai,"The chennai angels, Idg ventures india",Seed Funding,8.25,,Tamil Nadu,
138,139,Clovia,Personal Care,Delhi,Ivycap ventures,Private Equity,41.25,,Delhi,
139,140,CollateBox,E-Commerce,Pune,Letsventure,Seed Funding,1.49,,Maharashtra,
140,141,Collectabillia,E-Commerce,Bengaluru,Accel partners,Private Equity,61.88,,Karnataka,
141,142,CollegeDekho,EdTech,Jaipur,Girnarsoft,Seed Funding,8.25,,Rajasthan,
142,143,Commeasure,Data Analytics,Noida,Jungle ventures,Seed Funding,8.25,,Uttar Pradesh,
143,144,Commonfloor,Real Estate,Bengaluru,Google capital,Private Equity,41.25,,Karnataka,
144,145,ConfirmtTkt,Travel,Bengaluru,Pravin agarwala & others,Seed Funding,0.0,,Karnataka,
145,146,Connect India,Logistics,Delhi,Aavishkaar,Private Equity,41.25,,Delhi,
146,147,ConnectAbank,Finance,Mumbai,Prakhar bumb,Seed Funding,0.0,,Maharashtra,
147,148,Convegenius,Internet,Noida,Enablers platform,Seed Funding,2.48,,Uttar Pradesh,
148,149,Cooey,Healthcare,Bengaluru,Subhash goyal,Seed Funding,3.88,,Karnataka,
149,150,Coolshare,Transportation,Mumbai,Gopal aggarwal,Seed Funding,0.83,,Maharashtra,
150,151,Corporate360,Data Analytics,Kochi,Group of angel investors,Seed Funding,1.65,,Kerala,
151,152,couponmachine.in,Finance,Delhi,Uk based group of angel investors,Seed Funding,1.16,,Delhi,
152,153,CouponRaja,Finance,Mumbai,"Mahesh pratapneni, Pallab chatterjee & others",Seed Funding,4.13,,Maharashtra,
153,154,CoverFox,FinTech,Mumbai,"Accel us, Accel india, Saif partners.",Private Equity,99.0,,Maharashtra,
154,155,CoverFox,FinTech,Mumbai,Cataraman ventures,Private Equity,16.5,,Maharashtra,
155,156,Craftstvilla,E-Commerce,Mumbai,"Sequoia capital, Nexus venture partners, Lightspeed ventures, Gfc",Private Equity,148.5,,Maharashtra,
156,157,CraftsVilla,E-Commerce,Mumbai,"Sequoia india, Lightspeed venture partners, Nexus venture partners, Global founders capital, Apoletto",Private Equity,280.5,,Maharashtra,
157,158,Crayon Data,Data Analytics,Chennai,Ratan tata,Private Equity,0.0,,Tamil Nadu,
158,159,CrediHealth,Healthcare,Gurugram,Rajat malhotra,Seed Funding,0.0,,Haryana,
159,160,Credit Mantri,FinTech,Chennai,"Idg ventures india, Elevar equity, Accion venture lab",Private Equity,20.63,,Tamil Nadu,
160,161,CredR,Automotive,Mumbai,Eight road ventures,Private Equity,123.75,,Maharashtra,
161,162,CredR,Automotive,Mumbai,Growthstory,Seed Funding,0.0,,Maharashtra,
162,163,Crowdfire (formerly Justunfollow),Marketing,Mumbai,Kalaari capital,Private Equity,20.63,,Maharashtra,
163,164,CrownIt,Services,Gurugram,"Accel partners, Helion venture partners",Private Equity,45.38,,Haryana,
164,165,Cube26,Technology,Delhi,"Tiger global management, Flipkart",Private Equity,63.53,,Delhi,
165,166,Cubito,E-Commerce,Bengaluru,Sol primero,Seed Funding,1.32,,Karnataka,
166,167,Cuelearn,EdTech,Delhi,Alok mittal,Seed Funding,0.0,,Delhi,
167,168,Culture Machine,Entertainment,Mumbai,"Tiger global, Times internet, Zodius capital",Private Equity,148.5,,Maharashtra,
168,169,CultureAlley,Education,Jaipur,Tiger global,Private Equity,53.63,,Rajasthan,
169,170,Cupick,Technology,Bengaluru,Group of angel investors from us/india,Seed Funding,0.99,,Karnataka,
170,171,CureJoy,Healthcare,Bengaluru,"Accel partners, Subrata mitra, Larry braitman, Venk krishna",Private Equity,9.49,,Karnataka,
171,172,Curofy,Healthcare,Delhi,Roundglass partners,Private Equity,0.0,,Delhi,
172,173,Customer360,Data Analytics,Mumbai,Vishwas patel,Seed Funding,0.0,,Maharashtra,
173,174,CustomFurnish,Households,Hyderabad,Agnus capital,Private Equity,37.13,,Telangana,
174,175,CustomFurnish,Households,Hyderabad,"Madhukar gangadi, Satish reddy, Srini raju, Srini koppolu & sidbi",Private Equity,20.63,,Telangana,
175,176,Daily Rounds,Healthcare,Bengaluru,"Kae capital, Gsf, Teruhide sato",Seed Funding,4.13,,Karnataka,
176,177,DailyNinja,E-Commerce,Bengaluru,"Aprameya radhakrishna, Naman sarawagi, Afsal salu,",Seed Funding,0.0,,Karnataka,
177,178,Dazo,Food,Bengaluru,"Sumit jain, Aprameya radhakrishna, Alok goel, Rajan anandan, Amit agrawal, Vinay goel, Gaurav munjal, Ashish dev kapur",Seed Funding,0.0,,Karnataka,
178,179,Dealwithus,E-Commerce,Gurugram,Group of angel investors,Seed Funding,0.14,,Haryana,
179,180,deGustibus,Food,Mumbai,India value fund advisors,Private Equity,247.5,,Maharashtra,
180,181,Delight Foods,Food,Bengaluru,"Lensbridge capital, Mape advisory group, Fireside ventures",Private Equity,4.95,,Karnataka,
181,182,Deyor Rooms,Consumer Internet,Gurugram,Dheeraj jain & others,Seed Funding,4.13,,Haryana,
182,183,DiabetOmics,Healthcare,Hyderabad,"Ventureeast,  varaprasad reddy",Private Equity,41.25,,Telangana,
183,184,Didi,Transportation,Mumbai,"Jozef bardik, Leo wang sangeeth ram",Seed Funding,1.24,,Maharashtra,
184,185,Digital Gorkha,Media,Bengaluru,Ramesh kavediya,Seed Funding,1.37,,Karnataka,
185,186,DishCo,Food,Mumbai,"Anand mahindra, Uday punj, Ashish hemrajani, Sanjeev mehra",Seed Funding,0.0,,Maharashtra,
186,187,Djubo,Cloud Tech,Delhi,Ibibo group,Private Equity,0.0,,Delhi,
187,188,DocPlexus,Healthcare,Pune,"Uniqorn ventures, Asp consulting",Seed Funding,5.78,,Maharashtra,
188,189,Doctor Insta,Healthcare,Gurugram,"Rishi parti, Brahmax ventures",Private Equity,4.13,,Haryana,
189,190,Doormint,Services,Mumbai,"Helion venture partners, Kalaari capital",Private Equity,24.75,,Maharashtra,
190,191,Doormint,Services,Mumbai,Powai lake ventures,Seed Funding,0.0,,Maharashtra,
191,192,Drivestream,Technology,Bengaluru,Wipro,Private Equity,41.25,,Karnataka,
192,193,Droom,E-Commerce,Gurugram,"Lightbox ventures, Beenos",Private Equity,132.0,,Haryana,
193,194,DropKaffe,Food,Bengaluru,"Manish singhal, P39 capital & others",Seed Funding,2.48,,Karnataka,
194,195,EarlySalary,FinTech,Pune,Ashok agarwal,Seed Funding,12.38,,Maharashtra,
195,196,EasyFix,Services,Gurugram,Axilor ventures,Seed Funding,0.0,,Haryana,
196,197,EasyKhaana,Delivery,Delhi,Undisclosed investors,Seed Funding,0.83,,Delhi,
197,198,EasyRewardz,FinTech,Mumbai,"Wealth first, Ashneer grover, Atul phadnis",Private Equity,4.13,,Maharashtra,
198,199,Eat.Shop.Love,Personal Care,Bengaluru,Undisclosed investor,Private Equity,28.88,,Karnataka,
199,200,Eatfresh,Food,Bengaluru,Kalaari capital,Private Equity,0.0,,Karnataka,
200,201,Eatlo,Delivery,Bengaluru,"Powai lake ventures, Globeinvestor, Abhishekh goyal",Seed Funding,0.0,,Karnataka,
201,202,Eattreatonline,Food,Delhi,Group of 15 angel investors,Seed Funding,2.89,,Delhi,
202,203,Eazy Coach,Education,Kolkata,Ravi agarwal,Seed Funding,0.0,,West Bengal,
203,204,EazyDiner,Consumer Internet,Gurugram,"Dsg consumer partners, Saama capital",Private Equity,24.75,,Haryana,
204,205,EazyDiner,Consumer Internet,Delhi,"Deepak shahdadpuri, Gulpreet kohli",Seed Funding,0.0,,Delhi,
205,206,Eckovation,Technology,Delhi,Chandigarh angel network (can),Seed Funding,0.0,,Delhi,
206,207,Ecom Express,Logistics,Delhi,Warburg pincus,Private Equity,1130.25,,Delhi,
207,208,Edu4Share,Education,Delhi,Nalin jain & other angel investors,Seed Funding,1.82,,Delhi,
208,209,EduKart,EdTech,Delhi,"Holostik group, Youwecan ventures, 500 startups, Vijay shekhar sharma, Manish kheterpal, Amit patni",Private Equity,8.25,,Delhi,
209,210,eKincare,Healthcare,Hyderabad,Adroitent pvt. ltd.,Seed Funding,1.33,,Telangana,
210,211,Elanic,E-Commerce,Bengaluru,"Rebright partners, Tracxn labs, Aneesh reddy",Seed Funding,0.0,,Karnataka,
211,212,elong,Data Analytics,Bengaluru,"Kunal bahl, Rohit bansal, Blume ventures, Phanindra sama, Raju reddy",Private Equity,41.25,,Karnataka,
212,213,Enabli,Technology,Bengaluru,Hyderabad angels (at startup heroes event),Seed Funding,0.13,,Karnataka,
213,214,Englishleap,Education,Gurugram,Analec,Private Equity,0.0,,Haryana,
214,215,Entropy Innovations,Technology,Mumbai,Mark mobius & 9 other angel investors,Seed Funding,0.0,,Maharashtra,
215,216,Envoged,Personal Care,Mumbai,"Ankush nijhawan, Manish dhingra, Gaurav bhatnagar",Seed Funding,0.0,,Maharashtra,
216,217,ePoise,Technology,Bengaluru,"Orios venture partners, Amit ranjan & others",Seed Funding,4.13,,Karnataka,
217,218,ePoise,Technology,Bengaluru,,Seed Funding,0.0,,Karnataka,
218,219,eSadar,E-Commerce,Delhi,"Neha vats, Gaurav vats",Seed Funding,0.66,,Delhi,
219,220,etaout,E-Commerce,Noida,"Amit ranjan, Vijay shekhar sharma, Kunal bahl, Girish mathrubootham & group of other angel investors",Seed Funding,4.13,,Uttar Pradesh,
220,221,EureQa,Technology,Hyderabad,"Sashi reddi, Gabriel investments",Seed Funding,4.95,,Telangana,
221,222,EveningFlavors,Food,Bengaluru,Sandiep shrivatsava,Seed Funding,4.13,,Karnataka,
222,223,Explara,Event Management,Pune,"Hyderabad angels, Singapore angel network, Ness wadia",Private Equity,4.04,,Maharashtra,
223,224,Eywa Media,Media,Bengaluru,"Ah! ventures, Viktor koenig pe fund, Mantra ventures",Seed Funding,8.25,,Karnataka,
224,225,Ezetap,FinTech,Bengaluru,"Horizons ventures, Capricorn investment group, Social+capital, Helion advisors, Berggruen holdings",Private Equity,206.25,,Karnataka,
225,226,EzySolare,Technology,Ahmedabad,Infuse ventures,Seed Funding,0.0,,Gujarat,
226,227,Faasos,Food,Pune,"Ru-net, Sequoia capital,  lightbox ventures",Private Equity,247.5,,Maharashtra,
227,228,Faasos,Food,Pune,Lightbox ventures,Private Equity,165.0,,Maharashtra,
228,229,Faaya,Personal Care,Delhi,Group of angel investors,Seed Funding,0.14,,Delhi,
229,230,Faircent,FinTech,Gurugram,M&s partners pte. ltd,Seed Funding,2.06,,Haryana,
230,231,Faircent,FinTech,Gurugram,Aarin capital partners,Private Equity,0.0,,Haryana,
231,232,Fashionove,Personal Care,Kolkata,Umesh yadav,Seed Funding,0.0,,West Bengal,
232,233,Fastudent,Education,Noida,Ashish gupta,Seed Funding,0.0,,Uttar Pradesh,
233,234,FindYahan,Services,Gurugram,"Karan bajwa, Parvesh bareja, Sunjay kapur, Amanpreet bajaj",Seed Funding,0.0,,Haryana,
234,235,Fintellix,Banking,Bengaluru,"Idg ventures, Sequoia capital",Private Equity,123.75,,Karnataka,
235,236,FirstCry,E-Commerce,Pune,Valiant capital partners,Private Equity,214.5,,Maharashtra,
236,237,FirstCry,E-Commerce,Pune,"Silicon valley ventures, Nea ventures, Valiant capital, Idg ventures india,  saif partners, Vertex ventures",Private Equity,82.5,,Maharashtra,
237,238,FirstTouch,Technology,Gurugram,"Kunal bahl, Rohit bansal, Pranay chulet, Naveen tiwari, Amit gupta, Mayank singhal",Seed Funding,0.0,,Haryana,
238,239,Fitcircle,Healthcare,Mumbai,Beerud sheth and ravi mantha,Seed Funding,0.0,,Maharashtra,
239,240,FitMeIn,Consumer Internet,Delhi,Green house ventures,Seed Funding,0.83,,Delhi,
240,241,Fitraq,Healthcare,Gurugram,Tarun arora,Seed Funding,1.24,,Haryana,
241,242,Fitternity,Consumer Internet,Mumbai,Exfinity venture partners,Private Equity,8.25,,Maharashtra,
242,243,Fixy,Services,Mumbai,Venturenursery,Seed Funding,0.0,,Maharashtra,
243,244,Flashdoor,Real Estate,Bengaluru,"Sujeet kumar, Ankit nagori, Traxcn labs",Seed Funding,0.0,,Karnataka,
244,245,Flatchat,Technology,Bengaluru,Commonfloor,Private Equity,20.63,,Karnataka,
245,246,Flatpebble,Services,Hyderabad,Indian angel network,Seed Funding,4.95,,Telangana,
246,247,FleetRover,Logistics,Goa,"Tim chen, Sanjay venkat",Seed Funding,1.49,,Goa,
247,248,Flexing It,Sports,Delhi,Undisclosed private investors,Seed Funding,4.13,,Delhi,
248,249,Flipkart,E-Commerce,Bengaluru,Steadview capital and existing investors,Private Equity,5775.0,,Karnataka,
249,250,Flipkart,E-Commerce,Bengaluru,Morgan stanley,Private Equity,412.5,,Karnataka,
250,251,Flytxt,Marketing,Mumbai,"Sunrise capital gmbh, Big data investments b.v",Private Equity,90.75,,Maharashtra,
251,252,Focus Digit,E-Commerce,Delhi,Turning ideas,Seed Funding,0.0,,Delhi,
252,253,FoodAbhi,Food,Mumbai,Group of angel investors,Seed Funding,0.0,,Maharashtra,
253,254,Foodpanda,Food,Gurugram,Rocket internet ag & others,Private Equity,907.5,,Haryana,
254,255,Foodpanda,Food,Gurugram,"Goldman sachs, Rocket internet",Private Equity,825.0,,Haryana,
255,256,FoodTalkIndia,Food,Gurugram,Undisclosed investor,Seed Funding,4.13,,Haryana,
256,257,Footprints Education,Education,Gurugram,"letsventure, Kumar bansal, Kshitij jain",Seed Funding,5.65,,Haryana,
257,258,Fourseven,Personal Care,Delhi,Indian angel network,Seed Funding,3.75,,Delhi,
258,259,Fourth Partner Energy,Energy,Hyderabad,"Infuse ventures, The chennai angels",Private Equity,16.5,,Telangana,
259,260,Fracktal Works,Technology,Bengaluru,Neoteric infomatique limited,Private Equity,24.75,,Karnataka,
260,261,Frankly,Media,Mumbai,Matrix partners,Seed Funding,4.95,,Maharashtra,
261,262,FreeCharge,FinTech,Mumbai,"Valiant capital, Tybourne capital, Sequoia capital, Runet and sofina",Private Equity,660.0,,Maharashtra,
262,263,Freshdesk,Technology,Chennai,"Tiger global, Google capital & accel partners",Private Equity,412.5,,Tamil Nadu,
263,264,Freshmonk,Healthcare,Bengaluru,"August capital partners, Michael blakey",Seed Funding,0.0,,Karnataka,
264,265,FreshWorld,Food,Bengaluru,"Kris gopalakrishnan, Nagaraja prakasam",Seed Funding,0.0,,Karnataka,
265,266,Frsh,Delivery,Chennai,"Mumbai angels, Mayank bhangdia, Kae capital",Private Equity,8.25,,Tamil Nadu,
266,267,Frsh,Delivery,Chennai,"India quotient, Kae capital",Seed Funding,4.27,,Tamil Nadu,
267,268,FundsIndia,Finance,Chennai,"Faering capital, Foundation capital, Inventus capital partners",Private Equity,90.75,,Tamil Nadu,
268,269,Furdo,Services,Bengaluru,Bhavdeep reddy,Seed Funding,3.3,,Karnataka,
269,270,Furlenco,E-Commerce,Bengaluru,Lightbox ventures,Private Equity,49.5,,Karnataka,
270,271,Fusion Microfinance,Finance,Delhi,"Development finance institution belgian investment company, Oikocredit",Private Equity,70.95,,Delhi,
271,272,Fxkart,FinTech,Bengaluru,"Dr mushtaq shah, Dr faraz naqvi",Seed Funding,16.5,,Karnataka,
272,273,FXMartIndia,FinTech,Chandigarh,Flipkart,Private Equity,0.0,,Chandigarh,
273,274,FYNE,Healthcare,Bengaluru,Sandeep dama & others,Seed Funding,0.0,,Karnataka,
274,275,Gaana,Entertainment,Mumbai,Micromax informatics ltd,Private Equity,0.0,,Maharashtra,
275,276,Gadgets 360,Transportation,Delhi,One97 communications,Private Equity,0.0,,Delhi,
276,277,Gadgetwood,Electronics,Delhi,"Ajai chowdhry, Ashvin chadha, Yogesh bansal, \\nnitin singhal & others",Seed Funding,1.65,,Delhi,
277,278,GameXS.in,Entertainment,Delhi,Lead angels,Seed Funding,0.0,,Delhi,
278,279,GetFocus,Technology,Mumbai,Undisclosed investors,Seed Funding,0.0,,Maharashtra,
279,280,GetMyPeon,Services,Mumbai,Undisclosed investors,Seed Funding,2.06,,Maharashtra,
280,281,getNow,E-Commerce,Nagpur,Atulya mittal,Seed Funding,0.0,,Maharashtra,
281,282,GIBBS,Consumer Goods,Mumbai,Infuse ventures fund,Private Equity,0.0,,Maharashtra,
282,283,GIBSS,Consumer Goods,Mumbai,"Responsability investments, Infuse ventures",Private Equity,0.0,,Maharashtra,
283,284,Gingercrush,E-Commerce,Vadodara,"Gokul jaykrishna, Brand capital",Seed Funding,8.25,,Gujarat,
284,285,Gingercrush,E-Commerce,Vadodara,Tv mohandas pai's family office,Seed Funding,0.0,,Gujarat,
285,286,Glamrs,Personal Care,Mumbai,"Ventureworks india, Blume ventures, Batlivala & karani securities, Nikunj jhaveri",Private Equity,8.25,,Maharashtra,
286,287,Glowship,Energy,Bengaluru,Infuse ventures,Seed Funding,0.0,,Karnataka,
287,288,Godof Hospitals,Healthcare,Delhi,Pankaj gupta,Seed Funding,16.5,,Delhi,
288,289,GoJavas,Logistics,Gurugram,Snapdeal,Private Equity,165.0,,Haryana,
289,290,GoJavas,Logistics,Gurugram,Snapdeal,Private Equity,0.0,,Haryana,
290,291,GolfLAN,Sports,Delhi,Yournest angel fund,Seed Funding,0.0,,Delhi,
291,292,Goodbox,E-Commerce,Bengaluru,Nexus venture partners,Private Equity,20.63,,Karnataka,
292,293,Goodbox,E-Commerce,Bengaluru,Manipal group,Seed Funding,1.65,,Karnataka,
293,294,Goodservice,Services,Delhi,Sequoia capital,Private Equity,13.2,,Delhi,
294,295,GOQii,Healthcare,Mumbai,"New enterprise associates, Cheetah mobile",Private Equity,110.55,,Maharashtra,
295,296,GOQii,Healthcare,Mumbai,Vijay shekhar sharma,Private Equity,0.0,,Maharashtra,
296,297,Gozoomo,Transportation,Bengaluru,Saif partners,Private Equity,41.25,,Karnataka,
297,298,Grab,Delivery,Mumbai,"Oliphans capital, Haresh chawla",Seed Funding,8.25,,Maharashtra,
298,299,Grab,Delivery,Mumbai,Sixth sense ventures,Seed Funding,0.0,,Maharashtra,
299,300,Grabhouse,Real Estate,Bengaluru,Sequoia and kalaari capital.,Private Equity,82.5,,Karnataka,
300,301,Grabhouse,Real Estate,Mumbai,"Kalaari capital, Sequoia capital",Private Equity,20.63,,Maharashtra,
301,302,GrandOpinion,Media,Delhi,Florida based angel investor,Seed Funding,1.24,,Delhi,
302,303,Graphene,Technology,Mumbai,Karsemven fund,Private Equity,6.81,,Maharashtra,
303,304,Graphic India,Media,Bengaluru,"Ca media lp,  start media.",Seed Funding,23.1,,Karnataka,
304,305,Grex,E-Commerce,Pune,"Kunal bajaj, Chandru badrinarayanan",Seed Funding,5.36,,Maharashtra,
305,306,Grey Orange,Technology,Gurugram,Tiger global management,Private Equity,247.5,,Haryana,
306,307,Gridle,Cloud Tech,Ahmedabad,Letsventure,Seed Funding,0.83,,Gujarat,
307,308,Grofers,E-Commerce,Gurugram,"Softbank, Tiger global, Sequoia capital, Apoletto managers",Private Equity,990.0,,Haryana,
308,309,Grofers,E-Commerce,Gurugram,"Tiger global, Sequoia capital",Private Equity,288.75,,Haryana,
309,310,Grofers,E-Commerce,Gurugram,"Tiger global management, Sequoia capital india",Private Equity,82.5,,Haryana,
310,311,Groupon India,E-Commerce,Gurugram,Sequoia capital,Private Equity,165.0,,Haryana,
311,312,Guiddoo World,Travel,Mumbai,"Pawan borle, Svp fly dubai & others",Seed Funding,0.0,,Maharashtra,
312,313,GuruG Learning,Education,Bengaluru,India educational investment fund,Seed Funding,0.0,,Karnataka,
313,314,Gympik,Healthcare,Bengaluru,"Tom clausen, Rohan ajila, Haldyn glass",Seed Funding,1.11,,Karnataka,
314,315,GymTrekker,Personal Care,Mumbai,"Dewang neralla, Roopak taneja, Manisha gupta",Seed Funding,0.0,,Maharashtra,
315,316,HackerRank,Education,Bengaluru,Hr technology fund,Private Equity,61.88,,Karnataka,
316,317,HandyHome,Technology,Mumbai,"Bessemer ventures, Kae capital",Seed Funding,5.2,,Maharashtra,
317,318,Hansa Customer Equity,IT,Mumbai,Ask pravi,Private Equity,41.25,,Maharashtra,
318,319,happay,FinTech,Bengaluru,Angelprime,Seed Funding,4.13,,Karnataka,
319,320,Happitoo,Travel,Mumbai,Unnamed investor,Seed Funding,0.64,,Maharashtra,
320,321,Harness Handitouch,Technology,Bengaluru,Armat group,Private Equity,0.0,,Karnataka,
321,322,HeadOut,Travel,Bengaluru,"Version one ventures, 500 startups, Nexus venture partners and arena ventures",Seed Funding,14.85,,Karnataka,
322,323,Healers At Home,Healthcare,Delhi,"Daljit singh, Dr. pramath raj sinha, Bvr mohan reddy",Seed Funding,0.0,,Delhi,
323,324,Healthians,Healthcare,Gurugram,Youwecan ventures,Seed Funding,0.0,,Haryana,
324,325,HealthifyMe,Healthcare,Bengaluru,"Gopal srinivasan, Sashi reddy, Amit gupta, Pallav nadhani",Private Equity,0.0,,Karnataka,
325,326,HealthyWorld.in,Healthcare,Gurugram,Group of angel investors,Seed Funding,1.65,,Haryana,
326,327,HeyBiz,Services,Delhi,Shopclues,Seed Funding,0.0,,Delhi,
327,328,HeyPillow,Home & Lifestyle,Bengaluru,Hampton capital,Private Equity,24.75,,Karnataka,
328,329,HiJinny,Personal Care,Mumbai,Cmyk health boutique pvt ltd & other individual investors,Seed Funding,0.0,,Maharashtra,
329,330,Hipship,Delivery,Bengaluru,"Inara capital, Rishi khiani",Seed Funding,0.0,,Karnataka,
330,331,Hitwicket,Entertainment,Hyderabad,Chennai angels,Seed Funding,2.06,,Telangana,
331,332,Holachef,Delivery,Mumbai,"Kalaari capital, India quotient",Private Equity,25.58,,Maharashtra,
332,333,HolaChef,Delivery,Mumbai,India quotient,Seed Funding,2.68,,Maharashtra,
333,334,HolaChef,Delivery,Mumbai,Ratan tata,Private Equity,0.0,,Maharashtra,
334,335,HolidayIQ,Travel,Bengaluru,Makemytrip,Private Equity,123.75,,Karnataka,
335,336,Holidify,Travel,Delhi,Aarti group,Seed Funding,0.83,,Delhi,
336,337,Holisol Logistics,Logistics,Delhi,Clsa capital partners aria iv funds,Private Equity,82.5,,Delhi,
337,338,HomeLane,Design,Bengaluru,Sequoia capital,Private Equity,412.5,,Karnataka,
338,339,HomeLane,Design,Bengaluru,"Sequoia capital, Ranjan pai, Mohandas pai & others",Private Equity,37.13,,Karnataka,
339,340,Homers.in,Services,Gurugram,"Devesh rai g, Rajesh aggarwal, Amitpal bhutani",Seed Funding,0.0,,Haryana,
340,341,HomeStudio,Services,Bengaluru,Bren corporation,Private Equity,41.25,,Karnataka,
341,342,Hopping Chef,Food,Mumbai,Mirah hospitality,Seed Funding,3.88,,Maharashtra,
342,343,Hopscotch,E-Commerce,Mumbai,Eduardo saverin & velos capital,Private Equity,90.75,,Maharashtra,
343,344,Hostel Dunia,Services,Bengaluru,Hyderabad angels (at startup heroes event),Seed Funding,0.13,,Karnataka,
344,345,Hotify,Media,Bengaluru,Mahavir pratap sharma,Seed Funding,1.24,,Karnataka,
345,346,Housejoy,Services,Bengaluru,"Amazon, Vertex ventures, Qualcomm, Ru-net technology partners, Matrix partners",Private Equity,185.63,,Karnataka,
346,347,Housejoy,Services,Bengaluru,Matrix partners,Private Equity,33.0,,Karnataka,
347,348,Hugefly,E-Commerce,Pune,Mayank singhal and others,Seed Funding,0.0,,Maharashtra,
348,349,HyperVerge,Cloud Tech,Chennai,"Nea, Milliways ventures, Naya ventures",Seed Funding,8.25,,Tamil Nadu,
349,350,i2e1,Internet,Delhi,Growx ventures,Seed Funding,4.13,,Delhi,
350,351,iamwire,Media,Gurugram,"Li tao, Li jian, Draphant consultants, Nitin garg, Saurabh jain, Mohit agarwal",Seed Funding,0.0,,Haryana,
351,352,Icertis,Consumer Internet,Pune,"Greycroft partners, Fidelity growth partners",Private Equity,49.5,,Maharashtra,
352,353,iChef.in,Food,Mumbai,Springboard ventures,Private Equity,0.0,,Maharashtra,
353,354,iCrushiFlush,Waste Management,Mumbai,Idg ventures india,Seed Funding,0.0,,Maharashtra,
354,355,iCustomadeit,E-Commerce,Pune,Group of angel investors,Seed Funding,2.06,,Maharashtra,
355,356,IDfy,FinTech,Mumbai,"Nea, Blume ventures & others",Private Equity,0.0,,Maharashtra,
356,357,iDreamCareer,EdTech,Delhi,"Ah! ventures, Vivek joshi, Mohit satyanand & others",Seed Funding,0.0,,Delhi,
357,358,IFMR Holdings,Finance,Chennai,"Accion, Leapfrog investments, Lok capital",Private Equity,206.25,,Tamil Nadu,
358,359,Ignis Careers,Services,Hyderabad,Acumen fund,Seed Funding,2.06,,Telangana,
359,360,iMMi Life,Healthcare,Chennai,Unitus seed fund,Seed Funding,0.0,,Tamil Nadu,
360,361,Impartus,EdTech,Mumbai,Kaizen private equity,Private Equity,0.0,,Maharashtra,
361,362,Inayo,Delivery,Mumbai,"Kemark ventures, Amit ranjan, Zishaan hayath and others",Seed Funding,2.48,,Maharashtra,
362,363,IndiaLends,FinTech,Delhi,"Dsg consumer partners, Paragon partners",Private Equity,8.25,,Delhi,
363,364,IndiaLends,FinTech,Delhi,"Dsg consumer partners, Siddharth parekh",Private Equity,0.0,,Delhi,
364,365,IndianRoots,E-Commerce,Gurugram,Kjs group,Private Equity,41.25,,Haryana,
365,366,Indifi,FinTech,Gurugram,"Accel partners, Elevar equity, Pramod bhasin, Rajan anandan, Gaurav dalmia, Abhishek goyal, Gagan hasteer, Arun tadanki",Seed Funding,0.0,,Haryana,
366,367,Indix,Software,Chennai,"Nokia growth partners, Nexus venture partners, Avalon ventures",Private Equity,123.75,,Tamil Nadu,
367,368,IndustryBuying,E-Commerce,Delhi,"Kalaari capital, Saif partners, Beenextan investment fund",Private Equity,75.9,,Delhi,
368,369,IndustryBuying,E-Commerce,Delhi,Saif partners,Private Equity,16.5,,Delhi,
369,370,Industrybuying,E-Commerce,Delhi,"Murugappa group, Tvs group, Vellayan subbiah, Arathi krishna, Arun venkatachalam",Seed Funding,0.0,,Delhi,
370,371,Infinite Analytics,Data Analytics,Mumbai,"Ratan tata, Nikhil vora & others",Private Equity,0.0,,Maharashtra,
371,372,Infinity Assurance,Finance,Delhi,indian angel network,Seed Funding,4.95,,Delhi,
372,373,Infogain,IT,Delhi,Chryscapital,Private Equity,519.75,,Delhi,
373,374,Infoworks,Data Analytics,Bengaluru,"Nexus venture partners, Knoll ventures and others",Private Equity,41.25,,Karnataka,
374,375,Inkmonk,E-Commerce,Chennai,"Girish mathrubootham, Phanindra sama, Vikram chachra, Others from letsventure",Seed Funding,2.06,,Tamil Nadu,
375,376,Inmobi,Marketing,Bengaluru,Tennenbaum capital partners & others,Private Equity,825.0,,Karnataka,
376,377,InnerChef,Food,Gurugram,"Phanindra sama, Anupam mittal, Vijay shekhar sharma, Vishal gondal, Sateesh andara & others",Private Equity,14.44,,Haryana,
377,378,Innovaccer,Technology,Noida,"Rajan anandan, Teru sato, Aneesh reddy, Venkatesh valluri",Seed Funding,0.0,,Uttar Pradesh,
378,379,Innoviti,FinTech,Bengaluru,"Catamaran ventures, New india investment corporation",Private Equity,40.01,,Karnataka,
379,380,Inspirock,Travel,Gurugram,Makemytrip innovation fund,Private Equity,0.0,,Haryana,
380,381,InstaBounce,Logistics,Mumbai,Group of angel investors,Seed Funding,0.14,,Maharashtra,
381,382,InstaLively,Technology,Delhi,Group of angel investors,Seed Funding,0.99,,Delhi,
382,383,InstaLively,Technology,Delhi,"Anupam mittal, Anand chandrasekaran, Uday shankar, Chetan bhagat",Seed Funding,0.0,,Delhi,
383,384,InstaSafe,Technology,Bengaluru,Group of investors,Seed Funding,0.0,,Karnataka,
384,385,Instavans,Logistics,Bengaluru,Suresh vaswani,Seed Funding,0.0,,Karnataka,
385,386,Intelligence Node,Data Analytics,Mumbai,"New enterprise associates, Orios venture partners",Private Equity,34.65,,Maharashtra,
386,387,Intelligent Interfaces,AI,Bengaluru,"Sachin bansal, Binny bansal",Seed Funding,0.0,,Karnataka,
387,388,Intruo,Technology,Bengaluru,"Ashutosh lawania, Alok goel & others",Seed Funding,0.0,,Karnataka,
388,389,iOrderFresh,Delivery,Delhi,Best foodworks,Seed Funding,0.0,,Delhi,
389,390,IQlect,Data Analytics,Bengaluru,Exfinity venture partners,Private Equity,16.5,,Karnataka,
390,391,iSTAR,Technology,Bengaluru,Unitus seed fund,Private Equity,0.0,,Karnataka,
391,392,iStar Skill Development,Education,Bengaluru,"Michael & susan dell foundation, Unitus seed fund",Private Equity,12.38,,Karnataka,
392,393,iTraveller,Travel,Bengaluru,Ah! ventures,Private Equity,8.25,,Karnataka,
393,394,Itzcash,FinTech,Mumbai,Ashok goel (promoter),Private Equity,136.13,,Maharashtra,
394,395,Ixigo,Travel,Gurugram,Micromax informatics,Private Equity,0.0,,Haryana,
395,396,iZofy,Technology,Kolkata,Prime capital markets ltd,Seed Funding,0.0,,West Bengal,
396,397,Jay Robotix,Technology,Hyderabad,Cross border angels & others,Seed Funding,2.06,,Telangana,
397,398,JetSetGo,Travel,Bengaluru,Puneet dalmia,Private Equity,0.0,,Karnataka,
398,399,Jiffstore,E-Commerce,Bengaluru,"Unitus seed fund, Times internet",Seed Funding,0.0,,Karnataka,
399,400,Jigsaw Academy,Education,Bengaluru,Manipal global education services,Private Equity,24.75,,Karnataka,
400,401,Jiyo Natural,Food,Bengaluru,Indian angel network,Seed Funding,0.0,,Karnataka,
401,402,Jobspire,Careers,Bengaluru,Purvi capital,Seed Funding,2.15,,Karnataka,
402,403,JoeHukum,Technology,Gurugram,"Tracxnlabs, Jitendra gupta, Prashant tandon",Seed Funding,0.0,,Haryana,
403,404,JollyFoodFellow,Food,Ahmedabad,The 1947,Seed Funding,2.48,,Gujarat,
404,405,Jombay,Healthcare,Pune,Ventureworks india,Private Equity,0.0,,Maharashtra,
405,406,Joy by nature,Food,Delhi,"Mumbai angels, Vriddhi fund, Others",Private Equity,8.25,,Delhi,
406,407,Juggernaut,Media,Delhi,"William bissell, Neeraj aggarwal, Nandan nilekani",Private Equity,18.56,,Delhi,
407,408,Jugnoo,Transportation,Chandigarh,Paytm,Private Equity,82.5,,Chandigarh,
408,409,Jugnoo,Transportation,Chandigarh,"Snow leopard, Paytm",Private Equity,41.25,,Chandigarh,
409,410,Jugnoo,Transportation,Chandigarh,"Rakesh mathur, Vikas taneja & others",Seed Funding,8.25,,Chandigarh,
410,411,Julia Computing,Technology,Bengaluru,Gordon and betty moore foundation,Seed Funding,4.95,,Karnataka,
411,412,JumboBasket,E-Commerce,Chandigarh,Chandigarh angels network,Seed Funding,0.0,,Chandigarh,
412,413,Jusride,Transportation,Mumbai,"Alok mittal, Zeeshan hayat, Niraj singh, Nikunj jain, Anirudh damani, Punit goyal",Seed Funding,0.0,,Maharashtra,
413,414,Kaaryah,Personal Care,Gurugram,Ratan tata,Seed Funding,0.0,,Haryana,
414,415,Karma Healthcare,Healthcare,Udaipur,Ennovent impact investment holding,Private Equity,0.0,,Rajasthan,
415,416,Karma Recycling,Waste Management,Delhi,"Infuse ventures, Low carbon enterprise fund",Private Equity,0.0,,Delhi,
416,417,Ketto,Crowdfunding,Mumbai,"Chennai angels, Calcutta angels, Ah! ventures, Intellecap impact investment network, Indus age partners, Singapore angel network, India internet fund, Letsventure",Seed Funding,5.78,,Maharashtra,
417,418,Kleeto,Services,Gurugram,Grex,Seed Funding,1.9,,Haryana,
418,419,KleverKid,EdTech,Delhi,Aarin capital partners,Seed Funding,0.0,,Delhi,
419,420,Klip.in,E-Commerce,Bengaluru,"Calcutta angels, Venture nursery angels mumbai angels",Seed Funding,4.13,,Karnataka,
420,421,Klozee,E-Commerce,Bengaluru,Tracxn labs,Seed Funding,0.0,,Karnataka,
421,422,Knit,Personal Care,Delhi,"Rohit jain, Amit rambhia & others",Seed Funding,0.0,,Delhi,
422,423,Kobster,E-Commerce,Chennai,Splice advisors,Seed Funding,0.0,,Tamil Nadu,
423,424,Kolabro,Real Estate,Gurugram,"Umang kumar, Ruchir arora & others",Seed Funding,0.0,,Haryana,
424,425,KOOH Sports,Sports,Mumbai,"Tcs, Hdfc, Faering capital, Elevate sports",Private Equity,16.5,,Maharashtra,
425,426,Korra,Personal Care,Delhi,Asha jadeja motwani & others,Seed Funding,2.48,,Delhi,
426,427,KountMoney,FinTech,Bengaluru,"Tracxn, Ashish goenka & others",Seed Funding,0.0,,Karnataka,
427,428,Kulzy,EdTech,Delhi,"Seedfund, Bedrock ventures",Seed Funding,8.25,,Delhi,
428,429,La Renon,Healthcare,Ahmedabad,Sequoia capital,Private Equity,132.0,,Gujarat,
429,430,LabInApp,Healthcare,Bengaluru,Unitus seed fund,Seed Funding,0.0,,Karnataka,
430,431,LabsAdvisor,EdTech,Delhi,Group of angel investors,Seed Funding,1.29,,Delhi,
431,432,LabStreet,Healthcare,Gurugram,Multiple investors,Seed Funding,1.24,,Haryana,
432,433,LafaLafa,E-Commerce,Mumbai,500 startups,Seed Funding,1.03,,Maharashtra,
433,434,LafaLafa,E-Commerce,Mumbai,Vectr ventures,Private Equity,0.0,,Maharashtra,
434,435,LatestOne,E-Commerce,Hyderabad,Palred technologies ltd,Private Equity,24.75,,Telangana,
435,436,LazyLad,Services,Gurugram,"Jai choi, Kiyohiro sugashita, Hirokazu",Private Equity,4.13,,Haryana,
436,437,Leaf,Healthcare,Bengaluru,Group of angel investors,Seed Funding,0.14,,Karnataka,
437,438,Leaf Wearables,Households,Delhi,"Ajeet khurana jinesh shah, Vikram chachra, Dr. aniruddha malpani",Seed Funding,2.06,,Delhi,
438,439,Leaping Caravan,Delivery,Gurugram,Group of angel investors,Seed Funding,1.24,,Haryana,
439,440,LearnOn,Cloud Tech,Chennai,Jmr infotech india pvt ltd,Seed Funding,0.0,,Tamil Nadu,
440,441,LendingKart,FinTech,Ahmedabad,"Saama capital, Mayfield, Ashvin chadha, Shailesh mehta",Private Equity,82.5,,Gujarat,
441,442,Lenskart,E-Commerce,Gurugram,"Tpg growth, Tr capital, Idg ventures",Private Equity,17.74,,Haryana,
442,443,Lets Corp,Technology,Mumbai,Wu chay chin,Seed Funding,24.75,,Maharashtra,
443,444,LetsTransport,Logistics,Bengaluru,"Rebright partners, Ankush nijhawan, Gaurav bhatnagar, Manish dhingra",Seed Funding,10.73,,Karnataka,
444,445,LetsVenture,Finance,Bengaluru,"Accel partners, Anupam mittal & other marquee investors",Private Equity,0.0,,Karnataka,
445,446,Liases Foras,Real Estate,Delhi,Dmg information asia pacific,Private Equity,41.25,,Delhi,
446,447,Licious,E-Commerce,Bengaluru,"Kanwaljit singh, Tv mohandas pai",Seed Funding,8.25,,Karnataka,
447,448,LiftO,Transportation,Mumbai,"Rajesh bhatia, Dheeraj mehta & others",Seed Funding,1.07,,Maharashtra,
448,449,LimeRoad,E-Commerce,Gurugram,"Tiger global, Matrix partners, Lightspeed venture partners",Private Equity,247.5,,Haryana,
449,450,Little Black Book New Delhi,Lifestyle,Delhi,"Rajan anandan, Niraj singh, Sachin bhatia, Singapore angel network & aseem vadehra",Seed Funding,1.24,,Delhi,
450,451,LivSpace,Design,Bengaluru,"Helion ventures, Jungle ventures & bessemer venture partners",Private Equity,66.0,,Karnataka,
451,452,LoanCircle,FinTech,Bengaluru,"Zishaan hayath, Rahul khanna & others",Seed Funding,0.0,,Karnataka,
452,453,Localbanya,E-Commerce,Mumbai,Shrem strategies,Private Equity,0.0,,Maharashtra,
453,454,LocalCircles,Networking,Noida,Anand mahindra,Private Equity,0.0,,Uttar Pradesh,
454,455,LocalOye,Services,Mumbai,"Tiger global management, Lightspeed venture partners",Private Equity,41.25,,Maharashtra,
455,456,Locus,Logistics,Bengaluru,"Growx ventures,  manish singhal",Seed Funding,0.0,,Karnataka,
456,457,LogicRoots,EdTech,Jaipur,"Ah! ventures, Calcutta angels,  91springboard",Seed Funding,3.3,,Rajasthan,
457,458,LogiNext,Logistics,Mumbai,Paytm,Private Equity,82.5,,Maharashtra,
458,459,LogiNext,Logistics,Mumbai,"Ajit surana, Sanjay mehta",Seed Funding,0.0,,Maharashtra,
459,460,Lookup,B2B,Bengaluru,Biz stone,Private Equity,24.75,,Karnataka,
460,461,Lookup,B2B,Bengaluru,"Khosla impact, Biz stone, Catamaran ventures, Global founders capital, European investment fund",Private Equity,20.63,,Karnataka,
461,462,Lookup,B2B,Bengaluru,"Dena co., Japan & teruhide sato (in addition to mks switzerland & kris gopalkrishnan)",Seed Funding,3.14,,Karnataka,
462,463,LoudShout,Marketing,Delhi,"Sanjay sethi, Ravi jaipuria & others",Seed Funding,0.0,,Delhi,
463,464,Loylty Rewards,Finance,Mumbai,indianideas,Private Equity,159.64,,Maharashtra,
464,465,Luxuryhues,Personal Care,Gurugram,Reliance capital,Private Equity,7.43,,Haryana,
465,466,Lybrate,Healthcare,Delhi,"Tiger global management, Ratan tata, Nexus venture partners",Private Equity,84.15,,Delhi,
466,467,M-TAXI,Transportation,Gurugram,"Mandeep singh, Jairaj singh",Seed Funding,0.0,,Haryana,
467,468,Mad Street Den,Technology,Chennai,"Exfinity fund, Growx ventures.",Private Equity,12.38,,Tamil Nadu,
468,469,MadRat Games,Entertainment,Bengaluru,"Kunal bahl, Rohit bansal",Seed Funding,1.39,,Karnataka,
469,470,Mahindra First Choice,Automotive,Mumbai,Valiant capital,Private Equity,123.75,,Maharashtra,
470,471,Mamagoto,Food,Delhi,goldman sachs,Private Equity,82.5,,Delhi,
471,472,ManageMySpa,Personal Care,Hyderabad,Accel partners,Private Equity,49.5,,Telangana,
472,473,Manthan,EdTech,Bengaluru,"Temasek, Norwest venture partners",Private Equity,495.0,,Karnataka,
473,474,MapMyGenome,Healthcare,Hyderabad,Rajan anandan & other angel investors,Private Equity,9.9,,Telangana,
474,475,Massblurb,Marketing,Mumbai,"Letsventure, Mumbai angels",Seed Funding,0.0,,Maharashtra,
475,476,MealHopper,Food,Gurugram,"Alok bajpai, Rajnish kumar, Amit dey",Seed Funding,0.83,,Haryana,
476,477,MebelKart,Households,Bengaluru,Askme,Private Equity,165.0,,Karnataka,
477,478,Mech Mocha,Entertainment,Bengaluru,"Blume ventures, Flipkart",Seed Funding,8.25,,Karnataka,
478,479,Medd,Healthcare,Mumbai,Group of angel investors,Seed Funding,1.24,,Maharashtra,
479,480,MedGenome,Healthcare,Bengaluru,Sequoia capital,Private Equity,165.0,,Karnataka,
480,481,Medikoe,Healthcare,Bengaluru,Anil menon,Seed Funding,0.83,,Karnataka,
481,482,Medinfi,Consumer Internet,Bengaluru,"Ram kumar kakani, Pradeep k jaisingh, Sunil t v, Vijay ghadge, Hemant kaul, Gurmeet chahal & others",Seed Funding,2.52,,Karnataka,
482,483,Medwell Ventures,Healthcare,Bengaluru,"Fidelity growth partners, Fidelity biosciences",Private Equity,82.5,,Karnataka,
483,484,MeetUniv,EdTech,Noida,Peesh venture capital,Seed Funding,8.25,,Uttar Pradesh,
484,485,MeraDoctor,Healthcare,Mumbai,Unilazer,Private Equity,9.9,,Maharashtra,
485,486,MeraDoctor,Healthcare,Mumbai,India quotient & other investors,Seed Funding,0.0,,Maharashtra,
486,487,Meritnation,Education,Delhi,Infoedge,Private Equity,33.0,,Delhi,
487,488,Meru Cabs,Transportation,Mumbai,Value fund advisors,Private Equity,412.5,,Maharashtra,
488,489,mFicient,Cloud Tech,Delhi,Undisclosed investors,Seed Funding,0.0,,Delhi,
489,490,MindTickle,EdTech,Pune,New enterprise associates,Private Equity,103.13,,Maharashtra,
490,491,MobieFit,Healthcare,Goa,Medi assist,Private Equity,8.25,,Goa,
491,492,MobieFit,Healthcare,Goa,Prototyze,Seed Funding,0.0,,Goa,
492,493,Mobikon,Technology,Pune,Jungle ventures,Private Equity,18.98,,Maharashtra,
493,494,Mobikon,Technology,Pune,"Life.sreda, Qualgro",Private Equity,0.0,,Maharashtra,
494,495,Mobikwik,FinTech,Gurugram,"Tree line asia, Cisco investments, American express, Sequoia capital",Private Equity,206.25,,Haryana,
495,496,Mobikwik,FinTech,Gurugram,"Sequoia capital, Tree line asia, Innoven capital",Private Equity,54.45,,Haryana,
496,497,MockBank,Education,Bengaluru,Blume ventures,Seed Funding,3.3,,Karnataka,
497,498,MoEngage,SaaS,Bengaluru,"Helion venture partners, Exfinity ventures",Private Equity,35.06,,Karnataka,
498,499,Moglix,E-Commerce,Noida,"Accel partner, Jungle ventures",Private Equity,0.0,,Uttar Pradesh,
499,500,MoMagic,Marketing,Delhi,Fih mobile ltd,Private Equity,0.0,,Delhi,
500,501,Momoe,FinTech,Bengaluru,"Idg ventures india, Jungle ventures, India quotient.",Seed Funding,9.9,,Karnataka,
501,502,MoonFrog Labs,Entertainment,Bengaluru,"Tiger global, Sequoia capital.",Private Equity,123.75,,Karnataka,
502,503,Moovo,Delivery,Delhi,Youwecan ventures,Seed Funding,0.0,,Delhi,
503,504,Mosambee,FinTech,Mumbai,Rvcf and sidbi,Private Equity,0.0,,Maharashtra,
504,505,mShipper,Logistics,Delhi,Vijai laxmi,Seed Funding,0.0,,Delhi,
505,506,MSM Box,Personal Care,Delhi,Rohit goel,Seed Funding,0.0,,Delhi,
506,507,mSwipe,Technology,Mumbai,"Falcon edge capital, Meru capital, Ola, Matrix partners, Dsg consumer partners, Axis bank",Private Equity,206.25,,Maharashtra,
507,508,Mubble,Technology,Bengaluru,Accel partners,Private Equity,0.0,,Karnataka,
508,509,MyCFO,Finance,Mumbai,Sameer koticha,Private Equity,12.38,,Maharashtra,
509,510,MyCuteOffice,Services,Mumbai,Lead angels,Seed Funding,0.0,,Maharashtra,
510,511,MyDentist,Healthcare,Mumbai,"Lgt group, Asian healthcare fund, Seedfund",Private Equity,67.65,,Maharashtra,
511,512,MyDreamStore,E-Commerce,Bengaluru,Undisclosed investors,Seed Funding,2.68,,Karnataka,
512,513,MyDreamStore,E-Commerce,Bengaluru,Undisclosed investors,Seed Funding,2.39,,Karnataka,
513,514,MyIndianStay,Healthcare,Goa,Undisclosed investors,Seed Funding,1.65,,Goa,
514,515,MyNoticePeriod,Services,Bengaluru,Idg ventures,Private Equity,24.75,,Karnataka,
515,516,Myonsto,E-Commerce,Ahmedabad,Jayant bokadia,Seed Funding,2.64,,Gujarat,
516,517,MyPoolin,FinTech,Delhi,Qprize from qualcomm ventures,Seed Funding,2.06,,Delhi,
517,518,MyPoolin,FinTech,Delhi,"Sharad sharma, Rajan anandan, Sunil kalra, Amit ranjan, Rohan malhotra,  arjun malhotra, Gautam gandhi",Seed Funding,0.0,,Delhi,
518,519,MySmartPrice,Finance,Hyderabad,"Accel partners, Helion venture partners",Private Equity,82.5,,Telangana,
519,520,MyTaxiIndia,Transportation,Gurugram,"Nihon kotsu,",Private Equity,4.13,,Haryana,
520,521,MyTaxiIndia,Transportation,Gurugram,Green house ventures,Seed Funding,0.83,,Haryana,
521,522,Naaptol,E-Commerce,Mumbai,"Mitsui & co., New enterprise associates, Canaan partners, Silicon valley bank",Private Equity,429.0,,Maharashtra,
522,523,Naaptol,E-Commerce,Mumbai,Mitsui & co & existing investors,Private Equity,177.38,,Maharashtra,
523,524,Naturally Yours,Food,Mumbai,Sanjay mehta,Seed Funding,0.0,,Maharashtra,
524,525,Nayi Disha,EdTech,Delhi,"Ajay relan,",Seed Funding,2.48,,Delhi,
525,526,NDTV ecommerce venture,E-Commerce,Mumbai,Cerracap,Private Equity,165.0,,Maharashtra,
526,527,NDTV ecommerce venture,E-Commerce,Mumbai,"Inflexionpoint, Pramod bhasin, Sixth sense ventures, Vindi banga, Hiro mashita",Private Equity,0.0,,Maharashtra,
527,528,Near.in,Services,Gurugram,"Anupam mittal, Manish vij, Prashant tandon, Gaurav agarwal, Akash agarwal, Himanshu aggarwal, Kevin parikh",Seed Funding,2.35,,Haryana,
528,529,NearBuy,Consumer Internet,Gurugram,Sequoia capital,Private Equity,132.0,,Haryana,
529,530,Neotrade Analytics,Data Analytics,Bengaluru,Rainmatter,Seed Funding,1.94,,Karnataka,
530,531,Nestaway,Real Estate,Bengaluru,"Flipkart, Tiger global",Private Equity,105.19,,Karnataka,
531,532,NestAway,Real Estate,Bengaluru,"Idg ventures, Naveen tewari",Seed Funding,10.73,,Karnataka,
532,533,Netmeds,Healthcare,Chennai,"Orbimed, Pradip dadha group",Private Equity,412.5,,Tamil Nadu,
533,534,New Delhivery,Logistics,Delhi,"Tiger global management, Multiples alternate asset management, Nexus venture partners, Times internet",Private Equity,701.25,,Delhi,
534,535,Newgen Payments,FinTech,Delhi,Jan manten,Seed Funding,0.0,,Delhi,
535,536,News in shorts,Services,Noida,tiger global,Private Equity,165.0,,Uttar Pradesh,
536,537,NewsHunt,Media,Bengaluru,"Falcon edge capital, Matrix partners india, Sequoia capital india and omidyar network",Private Equity,330.0,,Karnataka,
537,538,NewsInShorts,Media,Noida,"Tiger global, Rebright partners, Sachin and binny bansal",Private Equity,34.24,,Uttar Pradesh,
538,539,NextGen,Technology,Bengaluru,Mumbai angels & group of other investors,Seed Funding,0.0,,Karnataka,
539,540,Niffler,Finance,Mumbai,Saif partners,Seed Funding,8.25,,Maharashtra,
540,541,NightStay,Consumer Internet,Delhi,"Bedrock ventures, Rajesh sawhney, Shailesh singh",Seed Funding,4.13,,Delhi,
541,542,Niki.ai,AI,Bengaluru,Unilazer ventures,Seed Funding,0.0,,Karnataka,
542,543,Nimble Wireless,Technology,Chennai,Angelprime,Seed Funding,24.75,,Tamil Nadu,
543,544,NoBroker,Consumer Internet,Bengaluru,"Saif partners, Fulcrum ventures",Private Equity,24.75,,Karnataka,
544,545,Noodle Play,Food,Mumbai,"Elliot stechman, Gautam sinha, Ambarish ray",Seed Funding,1.39,,Maharashtra,
545,546,Notesgen,EdTech,Delhi,"rajeev saraf, Arvind jha, R. satya narayanan",Seed Funding,0.0,,Delhi,
546,547,NowFloats,Consumer Internet,Hyderabad,Omidyar network,Private Equity,0.0,,Telangana,
547,548,Nudgespot,Technology,Bengaluru,"Kae capital, Anoop goyal, Mike shah, Va sastry",Seed Funding,5.16,,Karnataka,
548,549,NumberMall,E-Commerce,Hyderabad,Sri capital,Private Equity,82.5,,Telangana,
549,550,Nurturey,Consumer Internet,Delhi,Seedrs crowd funding platform,Crowd funding,1.03,,Delhi,
550,551,NxtGen,IT,Bengaluru,"Ifc, Axon partners, Intel capital",Private Equity,111.38,,Karnataka,
551,552,Nykaa,Consumer Internet,Mumbai,"Harsh mariwala, Atul nishar, Dalip pathak, Michael carlos",Private Equity,78.38,,Maharashtra,
552,553,oibanit,Food,Vadodara,"Varun ahuja, Anubhav verma",Seed Funding,1.24,,Gujarat,
553,554,Ola,Transportation,Bengaluru,"Baillie gifford, Falcon edge capital, Tiger global, Softbank group, Dst global, Didi kuaidi",Private Equity,4125.0,,Karnataka,
554,555,Ola,Transportation,Bengaluru,"Dst global, Steadview capital, Tiger global, Accel partners & others",Private Equity,3300.0,,Karnataka,
555,556,Ola,Transportation,Bengaluru,"Falcon edge capital, Ny based hedge fund, Tiger global, Softbank",Private Equity,1856.25,,Karnataka,
556,557,Ola,Transportation,Bengaluru,Didi kuaidi,Private Equity,247.5,,Karnataka,
557,558,Ola,Transportation,Bengaluru,Ratan tata,Private Equity,0.0,,Karnataka,
558,559,Omnikart,E-Commerce,Mumbai,"Sumit gandhi, Manish gandhi",Seed Funding,0.83,,Maharashtra,
559,560,OneAssist,Consumer Internet,Mumbai,"Sequoia capital, Lightspeed ventures",Private Equity,61.88,,Maharashtra,
560,561,OnlineRTI,Services,Bengaluru,"Letsventure, Mohandas pai",Seed Funding,1.24,,Karnataka,
561,562,OnlineTyari,EdTech,Gurugram,"500 startups, Tv mohandas pai, Tandem capital, Vikram chachra, Aloke bajpai",Private Equity,6.35,,Haryana,
562,563,Opinio,Technology,Bengaluru,"New Delhivery, Sands capital and accel partners",Private Equity,57.75,,Karnataka,
563,564,Opinio,Technology,Bengaluru,"Accel partners, Traxcn labs & others",Seed Funding,10.73,,Karnataka,
564,565,ORIGA Leasing,Finance,Mumbai,"Ah! ventures, 500 startups & other hnis",Seed Funding,9.08,,Maharashtra,
565,566,Orobind,Healthcare,Bengaluru,"Zishaan hayath, Lalit mangal, Harpreet singh grover",Seed Funding,1.65,,Karnataka,
566,567,Orobind,Healthcare,Bengaluru,Existing & new investors,Private Equity,0.0,,Karnataka,
567,568,OUWT,Technology,Mumbai,Undisclosed investors,Seed Funding,1.24,,Maharashtra,
568,569,OYO,Hospitality,Gurugram,"Softbank group, Greenoaks capital, Sequoia capital,  lightspeed india",Private Equity,825.0,,Haryana,
569,570,OYO,Hospitality,Gurugram,"Greenoaks capital, Sequoia capital, Lightspeed ventures",Private Equity,206.25,,Haryana,
570,571,Paintcollar,Design,Mumbai,Applyifi,Seed Funding,0.0,,Maharashtra,
571,572,Paper Boat,Food,Gurugram,"Sofina, Hillhouse capital",Private Equity,247.5,,Haryana,
572,573,Parcelled,Logistics,Bengaluru,New Delhivery,Private Equity,41.25,,Karnataka,
573,574,Parcelled,Logistics,Bengaluru,"New Delhivery, Tracxn labs",Seed Funding,0.0,,Karnataka,
574,575,Pastiwala,Food,Vadodara,Agnus capital,Private Equity,33.0,,Gujarat,
575,576,Patel Logistics,Logistics,Mumbai,Frontline strategy,Private Equity,46.2,,Maharashtra,
576,577,PayMango,FinTech,Gurugram,Group of angel investors,Seed Funding,1.93,,Haryana,
577,578,Paynear,FinTech,Hyderabad,Mitesh majithia,Private Equity,20.63,,Telangana,
578,579,Paytm,E-Commerce,Bengaluru,"Alibaba group, Ant financial",Private Equity,5610.0,,Delhi,
579,580,Paytm,E-Commerce,Bengaluru,Ant financial services (alipay),Private Equity,0.0,,Uttar Pradesh,
580,581,Paytunes,FinTech,Delhi,Cio angel network,Seed Funding,0.0,,Delhi,
581,582,Pepperfry,E-Commerce,Mumbai,"Goldman sachs, Zodius technology fund, Bertelsmann india investments norwest venture partners.",Private Equity,825.0,,Maharashtra,
582,583,Peppertap,E-Commerce,Gurugram,"Sequoia india, Saif partners.",Private Equity,297.0,,Haryana,
583,584,PepperTap,E-Commerce,Gurugram,"Saif partners, Sequoia capital",Private Equity,82.5,,Haryana,
584,585,Peppertap,E-Commerce,Gurugram,Innoven capital,Private Equity,33.0,,Haryana,
585,586,PepperTap,E-Commerce,Gurugram,Sequoia capital,Seed Funding,0.0,,Haryana,
586,587,Phone Pe,FinTech,Bengaluru,Lightspeed ventures,Seed Funding,0.0,,Karnataka,
587,588,Pickingo,Delivery,Delhi,"Orios venture partners, Zishaan hayath",Private Equity,10.73,,Delhi,
588,589,PickMyLaundry,Services,Delhi,Ghv accelerator,Seed Funding,0.83,,Delhi,
589,590,Pickrr,Logistics,Delhi,Palaash ventures,Seed Funding,0.0,,Delhi,
590,591,Ping Digital,Marketing,Mumbai,Consortium of angel investors,Seed Funding,0.0,,Maharashtra,
591,592,Pipa Bella,E-Commerce,Mumbai,Lionrock capital,Private Equity,4.95,,Maharashtra,
592,593,PiQube,Technology,Chennai,The hr fund,Seed Funding,4.13,,Tamil Nadu,
593,594,Plabro,Real Estate,Delhi,"Sachin bansal & binny bansal, Sol primero, Outbox ventures, Sangram singh",Seed Funding,2.89,,Delhi,
594,595,PlaceofOrigin,Food,Bengaluru,"S.d. shibulal, Kris gopalakrishnan, Srinath batni, Professor tarun khanna,  ganapathy venugopal.",Seed Funding,0.0,,Karnataka,
595,596,Plancess,EdTech,Mumbai,"Rajendra gogri,  chandrakant gogri",Seed Funding,16.5,,Maharashtra,
596,597,PlanetGogo,Travel,Gurugram,Ht digital media holdings ltd,Seed Funding,0.0,,Haryana,
597,598,Play your sport,Sports,Bengaluru,Hyderabad angels (at startup heroes event),Seed Funding,0.13,,Karnataka,
598,599,Pluss,Delivery,Gurugram,"Idg ventures, M & s partners, Powerhouse ventures (usa).",Private Equity,8.25,,Haryana,
599,600,Pokkt,Technology,Mumbai,"Segnel venture, Shinji kimura, Sundar chanrai, Jafco asia, Singtel's innov8, Jungle ventures, K ganesh",Private Equity,41.25,,Maharashtra,
600,601,PolicyBazaar,FinTech,Gurugram,"Premjiinvest, Tiger global, Ribbit capital",Private Equity,330.0,,Haryana,
601,602,POPxo,Technology,Delhi,"Idg ventures india, Kalaari capital, 500 startups",Private Equity,16.5,,Delhi,
602,603,Portea Medical,Healthcare,Bengaluru,"Accel partners, International finance corporation (ifc), Qualcomm ventures, Ventureast",Private Equity,309.38,,Karnataka,
603,604,PosterGully,E-Commerce,Delhi,"Natarajan iyer, Rajesh sawhney,  & other angel investors.",Seed Funding,0.0,,Delhi,
604,605,Postman,Software,Bengaluru,Nexus venture partners,Seed Funding,8.25,,Karnataka,
605,606,Power2SME,E-Commerce,Goa,Extreme venture partners william bissell,Seed Funding,0.0,,Goa,
606,607,practo,Healthcare,Bengaluru,"Sofina, Google capital, Altimeter capital, Sequoia capital global equities, Yuri milner, Sequoia capital, Matrix partners",Private Equity,742.5,,Karnataka,
607,608,Practo,Healthcare,Bengaluru,"Sequoia capital, Matrix partners",Private Equity,247.5,,Karnataka,
608,609,Pragmatix,Data Analytics,Mumbai,Sidbi venture capital ltd,Private Equity,19.8,,Maharashtra,
609,610,PressPlay,Travel,Delhi,"Sequoia capital, Jason hirschhorn, Jarett posner, And amit bhatiani",Seed Funding,18.15,,Delhi,
610,611,Pricejugaad,E-Commerce,Hyderabad,"Amit tyagi, Sandeep acharya & others",Seed Funding,1.36,,Telangana,
611,612,PrimaSeller,E-Commerce,Bengaluru,"Dr. aniruddha malpani manish gupta, M&s partners & others",Seed Funding,0.0,,Karnataka,
612,613,Printland,Electronics,Delhi,Sidbi venture capital ltd,Private Equity,0.0,,Delhi,
613,614,Printvenue,Technology,Gurugram,Asia pacific internet group,Private Equity,37.13,,Haryana,
614,615,Process 9,Technology,Gurugram,"Ian ventures, Alok sharma, Kris gopalakrishnan, Saurabh srivastava, Ajai chowdhry",Seed Funding,0.0,,Haryana,
615,616,PropheSee,Technology,Delhi,"Indian angel network, Stanford angels, Entrepreneurs india",Seed Funding,4.13,,Delhi,
616,617,Propstack,Real Estate,Mumbai,Dmg information,Private Equity,24.75,,Maharashtra,
617,618,Prothom,Media,Pune,Oliphabs capital,Private Equity,16.5,,Maharashtra,
618,619,Proviera,Food,Chennai,Infuse ventures,Private Equity,4.54,,Tamil Nadu,
619,620,Prozo,Logistics,Delhi,"Nalin jain, Shomil pant, Dinesh kundu & others",Seed Funding,1.69,,Delhi,
620,621,Purple Squirrel,EdTech,Mumbai,"Matrix partners india, India quotient",Private Equity,0.0,,Maharashtra,
621,622,Purplle,E-Commerce,Mumbai,Ivycap ventures,Private Equity,0.0,,Maharashtra,
622,623,Qik Stay,Hospitality,Delhi,Id enablers pvt ltd,Seed Funding,2.06,,Delhi,
623,624,QikPod,E-Commerce,Bengaluru,"Flipkart, Accel partners, New Delhivery, Foxconn",Private Equity,74.25,,Karnataka,
624,625,Quickli,Logistics,Delhi,"500 startups, Mato peric & others",Seed Funding,0.0,,Delhi,
625,626,Quifers,Logistics,Mumbai,"Vikas agarwal, Vishal khare, Sanjeev kakkar, Smile group",Seed Funding,2.56,,Maharashtra,
626,627,Quikr,Marketing,Bengaluru,"Tiger global, Investment ab kinnevik, Steadview capital",Private Equity,1237.5,,Karnataka,
627,628,Quikr,Marketing,Bengaluru,"Ab kinnevik, Falcon edge capital, Coatue management",Private Equity,495.0,,Karnataka,
628,629,QuikWallet,FinTech,Mumbai,Snow leopard technology ventures,Private Equity,13.2,,Maharashtra,
629,630,Quinto,Food,Pune,Jaydeep barman,Seed Funding,0.0,,Maharashtra,
630,631,Quintype Technologies,Data Analytics,Bengaluru,Raghav bahl,Private Equity,27.23,,Karnataka,
631,632,Qyk,Logistics,Bengaluru,"Growx ventures, Tracxn labs, Powai lake ventures, And sahil barua",Private Equity,8.25,,Karnataka,
632,633,Qyk,Logistics,Bengaluru,"Powai lake ventures, Zishan hayath, Abhishek goyal, Sahil barua",Seed Funding,0.0,,Karnataka,
633,634,RailYatri,Travel,Noida,"Helion ventures, Omidiyar network, Blume ventures and ujama",Private Equity,0.0,,Uttar Pradesh,
634,635,RainCan,AgriTech,Pune,Ajeet khurana & others,Seed Funding,0.83,,Maharashtra,
635,636,RateGain,Travel,Noida,Ta associates,Private Equity,412.5,,Uttar Pradesh,
636,637,Razorpay,FinTech,Bengaluru,"Tiger global management, Matrix partners",Private Equity,74.25,,Karnataka,
637,638,RazorPay,FinTech,Bengaluru,Y combinator,Seed Funding,0.99,,Karnataka,
638,639,Razorpay,FinTech,Bengaluru,Punit soni,Seed Funding,0.0,,Karnataka,
639,640,rBus,Transportation,Mumbai,"India quotient, Anupam mittal & others",Seed Funding,0.0,,Maharashtra,
640,641,RedDoorz,Consumer Internet,Delhi,Jungle ventures,Seed Funding,8.25,,Delhi,
641,642,RedPolka,E-Commerce,Mumbai,Undisclosed investors,Seed Funding,2.06,,Maharashtra,
642,643,Refiral,Marketing,Delhi,Cogent e services,Seed Funding,2.72,,Delhi,
643,644,ReGlobe,Automotive,Gurugram,"Bessemer ventures, Blume ventures",Seed Funding,8.25,,Haryana,
644,645,Renderlogy,Technology,Noida,Brick eagle,Private Equity,13.2,,Uttar Pradesh,
645,646,Renderlogy,Technology,Hyderabad,Astarc ventures,Private Equity,8.25,,Telangana,
646,647,RenewBuy,Finance,Gurugram,Mount nathan advisors pte ltd,Seed Funding,4.13,,Haryana,
647,648,Renomania,Design,Delhi,Subodh gupta,Seed Funding,0.0,,Delhi,
648,649,Renowala,Households,Hyderabad,Logtally,Seed Funding,0.0,,Telangana,
649,650,RentoMojo,Consumer Internet,Bengaluru,"Idg ventures india,  accel partners india",Private Equity,16.5,,Karnataka,
650,651,RentOnGo,E-Commerce,Bengaluru,"Anand chandrasekaran, Rajesh sawhney, Kalpana tatavarti, Shivanandan pare",Seed Funding,0.0,,Karnataka,
651,652,ReportBee,Data Analytics,Chennai,India educational investment fund,Seed Funding,0.0,,Tamil Nadu,
652,653,RepUp,Marketing,Gurugram,Indian angel network,Seed Funding,0.0,,Haryana,
653,654,Ressy,Food,Pune,Mohandas pai & others,Seed Funding,3.3,,Maharashtra,
654,655,Retention.ai,AI,Bengaluru,"Mercury fund, Anshu sharma, Pratyush prasanna, Robert winters & others",Seed Funding,4.13,,Karnataka,
655,656,Retigence Technologies,Cybersecurity,Mumbai,Omnivore partners,Private Equity,0.0,,Maharashtra,
656,657,Reverie,Technology,Bengaluru,"Aspada investment advisors, Qualcomm ventures",Private Equity,33.0,,Karnataka,
657,658,RevX,Marketing,Mumbai,"Norwest venture partners, Nexus venture partners, Helion venture partners, Draper fisher jurvetson, Peepul capital",Private Equity,33.0,,Maharashtra,
658,659,Rivigo,Logistics,Gurugram,Saif partners and others,Private Equity,247.5,,Haryana,
659,660,Roadrunnr,Delivery,Bengaluru,"Sequoia capital, Nexus venture partners",Private Equity,82.5,,Karnataka,
660,661,Roadrunnr,Logistics,Bengaluru,"Sequoia capital, Nexus venture partners, Blume ventures",Private Equity,90.75,,Karnataka,
661,662,Robosoft,Software,Udupi,"Ascent capital, Kalaari capital",Private Equity,99.0,,Karnataka,
662,663,Rock N Shop,E-Commerce,Delhi,High networth individuals (undisclosed),Seed Funding,1.24,,Delhi,
663,664,RollMafia,Food,Pune,Equentia natural resources,Seed Funding,1.32,,Maharashtra,
664,665,Room on Call,Consumer Internet,Gurugram,Payal syal,Seed Funding,2.48,,Haryana,
665,666,RoomCentral,Cloud Tech,Bengaluru,Karanpal singh,Seed Funding,16.5,,Karnataka,
666,667,RoomsTonite,Hospitality,Delhi,"Lashit sanghvi, Nikhil vora, Venkat vardhan, Mohammed bin abdul rehman al khalifa,  ralph berezan, Vissal mathew,  balamurali krishna",Seed Funding,12.38,,Delhi,
667,668,Roposo,Social Media,Gurugram,Tiger global,Private Equity,123.75,,Haryana,
668,669,Roposo,Social Media,Gurugram,"Tiger global management, Indian quotient, Binny bansal",Private Equity,41.25,,Haryana,
669,670,Round One,Entertainment,Gurugram,"Ht media, Arun duggal",Seed Funding,0.0,,Haryana,
670,671,Routofy,Travel,Delhi,"Kunal bahl, Rohit bansal",Seed Funding,0.0,,Delhi,
671,672,Rozgar Mela,Careers,Jaipur,"Impact investment holding, Upaya social ventures",Seed Funding,0.0,,Rajasthan,
672,673,S Chand,Education,Delhi,Ifc everstone group,Private Equity,222.75,,Delhi,
673,674,S-Cube Futuretech,Technology,Mumbai,Parampara capital,Private Equity,8.25,,Maharashtra,
674,675,Saama,Consumer Internet,Mumbai,Carrick capital partners,Private Equity,288.75,,Maharashtra,
675,676,Saavn,Consumer Internet,Mumbai,"Tiger global management, Bertelsmann india, Steadview capital, Liberty media, Mousse partners, Quilvest",Private Equity,825.0,,Maharashtra,
676,677,Sabse,Consumer Internet,Mumbai,Ratan tata,Private Equity,0.0,,Maharashtra,
677,678,Sahayog Dairy,Food,Bhopal,Acumen fund,Private Equity,14.85,,Madhya Pradesh,
678,679,Sampurnearth,Waste Management,Mumbai,"Intellecap impact investment network, Family office fund",Seed Funding,1.32,,Maharashtra,
679,680,Sattviko,E-Commerce,Delhi,"Sumit jain, Rajat jain, Sanjay bhasin",Seed Funding,2.64,,Delhi,
680,681,Satvacart,E-Commerce,Gurugram,Undisclosed hnis,Private Equity,14.85,,Haryana,
681,682,Satvacart,E-Commerce,Gurugram,palaash ventures,Seed Funding,0.0,,Haryana,
682,683,Scandid,Consumer Internet,Pune,Micromax informatics,Private Equity,0.0,,Maharashtra,
683,684,SchoolGuru,EdTech,Mumbai,High networth individuals from india & usa,Private Equity,24.75,,Maharashtra,
684,685,ScoopWhoop,Media,Delhi,Kalaari capital,Private Equity,33.0,,Delhi,
685,686,Scripbox,FinTech,Bengaluru,"Accel partners, Deep kalra, Rajesh magow, Mohit gupta, Shamik sharma",Private Equity,20.63,,Karnataka,
686,687,Seed Schools,Education,Hyderabad,Acumen fund,Seed Funding,5.36,,Telangana,
687,688,SenseGiz,Technology,Belgaum,Karnataka semiconductor venture capital firm,Seed Funding,4.13,,Karnataka,
688,689,ServX,Automotive,Delhi,Manish gupta,Seed Funding,0.0,,Delhi,
689,690,Shadowfax,Services,Gurugram,Eight roads ventures,Private Equity,74.25,,Haryana,
690,691,ShadowFax,Services,Gurugram,"Kunal bahl, Rohit bansal, Zishaan hayath, Prashant malik",Seed Funding,2.56,,Haryana,
691,692,Sheroes,Networking,Noida,"Quintillion media, 500 startups",Seed Funding,6.35,,Uttar Pradesh,
692,693,Shiprocket,Logistics,Bengaluru,I2india pvt ltd,Seed Funding,4.13,,Karnataka,
693,694,Shirsa Labs,EdTech,Mumbai,Ah! ventures,Seed Funding,2.06,,Maharashtra,
694,695,Shopalyst,E-Commerce,Bengaluru,Kalaari capital,Private Equity,16.5,,Karnataka,
695,696,Shopatplaces,E-Commerce,Delhi,Indian angel network,Seed Funding,0.0,,Delhi,
696,697,ShopClues,E-Commerce,Gurugram,Tiger global & other investors,Private Equity,825.0,,Haryana,
697,698,Shopsense,E-Commerce,Mumbai,"Kae capital, Kunal bahl, Rohit bansal",Seed Funding,0.0,,Maharashtra,
698,699,Shopsity,Personal Care,Gurugram,"sandeep aggarwal, Teruhide sato",Seed Funding,0.0,,Haryana,
699,700,Shotang,B2B,Bengaluru,"Exfinity venture partners, Unitus impact livelihoods fund",Private Equity,41.25,,Karnataka,
700,701,Shuttl,Transportation,Gurugram,"Sequoia capital, Times internet ltd & one more fund",Private Equity,165.0,,Haryana,
701,702,Sigrid Education,EdTech,Noida,Oliphans capital,Seed Funding,0.0,,Uttar Pradesh,
702,703,SilverPush,Technology,Gurugram,M&s partners,Private Equity,9.9,,Haryana,
703,704,Simpli5d,Technology,Gurugram,"Redcliffe capital, Yournest angel fund",Private Equity,0.0,,Haryana,
704,705,Simplilearn,EdTech,Bengaluru,"Mayfield ventures, Kalaari capital, Helion ventures",Private Equity,123.75,,Karnataka,
705,706,Simplilearn,EdTech,Bengaluru,"Mayfield india, Kalaari capital, Helion ventures",Private Equity,121.69,,Karnataka,
706,707,Simplotel,Travel,Bengaluru,Makemytrip,Private Equity,0.0,,Karnataka,
707,708,SkillAngels,Education,Chennai,Sprout angels llp,Seed Funding,0.0,,Tamil Nadu,
708,709,Skoov,E-Commerce,Mumbai,Undisclosed investor,Seed Funding,1.24,,Maharashtra,
709,710,Smartairtrip,Travel,Delhi,,Private Equity,82.5,,Delhi,
710,711,Smartivity,EdTech,Delhi,S chand and co pvt ltd,Seed Funding,1.65,,Delhi,
711,712,SmartPocket,FinTech,Bengaluru,"Sol primero, Rajiv mehta",Seed Funding,2.06,,Karnataka,
712,713,Smytten,E-Commerce,Gurugram,"Rimpal chawla, Anuj srivastava",Seed Funding,1.65,,Haryana,
713,714,Snapdeal,E-Commerce,Delhi,"Alibaba, Foxconn, Softbank",Private Equity,4125.0,,Delhi,
714,715,Sokrati,Data Analytics,Pune,"Ivycap ventures, Inventus capital",Private Equity,0.0,,Maharashtra,
715,716,Soothe Healthcare,Healthcare,Noida,Saina nehwal,Seed Funding,0.0,,Uttar Pradesh,
716,717,SparesHub,E-Commerce,Pune,"Hyderabad angels, M&s partners",Seed Funding,3.8,,Maharashtra,
717,718,Splitkart,E-Commerce,Delhi,"Rajesh sawhney, Anupam mittal, Dinesh agarwal, Gaurav gupta,",Seed Funding,0.0,,Delhi,
718,719,SpoonJoy,Delivery,Bengaluru,Saif partners,Seed Funding,8.25,,Karnataka,
719,720,Sportido,Sports,Delhi,Gaja capital private equity fund,Private Equity,82.5,,Delhi,
720,721,Sportido,Sports,Delhi,Youwecan ventures,Seed Funding,0.0,,Delhi,
721,722,Springboard,Data Analytics,Bengaluru,"Allen blue, John katzman, Naveen tewari, Kartik hosanagar, Kashyap deorah, 500 startups, Blue fog capital",Seed Funding,14.03,,Karnataka,
722,723,Springleap,Technology,Bengaluru,Cross border angels,Seed Funding,6.6,,Karnataka,
723,724,SquadRun,Technology,Noida,"Amit ranjan, Deepinder goyal, Zishaan hayath, Powai lake ventures",Seed Funding,0.0,,Uttar Pradesh,
724,725,Square Yards,Consumer Internet,Gurugram,Undisclosed investors,Private Equity,49.5,,Haryana,
725,726,STAGE 3,Technology,Delhi,"Nisha sharma, Puneet dalmia, Balaji prabhakar",Seed Funding,0.0,,Delhi,
726,727,StalkBuyLove,E-Commerce,Delhi,"Mato peric, Peter kabel & others",Private Equity,0.0,,Delhi,
727,728,Stay Simple Resorts,Hospitality,Bengaluru,"Mr. sudhir & ms. shalini sethi, Mr. praveen someshwar",Seed Funding,0.0,,Karnataka,
728,729,StayGlad,Healthcare,Bengaluru,"Bessemer venture partners, Anil chopra",Private Equity,0.0,,Karnataka,
729,730,Stayzilla,Consumer Internet,Chennai,"Nexus venture partners, Matrix partners",Private Equity,165.0,,Tamil Nadu,
730,731,Stelae,AI,Chennai,Earlsfield capital,Private Equity,0.0,,Tamil Nadu,
731,732,Stitchwood,E-Commerce,Mumbai,"Powai lake ventures, Ajeet khurana & others",Seed Funding,3.26,,Maharashtra,
732,733,Stockal,FinTech,Bengaluru,"R natarajan, Mohan alexander",Seed Funding,0.0,,Karnataka,
733,734,Stockroom.io,Consumer Internet,Hyderabad,Undisclosed investors,Seed Funding,0.58,,Telangana,
734,735,StoreKing,E-Commerce,Bengaluru,Mangrove capital partners,Private Equity,0.0,,Karnataka,
735,736,StoreMore.in,Technology,Noida,Bedrock ventures,Seed Funding,0.0,,Uttar Pradesh,
736,737,Streamoid,Technology,Bengaluru,,Seed Funding,8.25,,Karnataka,
737,738,Stridalyzer,Healthcare,Bengaluru,Kickstarter,Crowd Funding,0.25,,Karnataka,
738,739,Stuffed,Food,Mumbai,Riqueza capital,Seed Funding,3.18,,Maharashtra,
739,740,Stylecracker,Personal Care,Mumbai,Group of hni investors,Private Equity,8.25,,Maharashtra,
740,741,StyleTag,Design,Bengaluru,Jitu virwani,Seed Funding,61.88,,Karnataka,
741,742,Stylofie,Personal Care,Gurugram,Swastika,Seed Funding,2.06,,Haryana,
742,743,Sulekha,Services,Chennai,Gic ventures,Private Equity,231.0,,Tamil Nadu,
743,744,Sunday Realty Solutions,Real Estate,Mumbai,"Ramesh jogani, Shailesh viswanathan, Jay srinivasan",Seed Funding,6.48,,Maharashtra,
744,745,SunTerrace,Real Estate,Delhi,Sunergy investors,Private Equity,0.0,,Delhi,
745,746,Superhero Brands,Consumer Internet,Mumbai,Dsg consumer partners,Seed Funding,4.46,,Maharashtra,
746,747,Swajal,Water Solutions,Gurugram,Abhishek gupta,Private Equity,9.9,,Haryana,
747,748,Swiggy,Food,Bengaluru,"Norwest venture partners, Saif partners, Accel partners",Private Equity,136.13,,Karnataka,
748,749,Swiggy,Food,Bengaluru,Norwest venture partners,Private Equity,123.75,,Karnataka,
749,750,Swiggy,Food,Bengaluru,"Accel partners, Saif partners",Private Equity,16.5,,Karnataka,
750,751,Syona Cosmetics,Personal Care,Chennai,Chennai angels,Seed Funding,0.0,,Tamil Nadu,
751,752,Talentrack,EdTech,Delhi,Unigrowth inc,Seed Funding,0.0,,Delhi,
752,753,Talkoot,Communication,Bengaluru,Undisclosed investors,Seed Funding,0.83,,Karnataka,
753,754,TapCibo,Food,Bengaluru,Alok goel,Seed Funding,0.0,,Karnataka,
754,755,Taskbob,Consumer Internet,Mumbai,"Orios venture partners, Mayfield india",Seed Funding,9.9,,Maharashtra,
755,756,TaskBucks,Finance,Delhi,Times internet,Private Equity,123.75,,Delhi,
756,757,Tavaga,Finance,Mumbai,Tracxn syndicate,Seed Funding,0.0,,Maharashtra,
757,758,TaxSutra,FinTech,Pune,"V balakrishnan, T v mohandas pai",Seed Funding,1.32,,Maharashtra,
758,759,Tea Trails,Food,Mumbai,"Anil matai, Vikram tandon, Shyam sundar r & others",Seed Funding,8.25,,Maharashtra,
759,760,Teabox,E-Commerce,Siliguri,"Jafco asia, Keystone group, Dragoneer investment, Accel partners",Private Equity,49.5,,West Bengal,
760,761,Team Indus,Aerospace,Bengaluru,"Nandan nilekani, Rajiv mody, Ajai chowdhary",Private Equity,12.38,,Karnataka,
761,762,Teewe,Technology,Bengaluru,"Sequoia capital, India quotient",Seed Funding,14.44,,Karnataka,
762,763,Teritree,Marketing,Bengaluru,Kcl,Seed Funding,1.16,,Karnataka,
763,764,Termsheet,FinTech,Chennai,"Anand vijay, Nipun dureja, Satyajit heeralal, Keith rodricks, Gaurav lochan, Azmul haque, Nikhil bagri",Seed Funding,0.83,,Tamil Nadu,
764,765,The Better India,Media,Bengaluru,I-cube-n,Seed Funding,1.37,,Karnataka,
765,766,The Home Salon,Personal Care,Mumbai,Venturenursery,Seed Funding,0.0,,Maharashtra,
766,767,The Man Company,Personal Care,Delhi,"Karan bajwa, Amanpreet bajaj, Manish vij",Seed Funding,0.0,,Delhi,
767,768,The News Minute,Media,Bengaluru,Quintillion media,Seed Funding,0.0,,Karnataka,
768,769,The Porter,Logistics,Mumbai,"Sequoia capital, Kae capital, Anupam mittal, Sandeep tandon",Private Equity,45.38,,Maharashtra,
769,770,The Porter,Logistics,Mumbai,Kae capital,Seed Funding,4.13,,Maharashtra,
770,771,The/Nudge Foundation,Charity,Bengaluru,"Nanadan nilekani, Inmobi, Paytm",Seed Funding,2.6,,Karnataka,
771,772,TheBetterIndia,Media,Bengaluru,Mohandas pai,Seed Funding,0.0,,Karnataka,
772,773,TheKarrier,Transportation,Bengaluru,"Sol primero, Outbox ventures, Nikunj jain",Seed Funding,1.98,,Karnataka,
773,774,Thrill App,Travel,Delhi,People group (shaadi),Private Equity,8.25,,Delhi,
774,775,TimeSaverz,Consumer Internet,Mumbai,Unilazer ventures,Private Equity,19.8,,Maharashtra,
775,776,TinyOwl,Delivery,Mumbai,"Matrix partners, Sequoia capital, Nexus venture partners",Private Equity,132.0,,Maharashtra,
776,777,TinyOwl,Delivery,Mumbai,"Sequoia capital, Matrix partners",Private Equity,61.88,,Maharashtra,
777,778,TOFlo,FinTech,Mumbai,Tania johny palathinkal,Seed Funding,0.83,,Maharashtra,
778,779,ToneTag,Technology,Bengaluru,Reliance capital venture,Private Equity,8.25,,Karnataka,
779,780,Tookitaki,Manufacturing,Bengaluru,"Jungle ventures, Redbright partners, Blume ventures",Private Equity,8.25,,Karnataka,
780,781,Tooler,Technology,Delhi,"Raghu khanna, Sameer gupta",Seed Funding,0.91,,Delhi,
781,782,Toppr,EdTech,Mumbai,"Fidelity growth partners india, Saif partners,  helion ventures",Private Equity,82.5,,Maharashtra,
782,783,Toppr,EdTech,Mumbai,Innoven capital,Private Equity,16.5,,Maharashtra,
783,784,Torqus,Food,Pune,S s mukherji & others,Seed Funding,2.89,,Maharashtra,
784,785,Town Essentials,E-Commerce,Bengaluru,"Sharad hegde, Girish reddy, Siddharth patil, Shrikant patil",Seed Funding,8.25,,Karnataka,
785,786,Townrush,B2B,Bengaluru,Lightspeed venture partners,Seed Funding,0.0,,Karnataka,
786,787,Townscript,Event Management,Pune,Group of angel investors,Seed Funding,0.0,,Maharashtra,
787,788,Tracxn,Data Analytics,Bengaluru,"Sachin bansal, Bunny bansal & other investors",Private Equity,82.5,,Karnataka,
788,789,Tracxn,Data Analytics,Bengaluru,Saif partners,Private Equity,28.88,,Karnataka,
789,790,Tradelab,Finance,Bengaluru,Rainmatter,Seed Funding,3.3,,Karnataka,
790,791,Travel Triangle,Consumer Internet,Noida,"Bessemer venture partners, Saif partners",Private Equity,66.0,,Uttar Pradesh,
791,792,TravelKhana,Food,Delhi,Astarc ventures & others,Seed Funding,0.0,,Delhi,
792,793,Treebo,Consumer Internet,Bengaluru,"Matrix partners india, Saif partners",Private Equity,49.5,,Karnataka,
793,794,Trip38,Travel,Bengaluru,"Interglobe technology quotient, Lantern capital",Private Equity,8.25,,Karnataka,
794,795,TripFactory,Travel,Bengaluru,"Aarin capital partners,",Private Equity,0.0,,Karnataka,
795,796,Triphobo,Travel,Pune,"Mayfield ventures, Kalaari capital",Private Equity,24.75,,Maharashtra,
796,797,Tripoto,Travel,Delhi,"Idg ventures, Outbox ventures",Private Equity,16.5,,Delhi,
797,798,Tripoto,Travel,Delhi,"500 startups, Idg ventures & advantedge fund, Neeraj arora, Leon seynave",Private Equity,0.0,,Delhi,
798,799,TruckMandi,Logistics,Delhi,"Ritesh dwivedy, Ramakant sharma, Mount nathan advisors",Private Equity,16.5,,Delhi,
799,800,Trucksfirst,Logistics,Gurugram,Saif partners,Private Equity,82.5,,Haryana,
800,801,Truebil,Automotive,Mumbai,"Kae capital, Anupam mittal",Seed Funding,4.13,,Maharashtra,
801,802,trueHb,Healthcare,Delhi,"Sachin and binny bansal, Malvinder and shivinder singh, Gurpreet singh & others",Seed Funding,19.8,,Delhi,
802,803,Truelancer,Careers,Delhi,"Blackstone valley group, Raghu vohra, Aditya dev sood, Kamal bansal",Seed Funding,0.0,,Delhi,
803,804,Trukky,Logistics,Ahmedabad,"Gujarat based angel investors, Mmy co-founder",Seed Funding,2.02,,Gujarat,
804,805,TrulyMadly,Dating,Delhi,"Helion venture partners, Kae capital",Private Equity,45.38,,Delhi,
805,806,Truweight,Healthcare,Hyderabad,Kalaari capital,Private Equity,0.0,,Telangana,
806,807,Twigly,Delivery,Gurugram,"Amit gupta, Sahil barua, Mukul singhal, Tracxn labs",Seed Funding,1.65,,Haryana,
807,808,Twyst,Event Management,Gurugram,"Rohit bhatia, Sunil nikhar, Vaibhav domkundwar, Siddharth nautiyal",Seed Funding,0.0,,Haryana,
808,809,UE Life Sciences,Healthcare,Mumbai,"Aarin capital, Unitus seed fund",Private Equity,24.75,,Maharashtra,
809,810,Uniken,Technology,Pune,Exfinity ventures,Private Equity,16.5,,Maharashtra,
810,811,UniLog,E-Commerce,Bengaluru,Kalaari capital,Private Equity,0.0,,Karnataka,
811,812,Uniphore,AI,Chennai,"Idg ventures, Kris gopalakrishnan",Private Equity,0.0,,Tamil Nadu,
812,813,Urban Ladder,E-Commerce,Bengaluru,"Sequoia capital, Tr capital, Steadview capital, Saif partners, Kalaari capital",Private Equity,412.5,,Karnataka,
813,814,Urban Ladder,E-Commerce,Bengaluru,"Anand rajaraman, Venky harinarayan",Private Equity,0.0,,Karnataka,
814,815,Urban Tailor,Consumer Internet,Bengaluru,Group of angel investors,Seed Funding,0.0,,Karnataka,
815,816,UrbanClap,Services,Gurugram,"Bessemer venture partner, Accel, Saif partners",Private Equity,206.25,,Haryana,
816,817,UrbanClap,Services,Gurugram,"Saif partners,  accel partners",Private Equity,82.5,,Haryana,
817,818,UrbanClap,Services,Gurugram,"Saif partners, Accel partners, Kunal bahl, Rohit bansal",Seed Funding,13.2,,Haryana,
818,819,UrbanClap,Services,Gurugram,Ratan tata,Private Equity,0.0,,Haryana,
819,820,UrbanPro,Services,Bengaluru,Nirvana venture advisors,Private Equity,16.5,,Karnataka,
820,821,UrDoorStep,Services,Bengaluru,Jupiter capital,Private Equity,0.0,,Karnataka,
821,822,Urjas,Energy,Gurugram,Solidarity venture capital & others,Seed Funding,0.83,,Haryana,
822,823,VanityCube,Personal Care,Delhi,Group of angel investors,Seed Funding,0.0,,Delhi,
823,824,Vedantu,EdTech,Bengaluru,"Accel partners, Tiger global management",Private Equity,41.25,,Karnataka,
824,825,Veeba Foods,Food,Delhi,"Dsg consumer partners, Saama capital.",Private Equity,49.5,,Delhi,
825,826,Venturesity,Careers,Bengaluru,"Phanindra sama, Jay sethuram, Hemant kanakia, Ravi trivedi",Seed Funding,2.23,,Karnataka,
826,827,Verayu,Technology,Gurugram,"Gwb group, Blume ventures",Private Equity,0.0,,Haryana,
827,828,Vidgyor,Education,Bengaluru,Angelprime,Seed Funding,4.13,,Karnataka,
828,829,Vidooly,Entertainment,Noida,Bessemer venture partners,Private Equity,8.25,,Uttar Pradesh,
829,830,VillFarm,AgriTech,Bengaluru,"Unitus seed fund, Rianta capital, R ramaraj, Sunil edwards",Seed Funding,0.0,,Karnataka,
830,831,Villgro,Finance,Chennai,Michael & susan dell foundation,Seed Funding,26.81,,Tamil Nadu,
831,832,VioletStreet,Personal Care,Gurugram,"Venkat vallabhneni, Sudhakar reddy, Srinivasa rao paturi",Seed Funding,2.6,,Haryana,
832,833,Virtual Logic,Technology,Bengaluru,Swarnim multiventures,Private Equity,6.6,,Karnataka,
833,834,Vistaar Finance,FinTech,Bengaluru,"Westbridge capital, Omidyar network, Elevar equity, Saama capital,  lok capital",Private Equity,330.0,,Karnataka,
834,835,Vlurn,EdTech,Mumbai,Vidyadhar sarfare,Seed Funding,0.0,,Maharashtra,
835,836,Voodoo,FinTech,Delhi,Saif partners,Seed Funding,8.25,,Delhi,
836,837,Voonik,E-Commerce,Bengaluru,"Sequoia capital, Seedfund",Private Equity,41.25,,Karnataka,
837,838,Voxweb,Technology,Mumbai,Undisclosed investor,Seed Funding,2.89,,Maharashtra,
838,839,VoxWeb,Technology,Mumbai,Jitendra gupta & others,Seed Funding,0.83,,Maharashtra,
839,840,Voylla,Personal Care,Jaipur,Peepul capital,Private Equity,123.75,,Rajasthan,
840,841,Vserv,Technology,Mumbai,"Maverick capital, Idg ventures india",Private Equity,123.75,,Maharashtra,
841,842,Vyomo,Personal Care,Bengaluru,Rocket internet,Private Equity,16.5,,Karnataka,
842,843,Vyomo,Personal Care,Bengaluru,Aprameya radhakrishna,Seed Funding,0.0,,Karnataka,
843,844,Wassup,Internet,Chennai,"Arun chandra mohan, Praveen sinha",Private Equity,16.5,,Tamil Nadu,
844,845,Wassup,Internet,Chennai,B s nagesh,Private Equity,0.0,,Tamil Nadu,
845,846,Weddingz,Consumer Internet,Mumbai,"Rajan anandan, Zoya akhtar, Reema kagati, Ruchi narain, Amrish kumar, Hrishikesh parandekar",Seed Funding,8.25,,Maharashtra,
846,847,WedmeGood,Event Management,Gurugram,Indian angel network,Seed Funding,3.38,,Haryana,
847,848,Welcome Cure,Healthcare,Mumbai,Unnamed media house and hnis,Private Equity,49.5,,Maharashtra,
848,849,Wetravelsolo,Travel,Delhi,"Ccube angels, Frontline strategy",Seed Funding,0.0,,Delhi,
849,850,Whatfix,Technology,Bengaluru,"Helion venture partner, Powerhouse ventures, Gsf and other angel investors",Seed Funding,7.43,,Karnataka,
850,851,White Owl Brewery,Food,Mumbai,"Arihant patni, Raay global investments",Private Equity,12.62,,Maharashtra,
851,852,WickedRide,Consumer Internet,Bengaluru,,Seed Funding,6.52,,Karnataka,
852,853,Wigzo,Technology,Delhi,"Aarin capital partners, Tv mohandas pai",Seed Funding,4.13,,Delhi,
853,854,Wishberry,Finance,Mumbai,"Rajan anandan, Shankar mahadevan, Deep kalra & others",Seed Funding,5.36,,Maharashtra,
854,855,Wizrocket,Marketing,Mumbai,"Sequoia capital, Accel partners",Private Equity,79.2,,Maharashtra,
855,856,WoNoBo,Real Estate,Bengaluru,Quikr,Private Equity,0.0,,Karnataka,
856,857,Wooplr,E-Commerce,Bengaluru,Helion venture partners,Private Equity,41.25,,Karnataka,
857,858,WorkHorse,Transportation,Mumbai,Undisclosed investors,Seed Funding,0.0,,Maharashtra,
858,859,WorkIndia,Consumer Internet,Mumbai,"Satyen kothari, Keshav sanghi, Riddhesh gandhi & others",Seed Funding,4.13,,Maharashtra,
859,860,World Art Community,E-Commerce,Gurugram,Viraj tyagi & others,Seed Funding,1.65,,Haryana,
860,861,WOW! MOMO,Food,Kolkata,Indian angel network,Seed Funding,13.2,,West Bengal,
861,862,WoWexpress,Logistics,Mumbai,Tamarind family private trust,Seed Funding,4.13,,Maharashtra,
862,863,Wudstay,Hospitality,Gurugram,"Mangroves capital partners, Vikas saxena",Private Equity,24.75,,Haryana,
863,864,wWhere,Travel,Bengaluru,Group of angel investors,Seed Funding,1.65,,Karnataka,
864,865,Wydr,E-Commerce,Gurugram,Sandeep aggarwal,Seed Funding,0.0,,Haryana,
865,866,XSTOK,B2B,Mumbai,Oliphans capital,Seed Funding,3.71,,Maharashtra,
866,867,YatraGenie,Electronics,Hyderabad,Ash bhardwaj,Private Equity,0.0,,Telangana,
867,868,YepMe,Personal Care,Gurugram,"Khazanah nasional berhad, Helion venture partners",Private Equity,618.75,,Haryana,
868,869,YepMe,Personal Care,Gurugram,"Js capital, Helion venture partners, Capricorn investment group",Private Equity,107.25,,Haryana,
869,870,Yo Grad,Education,Gurugram,Hyderabad angels (at startup heroes event),Seed Funding,0.13,,Haryana,
870,871,Yogurt Labs,Food,Bengaluru,"Nick adams, Kiran bhat, Family pot investments llp",Seed Funding,0.95,,Karnataka,
871,872,YourDOST,Healthcare,Bengaluru,"Phanindra sama, Aprameya radhakrishna, Aneesh reddy, Neeraj jawalkar, Sanjay anandaram, Pavan ongole, Venk krishnan",Seed Funding,3.3,,Karnataka,
872,873,YourStory,Media,Bengaluru,"Ratan tata, Vani kola, T v mohandas pai, Karthee madasamay",Seed Funding,0.0,,Karnataka,
873,874,YouthKiAwaaz,Media,Delhi,"Raghav bahl, Ritu kapur",Seed Funding,4.95,,Delhi,
874,875,Yumist,Food,Gurugram,"Unilazer ventures, Orios venture partners, Steven lurie",Private Equity,16.5,,Haryana,
875,876,Yumist,Food,Gurugram,Orios venture partner,Private Equity,8.25,,Haryana,
876,877,Yuvi Hospitality,Hospitality,Gurugram,Chandralekha construction pvt. ltd.,Private Equity,123.75,,Haryana,
877,878,Zakoopi,Personal Care,Delhi,Uniqorn ventures,Seed Funding,2.89,,Delhi,
878,879,Zappfresh,Food,Gurugram,Undisclosed investors,Seed Funding,0.64,,Haryana,
879,880,Zapr,Technology,Gurugram,Dinesh agarwal,Seed Funding,0.0,,Haryana,
880,881,ZapStitch,Cloud Tech,Bengaluru,"Helion venture partners, Orios venture partners",Private Equity,16.5,,Karnataka,
881,882,Zenatix,IoT,Gurugram,"Rajan anandan, Kunal bahl, Rohit bansal, Rahul khanna",Seed Funding,1.33,,Haryana,
882,883,Zenatix,IoT,Gurugram,Blume ventures,Private Equity,0.0,,Haryana,
883,884,Zenify,Services,Bengaluru,"Atul jalan, Shrikanth & bharath",Seed Funding,5.28,,Karnataka,
884,885,Zenify,Services,Bengaluru,Atul jalan,Seed Funding,0.0,,Karnataka,
885,886,ZenParent,Consumer Internet,Bengaluru,I2india ventures,Seed Funding,4.13,,Karnataka,
886,887,ZenRadius,Technology,Bengaluru,"Tracxn labs, Deepak singh",Seed Funding,0.0,,Karnataka,
887,888,Zeppery,Delivery,Delhi,Suyash sharma,Seed Funding,0.64,,Delhi,
888,889,Zify,Transportation,Hyderabad,Sean o'sullivan & others,Seed Funding,1.57,,Telangana,
889,890,Zilingo,E-Commerce,Bengaluru,"Sequoia india, Beenext ventures, Kunal shah & sandeep tandon",Private Equity,15.68,,Karnataka,
890,891,Zimmber,Services,Mumbai,"Idg ventures india, Omidyar network, Sherpalo ventures,  mohandas pai",Private Equity,16.5,,Maharashtra,
891,892,Zimmber,Services,Mumbai,"Naveen tiwari, Mohit saxena, Amit gupta, Piyush shah, Manish dugar",Seed Funding,3.3,,Maharashtra,
892,893,Zinka,Hospitality,Bengaluru,"Accel partners, Flipkart",Private Equity,49.5,,Karnataka,
893,894,Zivame,E-Commerce,Bengaluru,"Zodius technology fund, Khazanah nasional berhad",Private Equity,330.0,,Karnataka,
894,895,Zo Rooms,Hospitality,Delhi,"Tiger global management, Orios venture partners",Private Equity,247.5,,Delhi,
895,896,Zo Rooms,Travel,Delhi,"Tiger global, Orios venture partners.",Private Equity,123.75,,Delhi,
896,897,Zocalo,Real Estate,Delhi,"Sachin bhatia, Rajesh sawhney",Seed Funding,0.0,,Delhi,
897,898,Zoctr,Healthcare,Mumbai,"Sandeep parwal, Krishan gupta & others",Seed Funding,8.25,,Maharashtra,
898,899,Zomato,Food,Gurugram,"Temasek, Vy capital",Private Equity,495.0,,Haryana,
899,900,Zomato,Food,Gurugram,Info edge (india),Private Equity,206.25,,Haryana,
900,901,Zoojoo.be,E-Commerce,Bengaluru,Roundglass partners,Private Equity,8.25,,Karnataka,
901,902,Zoomcar,Transportation,Bengaluru,"Sequoia capital, Empire angels, Ngp",Private Equity,90.75,,Karnataka,
902,903,Zoomcar,Transportation,Bengaluru,Sequoia capital,Private Equity,41.25,,Karnataka,
903,904,ZopHop,Logistics,Mumbai,"Amit singhal, Pk gulati & others",Seed Funding,3.71,,Maharashtra,
904,905,ZopNow,E-Commerce,Bengaluru,"Dragoneer investment, Accel partners, Qualcomm ventures, Times internet",Private Equity,82.5,,Karnataka,
905,906,Zopper,E-Commerce,Mumbai,"Tiger global,  nirvana ventures advisors",Private Equity,165.0,,Maharashtra,
906,907,Zovi / Little App,E-Commerce,Bengaluru,"Paytm, Saif partners,  tiger global management & others",Private Equity,412.5,,Karnataka,
907,908,ZuperMeal,Food,Mumbai,"Sanjeev kapoor,  ravi saxena & others",Private Equity,16.5,,Maharashtra,
908,909,121Policy,Consumer Internet,Kolkata,Xelpmoc,Seed Funding,0.0,,West Bengal,
909,910,1mg,Healthcare,Gurugram,"Maverick capital ventures, Sequoia capital, Omidyar network",Private Equity,123.75,,Haryana,
910,911,1mg,Healthcare,Gurugram,Hbm healthcare investments,Private Equity,0.0,,Haryana,
911,912,360Ride,Consumer Internet,Bengaluru,,Seed Funding,1.24,,Karnataka,
912,913,3Dexter,Technology,Delhi,Newbie promoters,Seed Funding,1.24,,Delhi,
913,914,6Degree,Networking,Mumbai,Indian angel network,Seed Funding,1.65,,Maharashtra,
914,915,91SpringBoard,Careers,Delhi,"Khattar holdings, Thirtythree investments, Soumitra sharma, Deepak sharma, Sumit dayal and others",Private Equity,0.0,,Delhi,
915,916,Aahaa,E-Commerce,Chennai,"Yournest angel fund,",Private Equity,8.25,,Tamil Nadu,
916,917,Aarav UAV,Technology,Kanpur,"Startupxseed ventures, The phoenix fund and others",Seed Funding,0.0,,Uttar Pradesh,
917,918,Aasaanjobs,Consumer Internet,Mumbai,"Aspada advisors, Idg ventures,  inventus capital",Private Equity,41.25,,Maharashtra,
918,919,AbeRuk,E-Commerce,Bengaluru,Swastika company pvt ltd,Seed Funding,0.0,,Karnataka,
919,920,Actofit,Technology,Mumbai,Next orbit ventures fund,Private Equity,6.19,,Maharashtra,
920,921,ActOnMagic,Technology,Bengaluru,Jayabalan subramanian,Seed Funding,1.03,,Karnataka,
921,922,Address Health,Healthcare,Bengaluru,Gray matters capital,Private Equity,12.38,,Karnataka,
922,923,AdPushUp,Technology,Delhi,"Geniee, Inc, Purvi capital",Private Equity,0.0,,Delhi,
923,924,AdUrCup,Consumer Internet,Delhi,Green house ventures (ghv),Seed Funding,0.83,,Delhi,
924,925,Advanced Structures India,Real Estate,Bengaluru,Girnarsoft,Private Equity,0.0,,Karnataka,
925,926,Advantage Club,Consumer Internet,Gurugram,Purvi ventures & others,Seed Funding,3.3,,Haryana,
926,927,Advenio,Technology,Chandigarh,Kalaari capital,Seed Funding,0.83,,Chandigarh,
927,928,Adytude,Consumer Internet,Delhi,Indian angel network,Private Equity,8.25,,Delhi,
928,929,AerMed,E-Commerce,Mumbai,Hitesh windlass,Seed Funding,0.0,,Maharashtra,
929,930,Affimity,Consumer Internet,Bengaluru,Undisclosed investors,Seed Funding,9.9,,Karnataka,
930,931,Affordplan,Technology,Delhi,"Prime venture partners, Kalaari capital",Private Equity,24.75,,Delhi,
931,932,Affordplan,Technology,Delhi,Kalaari capital accelerator program,Seed Funding,4.13,,Delhi,
932,933,Airwood,Technology,Chennai,Startupxseed ventures,Seed Funding,0.0,,Tamil Nadu,
933,934,Aisle,Consumer Internet,Bengaluru,"Termsheet, Ah! ventures",Seed Funding,1.53,,Karnataka,
934,935,Alef Mobitech,Consumer Internet,Mumbai,Tata capital innovation fund,Private Equity,41.25,,Maharashtra,
935,936,AlmaConnect,Consumer Internet,Delhi,"Mohandas pai, Varun aggarwal",Seed Funding,0.0,,Delhi,
936,937,Alternacare,Consumer Internet,Delhi,Eros labs,Seed Funding,4.13,,Delhi,
937,938,Altizone,Technology,Pune,"Wipro ventures,  lumis partners",Private Equity,33.0,,Maharashtra,
938,939,Amagi Media Labs,Media,Mumbai,"Emerald media, Premji invest",Private Equity,288.75,,Maharashtra,
939,940,American Vision,Consumer Internet,Pune,Undisclosed investors,Seed Funding,0.67,,Maharashtra,
940,941,Anandakanda,Technology,Pune,Undisclosed investors,Seed Funding,1.24,,Maharashtra,
941,942,AppDaily,Technology,Mumbai,"Kalaari capital, Qualcomm ventures, Ru-net, Zodius technology opportunities fund,",Private Equity,16.5,,Maharashtra,
942,943,Appie,Consumer Internet,Mumbai,Undisclosed investors,Seed Funding,8.25,,Maharashtra,
943,944,AppilyEver,Consumer Internet,Hyderabad,"Varun aggarwal, Suresh venkat, Raj y",Seed Funding,3.3,,Telangana,
944,945,Appknox,Technology,Bengaluru,"Seedplus, Infocomm investments, Accel partners rnt associates",Private Equity,5.57,,Karnataka,
945,946,Applicate,Software,Bengaluru,Undisclosed investors,Seed Funding,8.25,,Karnataka,
946,947,AppLop,IT,Gurugram,Green house ventures accelerator,Seed Funding,2.06,,Haryana,
947,948,AppsDaily,Technology,Mumbai,"Zodius capital, Kalaari capital, Qualcomm ventures, Russian venture capital fund ru-net, Mumbai angels",Private Equity,30.94,,Maharashtra,
948,949,Arcatron,Technology,Pune,Sudhir mehta,Seed Funding,0.83,,Maharashtra,
949,950,Arcatron,Technology,Pune,"Sudhir mehta, Anoop hingorani",Seed Funding,0.0,,Maharashtra,
950,951,Ark Robot,Technology,Bengaluru,Qualcomm (through qprize contest),Seed Funding,2.89,,Karnataka,
951,952,Asocon,Technology,Noida,Quarizon,Seed Funding,0.0,,Uttar Pradesh,
952,953,Ather Energy,EV,Bengaluru,Hero motocorp,Private Equity,222.75,,Karnataka,
953,954,Athletto,Consumer Internet,Bengaluru,Atul ingle,Seed Funding,0.0,,Karnataka,
954,955,Atomberg,Households,Mumbai,Parampara capital,Private Equity,8.25,,Maharashtra,
955,956,Augrav,E-Commerce,Coimbatore,Keiretsu forum,Seed Funding,3.71,,Tamil Nadu,
956,957,AutoSense,Technology,Delhi,Tvs automobile solutions ltd,Private Equity,0.0,,Delhi,
957,958,Avagmah,Consumer Internet,Bengaluru,"Kris gopalakrishnan, Atul nishar",Seed Funding,0.0,,Karnataka,
958,959,Avanti Learning,Education,Delhi,Michael & susan dell foundation,Private Equity,41.25,,Delhi,
959,960,Awesummly,Consumer Internet,Bengaluru,"Vivek bhargava, Ameera shah",Seed Funding,1.21,,Karnataka,
960,961,Azuro,Consumer Internet,Mumbai,"White unicorn ventures, Kae capital, Mumbai angels",Private Equity,0.0,,Maharashtra,
961,962,B9 Beverages,Food,Delhi,"Sequoia capital, Kunal bahl, Rohit bansal, Deepinder goyal, Ashish dhawan, Mayank singhal",Private Equity,49.5,,Delhi,
962,963,Baby Berry,Consumer Internet,Bengaluru,Nitin bagmane & other undisclosed investors,Seed Funding,8.25,,Karnataka,
963,964,BabyChakra,Consumer Internet,Mumbai,Roundglass partners,Private Equity,0.0,,Maharashtra,
964,965,Babygogo,Consumer Internet,Delhi,"Rajul garg, Daljit singh, Aditya vij, Kishore kumar, Shuchin bajaj",Seed Funding,2.48,,Delhi,
965,966,Badiyajobs,Consumer Internet,Delhi,,Seed Funding,0.83,,Delhi,
966,967,BaggOut,E-Commerce,Delhi,"Sumit jain, Sumit jain, Anurag gupta, Varun khanna, Faraz khan",Seed Funding,0.0,,Delhi,
967,968,BankerBay,FinTech,Bengaluru,Undisclosed investors,Private Equity,16.5,,Karnataka,
968,969,Bats on delivery,Consumer Internet,Gurugram,Devdeep singh,Seed Funding,0.74,,Haryana,
969,970,BeaconsTalk,Technology,Mumbai,"Rajeev agrawal, Prashant gooty",Seed Funding,0.83,,Maharashtra,
970,971,Beardo,E-Commerce,Ahmedabad,Venture catalysts,Seed Funding,4.13,,Gujarat,
971,972,BeatRoute,Technology,Gurugram,Quarizon consultancy services llp,Seed Funding,0.0,,Haryana,
972,973,BedBathMore,Consumer Internet,Mumbai,"Kinnevik group, Rocket internet",Private Equity,0.0,,Maharashtra,
973,974,Betaout,Technology,Noida,"Stanford angels, Letsventure, Chennai angels, Hyderabad angels, Mumbai angels",Private Equity,12.38,,Uttar Pradesh,
974,975,BetterPlace,Services,Bengaluru,Unitus seed fund,Seed Funding,8.0,,Karnataka,
975,976,Betterplace,Services,Bengaluru,Venture highway,Seed Funding,0.0,,Karnataka,
976,977,Beyond Evolution,Technology,Gurugram,"Vineet taneja, Kamal puri",Seed Funding,0.0,,Haryana,
977,978,Bharat Bazaar,E-Commerce,Mumbai,"Beenext, Tv mohandas pai, Kunal shah, Sandeep tandon",Seed Funding,0.0,,Maharashtra,
978,979,BHIVE,Hospitality,Bengaluru,Blume ventures,Private Equity,8.25,,Karnataka,
979,980,BHIVE,Hospitality,Bengaluru,"Raghunandan g, Venturesity, Arihant patni",Seed Funding,0.0,,Karnataka,
980,981,Big Basket,E-Commerce,Bengaluru,Abraaj group,Private Equity,1237.5,,Karnataka,
981,982,Big Fish Ventures,Food,Delhi,Undisclosed investors,Private Equity,91.58,,Delhi,
982,983,BigStylist,Personal Care,Mumbai,Info edge (india) ltd,Private Equity,7.43,,Maharashtra,
983,984,Bikxie,Consumer Internet,Gurugram,Undisclosed investors,Seed Funding,0.0,,Haryana,
984,985,Biryani Blues,Food,Gurugram,Carpediem capital & others,Private Equity,3.04,,Haryana,
985,986,BitGiving,Consumer Internet,Delhi,"Harminder sahni, Krishna mehra, Sanjay bakshi",Seed Funding,0.0,,Delhi,
986,987,Bizongo,B2B,Mumbai,"Idg ventures, Accel partners",Private Equity,24.75,,Maharashtra,
987,988,Blinge,E-Commerce,Mumbai,"Anupam mittal, Anuj srivastava, Ankit nagori",Seed Funding,0.0,,Maharashtra,
988,989,BlogBeats,Consumer Internet,Bengaluru,Undisclosed investor,Seed Funding,0.0,,Karnataka,
989,990,Blue Box Media,Consumer Internet,Jaipur,"Mahavir pratap sharma, Ajay data, Yogesh chaudhary, Sanjay phophaliya, Siddharth agarwal, Kamal kothari",Seed Funding,0.0,,Rajasthan,
990,991,Blue Tokai Coffee,E-Commerce,Delhi,Snow leopard technology ventures,Seed Funding,0.0,,Delhi,
991,992,BlueStone,E-Commerce,Mumbai,"Iifl and accel partners, Kalaari capital, Ivycap ventures, Rb investments",Private Equity,247.5,,Maharashtra,
992,993,BoiBanit,E-Commerce,Vadodara,Undisclosed investors,Seed Funding,0.0,,Gujarat,
993,994,Bollant Industries,Technology,Hyderabad,Ratan tata,Private Equity,0.0,,Telangana,
994,995,Bombay Shaving,Personal Care,Delhi,"Noshir kaka, Subramanian ramadorai, Kiran deshpande, Pankaj gupta, Ravi nigam & others",Seed Funding,4.95,,Delhi,
995,996,Bombay Shirt Company,Personal Care,Mumbai,Undisclosed investor,Private Equity,8.25,,Maharashtra,
996,997,Bonhomia,Food,Delhi,"Alok rawat, Grey orange robotics",Seed Funding,8.25,,Delhi,
997,998,Bonhomia,Food,Delhi,Valpro capital and existing investors,Private Equity,0.0,,Delhi,
998,999,Book My Show,Consumer Internet,Mumbai,"Stripes group, Network 18, Accel partners, Saif partners",Private Equity,676.5,,Maharashtra,
999,1000,BookEventz,Consumer Internet,Mumbai,Investors from mumbai angels & letsventure,Seed Funding,0.0,,Maharashtra,
1000,1001,Box8,Delivery,Mumbai,"Iifl seed ventures fund, Mayfield ventures",Private Equity,61.88,,Maharashtra,
1001,1002,BRIDGEi2I,Technology,Bengaluru,Edelweiss private equity,Private Equity,0.0,,Karnataka,
1002,1003,Broomberg,Consumer Internet,Delhi,Undisclosed angel investors & hnis,Seed Funding,0.0,,Delhi,
1003,1004,Browntape,Technology,Goa,Gati ltd,Private Equity,0.0,,Goa,
1004,1005,Bucker,Consumer Internet,Hyderabad,"50k ventures, Munish jauhar, Pulkit jain, Rohit narang",Seed Funding,0.0,,Telangana,
1005,1006,Buddy,Finance,Bengaluru,"Blume ventures,  tracxn labs",Seed Funding,4.13,,Karnataka,
1006,1007,Buildkar,E-Commerce,Bengaluru,"Mustafa wajid, Umang kumar & others",Seed Funding,0.0,,Karnataka,
1007,1008,BuildTraders,E-Commerce,Bengaluru,Idein ventures,Seed Funding,1.65,,Karnataka,
1008,1009,Buildzar,E-Commerce,Gurugram,Puneet dalmia,Private Equity,33.0,,Haryana,
1009,1010,Buttercups,E-Commerce,Bengaluru,"Anand chandrasekaran, Kanwaljit singh, Manoj varghese",Seed Funding,0.0,,Karnataka,
1010,1011,BYJU'S,EdTech,Bengaluru,"Sequoia india, Sofina",Private Equity,618.75,,Karnataka,
1011,1012,BYJU'S,EdTech,Bengaluru,"Chan zuckerberg initiative, Times internet ltd, Sequoia capital, Sofina, Lightspeed ventures",Private Equity,412.5,,Karnataka,
1012,1013,BYJU'S,EdTech,Bengaluru,International financial corporation,Private Equity,123.75,,Karnataka,
1013,1014,BYJU'S,EdTech,Bengaluru,"Sanjay verma, Amit khanna (letsventure)",Seed Funding,0.0,,Karnataka,
1014,1015,Campus Diaries,Consumer Internet,Bengaluru,Aarin capital,Seed Funding,1.82,,Karnataka,
1015,1016,Canvera,Consumer Internet,Bengaluru,Info edge (india) ltd,Private Equity,24.75,,Karnataka,
1016,1017,Canvera,Consumer Internet,Bengaluru,Pratik seal,Seed Funding,0.0,,Karnataka,
1017,1018,Capital Float,Finance,Bengaluru,"Creation investments capital management, Saif partners, Sequoia capital, Aspada ventures",Private Equity,206.25,,Karnataka,
1018,1019,Capzest,Consumer Internet,Mumbai,Lion ventures,Seed Funding,1.65,,Maharashtra,
1019,1020,Carcrew.in,Consumer Internet,Mumbai,Tvs group,Seed Funding,4.13,,Maharashtra,
1020,1021,Care24,Healthcare,Mumbai,"Saif partners, India quotient",Private Equity,33.0,,Maharashtra,
1021,1022,Career360,Careers,Delhi,Merittrac,Private Equity,0.0,,Delhi,
1022,1023,CareonGO,Consumer Internet,Delhi,"Farooq oomerbhoy, Anupam mittal, Anand mittal, Ravi garikipati, Vibhu garg, Singapore angel network, Konglo ventures",Seed Funding,0.0,,Delhi,
1023,1024,Careongo,E-Commerce,Delhi,Farooq oomerbhoy & other angel investors,Seed Funding,2.48,,Delhi,
1024,1025,CarTrade,Automotive,Mumbai,"Temasek holdings, March capital, Warburg pincus",Private Equity,1196.25,,Maharashtra,
1025,1026,CarveNiche,Consumer Internet,Bengaluru,"Calcutta angels, Lead angels & others",Seed Funding,0.0,,Karnataka,
1026,1027,CashKaro,FinTech,Gurugram,Ratan tata,Private Equity,0.0,,Haryana,
1027,1028,CCAvenue,Consumer Internet,Mumbai,Nsi infinium global pvt. ltd,Private Equity,73.43,,Maharashtra,
1028,1029,Celerix,Technology,Bengaluru,Bitkemy ventures,Seed Funding,3.3,,Karnataka,
1029,1030,Celes Care,Consumer Internet,Hyderabad,Endiya partners,Seed Funding,8.25,,Telangana,
1030,1031,Chai Thela,Food,Noida,Quarizon,Seed Funding,1.8,,Uttar Pradesh,
1031,1032,ChatOnGo,Consumer Internet,Mumbai,Janak jain,Seed Funding,2.48,,Maharashtra,
1032,1033,CheersOye!,Consumer Internet,Mumbai,Undisclosed investors,Seed Funding,4.13,,Maharashtra,
1033,1034,Chikoop,Consumer Internet,Indore,Undisclosed investors,Seed Funding,0.0,,Madhya Pradesh,
1034,1035,CityFurnish,Consumer Internet,Gurugram,Brand capital,Seed Funding,0.0,,Haryana,
1035,1036,CityShor,Consumer Internet,Ahmedabad,Gain,Seed Funding,0.0,,Gujarat,
1036,1037,Civilsdaily,Consumer Internet,Delhi,Manoj kumar & other undisclosed investors,Seed Funding,0.0,,Delhi,
1037,1038,ClearTax,FinTech,Delhi,"Ravi adusumalli, Saif partners",Private Equity,99.0,,Delhi,
1038,1039,ClearTax,FinTech,Bengaluru,"Ff angel, Sequoia capital",Private Equity,16.5,,Karnataka,
1039,1040,ClearTax,FinTech,Bengaluru,"Max levchin, Scott banister",Private Equity,10.73,,Karnataka,
1040,1041,Cleartrip,Consumer Internet,Mumbai,"Concur technologies, Gund investment",Private Equity,0.0,,Maharashtra,
1041,1042,Cloudacar,Consumer Internet,Pune,"Amit choudhary, Anuj puri",Seed Funding,0.0,,Maharashtra,
1042,1043,CloudCherry,Cloud Tech,Chennai,"Vertex ventures, Cisco ventures, Idg ventures",Private Equity,49.5,,Tamil Nadu,
1043,1044,Co Life,Consumer Internet,Bengaluru,Undisclosed investors,Seed Funding,8.25,,Karnataka,
1044,1045,Codemojo,Consumer Internet,Bengaluru,Cio angel network,Seed Funding,0.0,,Karnataka,
1045,1046,CodingLabs,Technology,Hyderabad,Vineet nalla,Seed Funding,0.0,,Telangana,
1046,1047,CollegeDekho,EdTech,Delhi,Man capital,Private Equity,16.5,,Delhi,
1047,1048,CollegeDunia,Consumer Internet,Delhi,Umang kumar,Seed Funding,3.67,,Delhi,
1048,1049,Comarete,Technology,Pune,Grex.in,Seed Funding,1.65,,Maharashtra,
1049,1050,Commut,Consumer Internet,Hyderabad,50k ventures,Seed Funding,1.65,,Telangana,
1050,1051,ConfirmtTkt,Travel,Bengaluru,"Krishna jhujhunwala, Dr. apoorv ranjan sharma, Anirudh damani, Anand ladsariya, Sanjay mehta & others",Seed Funding,2.06,,Karnataka,
1051,1052,Connect India,Logistics,Bengaluru,Aavishkaar venture management,Private Equity,8.25,,Karnataka,
1052,1053,Consure Medical,Healthcare,Delhi,"Accel partners, Indian angel network, India innovation fund india venture partners",Private Equity,0.0,,Delhi,
1053,1054,Convegenius,Internet,Noida,Michael and susan dell foundation,Private Equity,7.43,,Uttar Pradesh,
1054,1055,Cookaroo,Consumer Internet,Bengaluru,Vijay krishna yadav,Seed Funding,0.0,,Karnataka,
1055,1056,Cookifi,Consumer Internet,Bengaluru,"Kunal shah, Aneesh reddy, Tracxn labs, Venkat tadanki, Krishna mehra, Amit rathore",Seed Funding,0.0,,Karnataka,
1056,1057,Coppre,E-Commerce,Pune,Ganesh natarajan,Seed Funding,0.0,,Maharashtra,
1057,1058,Corseco,Technology,Delhi,"Ameera shah, Vivek bhargava",Seed Funding,1.24,,Delhi,
1058,1059,Coutloot,E-Commerce,Mumbai,Venture catalysts,Seed Funding,0.0,,Maharashtra,
1059,1060,CreditMate,Consumer Internet,Mumbai,India quotient,Seed Funding,4.13,,Maharashtra,
1060,1061,CreditSeva,Consumer Internet,Hyderabad,"Pix vine capital, Infocomm development authority of singapore",Seed Funding,2.97,,Telangana,
1061,1062,CreditVidya,Technology,Mumbai,Kalaari capital,Private Equity,8.25,,Maharashtra,
1062,1063,CREO,Technology,Bengaluru,"Sequoia capital, Beenext ventures, India quotient, Anand chandrasekaran",Private Equity,24.75,,Karnataka,
1063,1064,CroFarm,AgriTech,Gurugram,"Mukul singhal, Rohit jain, Himanshu aggrawal, Sunil goyal ashish gupta,",Private Equity,12.38,,Haryana,
1064,1065,CropIn Technologies,Technology,Bengaluru,Sophia investment aps,Private Equity,16.5,,Karnataka,
1065,1066,Crossahead,Consumer Internet,Noida,Mohit sharma,Seed Funding,0.0,,Uttar Pradesh,
1066,1067,CrownIt,Services,Gurugram,"Kunal shah & sandeep tandon, Girish mathrubootham, Anand chandrasekaran",Seed Funding,0.0,,Haryana,
1067,1068,Crownit,Services,Gurugram,"Undisclosed investors, Accel partners, Helion venture partners",Private Equity,0.0,,Haryana,
1068,1069,Cuberoot,Technology,Gurugram,Undisclosed investors,Seed Funding,4.13,,Haryana,
1069,1070,CueMath,EdTech,Bengaluru,"Sequoia capital, Unitus seed fund",Private Equity,33.0,,Karnataka,
1070,1071,Cult,Healthcare,Bengaluru,Curefit,Private Equity,24.75,,Karnataka,
1071,1072,Cult,Healthcare,Bengaluru,Mukesh bansal,Seed Funding,0.0,,Karnataka,
1072,1073,CupoNation,Consumer Internet,Gurugram,"Rocket internet ag, Holtzbrink ventures, New enterprise associates (nea), E.ventures, Ru-net, Deutsche telekom strategic investments (dtsi), Silicon valley bank",Private Equity,90.75,,Haryana,
1073,1074,CureFit,Healthcare,Bengaluru,"Accel partners, Idg ventures, Kalaari capital",Private Equity,123.75,,Karnataka,
1074,1075,CureInstant,Consumer Internet,Delhi,Dr. rameshwar kumar,Seed Funding,1.24,,Delhi,
1075,1076,CureJoy,Healthcare,Bengaluru,Accel partners india,Private Equity,36.3,,Karnataka,
1076,1077,Cyclops,Technology,Bengaluru,Kalaari capital,Seed Funding,0.83,,Karnataka,
1077,1078,Cyclops Medtech,Healthcare,Bengaluru,Cp bothra,Seed Funding,0.0,,Karnataka,
1078,1079,Daily Ninja,Consumer Internet,Bengaluru,"Venk krishnan, Aprameya radhakrishna, Anupam mittal, Kunal shah, Tracxn labs, Subramanya sv, Ravi garkipati",Seed Funding,0.0,,Karnataka,
1079,1080,DailyHunt,Media,Bengaluru,"Bytedance, Arun sarin, Matrix partners, Sequoia capital india, Omidyar network,  falcon edge",Private Equity,206.25,,Karnataka,
1080,1081,DailyObjects,E-Commerce,Delhi,"Unilazer fund,  phanindra sama, Peyush bansal",Private Equity,11.55,,Delhi,
1081,1082,DailyRounds,Consumer Internet,Bengaluru,"Accel partners, Beenext, Powerhouse ventures, Akusa holdings",Private Equity,0.0,,Karnataka,
1082,1083,DarwinBox,Technology,Hyderabad,"3one4 capital, Tracxn labs, Aaruha technology fund, Endiya partners",Seed Funding,0.0,,Telangana,
1083,1084,DawaiLelo,Healthcare,Varanasi,Undisclosed investors,Seed Funding,0.43,,Uttar Pradesh,
1084,1085,DayBox,Consumer Internet,Delhi,"Ashutosh lawania, Rajul jain, Badal malick, Rishi gupta & others",Seed Funding,0.86,,Delhi,
1085,1086,Deal4Loans,Consumer Internet,Noida,Franklin templeton international services pvt. ltd,Private Equity,123.75,,Uttar Pradesh,
1086,1087,Deal4Loans,Consumer Internet,Noida,"Ram shriram, Neeraj arora, Puru vashishtha",Seed Funding,0.0,,Uttar Pradesh,
1087,1088,Dekkho,Consumer Internet,Mumbai,Undisclosed investors,Seed Funding,9.9,,Maharashtra,
1088,1089,Demyto,Consumer Internet,Pune,Deepak nathani,Seed Funding,0.0,,Maharashtra,
1089,1090,Derbii,Logistics,Gurugram,Anurag chauhan,Seed Funding,0.0,,Haryana,
1090,1091,DesignBids,Consumer Internet,Delhi,Indian angel network,Seed Funding,0.0,,Delhi,
1091,1092,Deyor Camps,Consumer Internet,Gurugram,"Nitin passi, Manickam mahalingam, Udaan angels, Rajesh arora, Arkas industries",Seed Funding,4.13,,Haryana,
1092,1093,Digio,Technology,Bengaluru,Rainmatter,Private Equity,3.09,,Karnataka,
1093,1094,Dil Mil,Consumer Internet,Bengaluru,"Nelstone ventures, Transmedia capital, Maiden lane ventures, Csc upshot & angel investors",Private Equity,22.28,,Karnataka,
1094,1095,Dipper,E-Commerce,Delhi,Undisclosed investor,Seed Funding,0.0,,Delhi,
1095,1096,Diro Labs,Consumer Internet,Delhi,Info edge (india) ltd,Private Equity,3.71,,Delhi,
1096,1097,Diro Labs,Consumer Internet,Delhi,Info edge (india),Seed Funding,1.21,,Delhi,
1097,1098,DocsApp,Healthcare,Bengaluru,"Rebright partners, Anand rajaraman, Venky harinarayan",Private Equity,9.9,,Karnataka,
1098,1099,Doctor Insta,Consumer Internet,Gurugram,Roundglass partners,Private Equity,16.5,,Haryana,
1099,1100,DoctorInsta,Consumer Internet,Gurugram,Roundglass partners,Private Equity,8.25,,Haryana,
1100,1101,DogSpot,E-Commerce,Gurugram,Ratan tata,Seed Funding,0.0,,Haryana,
1101,1102,Don't Scratch Your Head,Technology,Ahmedabad,"Gaurav singhvi, Zaffiro ventures",Seed Funding,2.06,,Gujarat,
1102,1103,DoSelect,Consumer Internet,Bengaluru,"3one4 capital, Mumbai angels, Aarin capital",Seed Funding,0.0,,Karnataka,
1103,1104,Dream Wallets,Consumer Internet,Jaipur,"Rakesh gupta, Aditya aggarwal, Siddharth banerjee, Vikas ranjan, Anshul jindal, Sunil koul, And sanjeev agrawal",Seed Funding,0.0,,Rajasthan,
1104,1105,DriversCart,Consumer Internet,Chennai,Ah! ventures,Seed Funding,3.71,,Tamil Nadu,
1105,1106,DriveU,Transportation,Bengaluru,Unitus seed fund,Seed Funding,0.0,,Karnataka,
1106,1107,Drivify,Transportation,Mumbai,"Jitendra gupta, Pankaj tripathi",Seed Funding,0.41,,Maharashtra,
1107,1108,DrivoJoy,Transportation,Bengaluru,"Indian angel network, Tracxn labs & others",Seed Funding,4.95,,Karnataka,
1108,1109,Droom,E-Commerce,Gurugram,"Beenext, Digital garage, Lightbox, Beenos",Private Equity,0.0,,Haryana,
1109,1110,Dropkaffe,Food,Bengaluru,"Growthstory, Apurva salapuria, Hitesh oberoi, Sidharth pansari, Nirupa shankar",Seed Funding,4.54,,Karnataka,
1110,1111,Druva,Technology,Pune,"Sequoia india, Edbi, Blue cloud ventures, Hercules capital",Private Equity,420.75,,Maharashtra,
1111,1112,Druva,Technology,Pune,"Ntt finance, Telephone corporation",Private Equity,0.0,,Maharashtra,
1112,1113,Duffl,E-Commerce,Bengaluru,Betonindia technology pvt ltd,Seed Funding,0.0,,Karnataka,
1113,1114,Dunzo,Delivery,Bengaluru,"Aspada investment advisors, Blume ventures.",Seed Funding,5.36,,Karnataka,
1114,1115,EasyPolicy,Consumer Internet,Noida,"Unilazer ventures,",Private Equity,82.5,,Uttar Pradesh,
1115,1116,EasyPolicy,Consumer Internet,Noida,Unilazer ventures,Private Equity,18.15,,Uttar Pradesh,
1116,1117,EasyRoads,Consumer Internet,Mumbai,"Rohan angrish, Hrishi oberoi, Rahul mehta, Kapil hetamsaria, Pranav dedhia",Seed Funding,1.65,,Maharashtra,
1117,1118,Eatonomist,Consumer Internet,Gurugram,Mcube capital advisors pvt ltd,Seed Funding,0.0,,Haryana,
1118,1119,EdTechReview,Consumer Internet,Delhi,Evc ventures,Seed Funding,0.0,,Delhi,
1119,1120,EduAce Services,Education,Lucknow,Momagic technologies,Private Equity,8.25,,Uttar Pradesh,
1120,1121,EduBridge,Consumer Internet,Mumbai,"Insitor impact asia fund, Acumen fund",Private Equity,20.63,,Maharashtra,
1121,1122,EduPristine,Education,Mumbai,"Kaizen management advisors, Devry inc",Private Equity,82.5,,Maharashtra,
1122,1123,Edurev,Consumer Internet,Gurugram,Pradeep reddy kamasan,Seed Funding,0.0,,Haryana,
1123,1124,eKincare,Healthcare,Hyderabad,"Bitchemy ventures, Maheshwari investments pvt ltd, Anshoo gaur, Rama krishna reddy, Sandeep seerapu",Private Equity,2.72,,Telangana,
1124,1125,ElasticRun,Transportation,Pune,"Kalaari capital, Norwest venture partners",Private Equity,16.5,,Maharashtra,
1125,1126,enCashea,Consumer Internet,Bengaluru,"Kunal shah, Sandeep tandon, Tracxn labs",Seed Funding,0.0,,Karnataka,
1126,1127,Endless Robotics,Technology,Hyderabad,"Devidas desai, Vipul gautam, Singapore angel network",Seed Funding,0.83,,Telangana,
1127,1128,EngineerBabu,Technology,Indore,Scale ventures,Seed Funding,0.0,,Madhya Pradesh,
1128,1129,enKast,Technology,Bengaluru,Ivy league alumni angel network,Private Equity,16.5,,Karnataka,
1129,1130,Entropika,Technology,Bengaluru,"Dileep bhatt, Milind chaudhary",Seed Funding,1.65,,Karnataka,
1130,1131,ePathsala,Technology,Bengaluru,"Hyderabad angels, Tlabs",Seed Funding,0.0,,Karnataka,
1131,1132,EPayLater,Technology,Mumbai,3 undisclosed hnis,Seed Funding,16.5,,Maharashtra,
1132,1133,EPS,Technology,Mumbai,Apis partners,Private Equity,288.75,,Maharashtra,
1133,1134,eQuickies,E-Commerce,Ahmedabad,Lothal angel ventures,Seed Funding,2.46,,Gujarat,
1134,1135,eShakti,E-Commerce,Chennai,"Infina finance pvt. ltd, Uday kotak",Private Equity,11.14,,Tamil Nadu,
1135,1136,eSwasthya,Consumer Internet,Ahmedabad,Hemang sahani,Seed Funding,0.0,,Gujarat,
1136,1137,EvenGini,Consumer Internet,Chennai,Procam international pvt. ltd,Private Equity,0.0,,Tamil Nadu,
1137,1138,Events High,Consumer Internet,Bengaluru,Axilor ventures,Private Equity,0.0,,Karnataka,
1138,1139,evibe.in,Consumer Internet,Bengaluru,"Hyderabad angels, Lalit mangal,  vikas malpani, Gaurav bhalotia, Lv prasad",Seed Funding,0.0,,Karnataka,
1139,1140,ExtraaEdge,Software,Pune,"Ritesh dwivedy, Priti padhy",Seed Funding,0.0,,Maharashtra,
1140,1141,ExtraCarbon,Consumer Internet,Gurugram,Brand capital,Seed Funding,1.86,,Haryana,
1141,1142,FabAlley,E-Commerce,Noida,"India quotient, Fao ventures, Indian angel network, Tushar singh, Ranjan sharma",Private Equity,16.5,,Uttar Pradesh,
1142,1143,FabHotels,Hospitality,Gurugram,"Accel partners, Rb investments",Private Equity,66.0,,Haryana,
1143,1144,Faircent,FinTech,Gurugram,Brand capital,Private Equity,12.38,,Haryana,
1144,1145,Faircent,FinTech,Gurugram,"Jm financial products ltd, Arun tadanki, Doreswamy nandkishore, Kshitij jain",Private Equity,0.0,,Haryana,
1145,1146,FarEye,Logistics,Delhi,Saif partners,Private Equity,28.88,,Delhi,
1146,1147,Fashalot,Consumer Internet,Delhi,"Yournest angel fund, Rajul garg",Seed Funding,0.0,,Delhi,
1147,1148,Fashionablyin,Consumer Internet,Mumbai,Ranjan mahtani,Seed Funding,0.0,,Maharashtra,
1148,1149,Fastudent,Education,Noida,"Kanwaljit singh, Ajay lakhotia, Pavan ongole, Ashish gupta",Seed Funding,0.0,,Uttar Pradesh,
1149,1150,FeetApart,Consumer Internet,Bengaluru,Vishal bali & others,Seed Funding,0.0,,Karnataka,
1150,1151,Finance Buddha,Consumer Internet,Bengaluru,Chennai angels,Seed Funding,0.0,,Karnataka,
1151,1152,Find My Stay,Consumer Internet,Delhi,"Rishi parti, Yogesh bansal",Seed Funding,0.0,,Delhi,
1152,1153,FindmeaShoe,Consumer Internet,Bengaluru,Ventureast fund advisors,Seed Funding,0.0,,Karnataka,
1153,1154,Findow,Consumer Internet,Bengaluru,Raj singh bhandal,Seed Funding,0.0,,Karnataka,
1154,1155,FindUrClass,Consumer Internet,Mumbai,"Amit patni, Anirudh damani, Samir shah",Seed Funding,0.0,,Maharashtra,
1155,1156,Finomena,Technology,Delhi,Matrix partners india,Private Equity,0.0,,Delhi,
1156,1157,First Eat,Consumer Internet,Delhi,Undisclosed investor,Seed Funding,0.83,,Delhi,
1157,1158,First Moms Club,Consumer Internet,Mumbai,Idea wave labs,Seed Funding,0.0,,Maharashtra,
1158,1159,FirstCry,E-Commerce,Pune,Ratan tata,Private Equity,0.0,,Maharashtra,
1159,1160,Fisdom,Finance,Bengaluru,"Saama capital, Raghunandan g, Aprameya radhakrishna",Private Equity,9.08,,Karnataka,
1160,1161,Fisdom,Finance,Bengaluru,Rob chandra,Seed Funding,4.13,,Karnataka,
1161,1162,FitMeIn,Consumer Internet,Delhi,"Finc, Ghv",Seed Funding,0.0,,Delhi,
1162,1163,Fitpass,Consumer Internet,Delhi,Mumbai angels,Seed Funding,8.25,,Delhi,
1163,1164,Fitso,Consumer Internet,Gurugram,"Varun khurana, Samar singla, Vinay bansal,",Seed Funding,1.65,,Haryana,
1164,1165,Fitternity,Consumer Internet,Mumbai,"Saha fund, Exfinity venture partners & others",Private Equity,0.0,,Maharashtra,
1165,1166,FixNix,Consumer Internet,Chennai,Jay vijayan,Seed Funding,4.13,,Tamil Nadu,
1166,1167,FlatFurnish,Consumer Internet,Gurugram,Arun chandra mohan,Seed Funding,0.0,,Haryana,
1167,1168,FlexiLoans,FinTech,Mumbai,"Sanjay nayar, Vikram sud, Anil jaggia, Narayan seshadri",Private Equity,123.75,,Maharashtra,
1168,1169,FlickBay,Consumer Internet,Mumbai,Paul roy,Seed Funding,7.34,,Maharashtra,
1169,1170,FlipClass,Consumer Internet,Bengaluru,"S chand and co pvt ltd, Blume ventures",Private Equity,8.25,,Karnataka,
1170,1171,Flixy Games,Technology,Bengaluru,Rebright partners,Seed Funding,3.51,,Karnataka,
1171,1172,Flocareer,Consumer Internet,Bengaluru,"Balasubramanian krishnamurthy, Sidhartha hazarika & others",Seed Funding,1.24,,Karnataka,
1172,1173,Flyrobe,E-Commerce,Mumbai,"Idg ventures, Sequoia capital, Gree ventures",Private Equity,43.73,,Maharashtra,
1173,1174,Flyrobe,E-Commerce,Mumbai,"Sequoia capital, Rohit bansal, Kunal bahl, Sandeep tandon, Kunal shah, Zishaan hayath,  abhishek jain",Seed Funding,14.03,,Maharashtra,
1174,1175,FR8,Technology,Chennai,Omnivore partners,Private Equity,8.01,,Tamil Nadu,
1175,1176,Fractal Analytics,Technology,Mumbai,Khazanah nasional berhad,Private Equity,825.0,,Maharashtra,
1176,1177,Freedom Smart Labs,Technology,Delhi,Kapil goel,Seed Funding,1.2,,Delhi,
1177,1178,Fresh Food Concepts,Food,Delhi,"Siddhartha gupta, Ashvin chadha",Seed Funding,16.5,,Delhi,
1178,1179,Freshboxx,E-Commerce,Hubli,Ravi linganuri,Seed Funding,0.0,,Karnataka,
1179,1180,FreshDesk,Technology,Chennai,"Sequoia capital india, Accel partners",Private Equity,453.75,,Tamil Nadu,
1180,1181,Freshee,Food,Mumbai,Edelweiss private equity,Private Equity,0.0,,Maharashtra,
1181,1182,FreshMenu,Consumer Internet,Bengaluru,"Zodius technology fund, Lightspeed venture partners",Private Equity,140.25,,Karnataka,
1182,1183,FreshMenu,Consumer Internet,Bengaluru,"Zodius capital, Lightspeed venture partners",Private Equity,136.13,,Karnataka,
1183,1184,FroyoFit,Consumer Internet,Indore,Dr. pooja gandhi,Seed Funding,0.0,,Madhya Pradesh,
1184,1185,Ftcash,Consumer Internet,Mumbai,Ivycap ventures,Seed Funding,1.24,,Maharashtra,
1185,1186,Fulfil.IO,Consumer Internet,Bengaluru,Rajan anandan,Seed Funding,0.0,,Karnataka,
1186,1187,Funcart,E-Commerce,Delhi,Undisclosed hnis,Seed Funding,0.58,,Delhi,
1187,1188,Funcastic,Consumer Internet,Delhi,"Ht media ltd, North base media",Seed Funding,0.0,,Delhi,
1188,1189,Fundamentor,Education,Pune,Subramanya sv,Seed Funding,0.0,,Maharashtra,
1189,1190,FunOnGo,Consumer Internet,Mumbai,Reliance entertainment,Private Equity,0.0,,Maharashtra,
1190,1191,Furlenco,E-Commerce,Bengaluru,"Lightbox ventures, Axis capital & others",Private Equity,247.5,,Karnataka,
1191,1192,Furlenco,E-Commerce,Bengaluru,Lightbox ventures and others,Private Equity,41.25,,Karnataka,
1192,1193,Gadgetwood,Electronics,Delhi,Carpediem capital,Private Equity,49.5,,Delhi,
1193,1194,Gajty,Healthcare,Gurugram,Purvi ventures,Seed Funding,0.0,,Haryana,
1194,1195,Galleri5,Consumer Internet,Bengaluru,"Phanindra sama, Raghunandan g,",Seed Funding,0.0,,Karnataka,
1195,1196,Gameezop,Consumer Internet,Delhi,Anand chandrasekaran & others,Seed Funding,0.0,,Delhi,
1196,1197,GameZop,Entertainment,Gurugram,"Kwan entertainment & marketing solutions, Powerhouse ventures & others",Seed Funding,2.89,,Haryana,
1197,1198,Gamooz,Technology,Gurugram,Multiple investors through ten minute million competition,Seed Funding,0.19,,Haryana,
1198,1199,Gapoon,Consumer Internet,Bengaluru,"Chandrashekar tallapragada, Pankaj kapoor",Seed Funding,1.49,,Karnataka,
1199,1200,gear6,Consumer Internet,Bengaluru,Ninestarter,Seed Funding,4.13,,Karnataka,
1200,1201,Genextstudents,Consumer Internet,Mumbai,1crowd (through crowdfunding),Seed Funding,1.72,,Maharashtra,
1201,1202,Get My Parking,Consumer Internet,Delhi,The chennai angels,Seed Funding,3.1,,Delhi,
1202,1203,GetVee,Consumer Internet,Delhi,"Lightspeed venture partners, K ganesh",Private Equity,0.0,,Delhi,
1203,1204,Giftxoxo,E-Commerce,Bengaluru,Mahindra holidays & resorts india ltd,Private Equity,3.71,,Karnataka,
1204,1205,Gingercrush,E-Commerce,Vadodara,"Saha fund, Tv mohandas pai, Zia mody, Mumbai angels, Ananda kallugadde, Rakesh desai, Rakesh malhotra",Private Equity,8.25,,Gujarat,
1205,1206,Girnar Software,Consumer Internet,Jaipur,Google capital,Private Equity,0.0,,Rajasthan,
1206,1207,Glam Studios,Consumer Internet,Noida,"Pradeep mirani, Aqeel ahmed, Anand ladsariya, Nitin agarwal",Seed Funding,2.48,,Uttar Pradesh,
1207,1208,GlamStudios,Consumer Internet,Noida,Aqeel ahmed,Seed Funding,0.0,,Uttar Pradesh,
1208,1209,Goalwise,Consumer Internet,Bengaluru,Undisclosed hnis,Seed Funding,8.25,,Karnataka,
1209,1210,Gobolt,Logistics,Delhi,Mcube8,Seed Funding,0.0,,Delhi,
1210,1211,GoComet,Logistics,Mumbai,"India quotient, Rajul garg, Rajesh yabaji, Chanakya hridaya, Ramasubramaniam b, Vishwanathan, Nobel house, Sunstone capital",Seed Funding,0.0,,Maharashtra,
1211,1212,GoGo Truck,Consumer Internet,Chennai,Undisclosed investor,Seed Funding,0.62,,Tamil Nadu,
1212,1213,GolfLAN,Sports,Delhi,"Yournest angel fund, Ison",Private Equity,8.25,,Delhi,
1213,1214,Gomalon,Consumer Internet,Bengaluru,Undisclosed investor,Seed Funding,0.83,,Karnataka,
1214,1215,GoMechanic,Automotive,Gurugram,Venture catalysts,Seed Funding,2.06,,Haryana,
1215,1216,GoPigeon,Consumer Internet,Bengaluru,Nexus venture partners,Private Equity,12.38,,Karnataka,
1216,1217,GOQii,Healthcare,Mumbai,Edelweiss financial services,Private Equity,0.0,,Maharashtra,
1217,1218,goSporto,Consumer Internet,Delhi,Naveen gupta,Seed Funding,0.25,,Delhi,
1218,1219,GoYaNo,Consumer Internet,Gurugram,Mukesh kumar gupta,Seed Funding,0.41,,Haryana,
1219,1220,GoZefo,E-Commerce,Bengaluru,"Helion venture partners, Beenext",Private Equity,8.66,,Karnataka,
1220,1221,Grab,Delivery,Mumbai,Aramex ventures llc,Private Equity,16.5,,Maharashtra,
1221,1222,GrabOnRent,E-Commerce,Bengaluru,Ivycap ventures and unicorn india ventures,Private Equity,0.0,,Karnataka,
1222,1223,Gradopedia,Consumer Internet,Mumbai,Undisclosed dubai based hnis,Seed Funding,0.0,,Maharashtra,
1223,1224,GramCover,Finance,Delhi,Omnivore capital,Seed Funding,8.25,,Delhi,
1224,1225,Gray Routes,Consumer Internet,Mumbai,"Mahesh parasuraman, Rahul gautam & others",Seed Funding,0.0,,Maharashtra,
1225,1226,Grey Campus,Consumer Internet,Hyderabad,Sarath sura,Seed Funding,8.25,,Telangana,
1226,1227,GreytHR,Technology,Bengaluru,"New enterprise associates (nea), Blume ventures",Private Equity,42.9,,Karnataka,
1227,1228,Guarented,E-Commerce,Bengaluru,Kalaari capital,Seed Funding,4.13,,Karnataka,
1228,1229,Gyaanzone,Education,Mumbai,Gbim technologies pvt ltd,Seed Funding,0.37,,Maharashtra,
1229,1230,GyanDhan,Consumer Internet,Delhi,"Stanford angels & entrepreneurs, Harvard angels",Seed Funding,0.0,,Delhi,
1230,1231,Gympik,Healthcare,Bengaluru,Roundglass partners,Private Equity,0.0,,Karnataka,
1231,1232,HandyTrain,Technology,Goa,"Silver range investments, Lumina datamatics, Shun yoshida & others",Private Equity,8.25,,Goa,
1232,1233,Hansel io,Software,Bengaluru,"Endiya partners, Mekin maheshwari, Rajesh sawhney",Seed Funding,0.0,,Karnataka,
1233,1234,HappilyUnmarried,E-Commerce,Delhi,Info edge (india) ltd,Private Equity,6.11,,Delhi,
1234,1235,Happy2Refer,Consumer Internet,Mumbai,"Equity crest, Vinners, Sparknext",Seed Funding,2.06,,Maharashtra,
1235,1236,Happydemic,Consumer Internet,Mumbai,Shaan,Seed Funding,0.0,,Maharashtra,
1236,1237,Haptik,Technology,Mumbai,Times internet ltd,Private Equity,0.0,,Maharashtra,
1237,1238,HashLearn,Consumer Internet,Bengaluru,"Bhavish aggarwal, Binny bansal,  rajan anandan, Mekin maheshwar, Sunil kalra, Anupam mittal, Krishna mehra, Singapore angel network",Seed Funding,0.0,,Karnataka,
1238,1239,HashTaag,Technology,Bengaluru,Undisclosed investors,Seed Funding,8.25,,Karnataka,
1239,1240,Heads Up For Tails,E-Commerce,Delhi,Undisclosed investors,Seed Funding,8.25,,Delhi,
1240,1241,HEAL Institute,Healthcare,Mumbai,"Jaspal bindra, Parth jindal",Seed Funding,0.0,,Maharashtra,
1241,1242,HealthEminds,Consumer Internet,Bengaluru,Robin utthappa,Seed Funding,0.0,,Karnataka,
1242,1243,HealthEnablr,Consumer Internet,Mumbai,Undisclosed investors,Seed Funding,6.6,,Maharashtra,
1243,1244,Healthians,Healthcare,Gurugram,Beenext,Private Equity,24.75,,Haryana,
1244,1245,HealthifyMe,Healthcare,Bengaluru,"Idg ventures india, Inventus capital, Blume ventures",Private Equity,49.5,,Karnataka,
1245,1246,HealthifyMe,Healthcare,Bengaluru,Nb ventures,Private Equity,8.25,,Karnataka,
1246,1247,HealthKart,E-Commerce,Gurugram,"Sequoia capital india, Omidyar network, Kae capital",Private Equity,99.0,,Haryana,
1247,1248,HealthKumbh,Consumer Internet,Ahmedabad,Undisclosed investor,Seed Funding,0.6,,Gujarat,
1248,1249,Hello Curry,Food,Hyderabad,Sashi reddi & other unnamed investors,Private Equity,12.38,,Telangana,
1249,1250,Hello Tax,Consumer Internet,Delhi,Sanjeev sinha,Seed Funding,2.43,,Delhi,
1250,1251,HelpChat,Consumer Internet,Bengaluru,"American express ventures, Sequoia capital",Private Equity,0.0,,Karnataka,
1251,1252,Helpi,Consumer Internet,Mumbai,Undisclosed investors,Seed Funding,0.0,,Maharashtra,
1252,1253,HelpShift,Technology,Pune,"Microsoft ventures, Salesforce ventures",Private Equity,189.75,,Maharashtra,
1253,1254,Highway Delite,Consumer Internet,Bengaluru,N.s. raghavan centre for entrepreneurial learning,Seed Funding,0.0,,Karnataka,
1254,1255,Hike,Consumer Internet,Delhi,"Tencent holdings, Foxconn technology group, Tiger global, Softbank group, Bharti enterprises",Private Equity,1443.75,,Delhi,
1255,1256,Hike Messenger,Consumer Internet,Delhi,"Matt mullenweg, Adam d'angelo, Aditya agarwal,  ruchi sanghvi & others",Private Equity,0.0,,Delhi,
1256,1257,Hipcask,Consumer Internet,Mumbai,Mobikon,Seed Funding,0.0,,Maharashtra,
1257,1258,Hippily,E-Commerce,Mumbai,"Dr. sridhar ramaswamy, Rakesh mathur",Seed Funding,2.06,,Maharashtra,
1258,1259,HitGrit,Consumer Internet,Chandigarh,"Ashish mahajan, Sarvesh sharma",Seed Funding,0.0,,Chandigarh,
1259,1260,HolaChef,Delivery,Mumbai,"Kalaari capital, India quotient",Private Equity,16.09,,Maharashtra,
1260,1261,Hoppingo,Consumer Internet,Delhi,Vcommission,Seed Funding,0.73,,Delhi,
1261,1262,Hopscotch,E-Commerce,Mumbai,Eduardo saverin,Private Equity,107.25,,Maharashtra,
1262,1263,Horntell,Consumer Internet,Gurugram,"Bharanidharan viswanathan, Sanjiv mittal, Shobhit shukla, Rahul agarwal",Seed Funding,1.24,,Haryana,
1263,1264,Housing,Consumer Internet,Mumbai,Softbank corp,Private Equity,123.75,,Maharashtra,
1264,1265,Housing,Consumer Internet,Mumbai,Softbank group,Private Equity,41.25,,Maharashtra,
1265,1266,Housing,Consumer Internet,Mumbai,Vineet singh,Private Equity,0.0,,Maharashtra,
1266,1267,Houssup,Consumer Internet,Jaipur,"Mitin patel, Gaurav agarwal",Seed Funding,0.0,,Rajasthan,
1267,1268,Hubilo,Event Management,Ahmedabad,"Girish mathrubootham, Vc karthic, Miten mehta, Umasankar nistala, Rakesh patel, Akash bhavsar, Jeevanandhan rajagopal, Vikas chadha & others",Seed Funding,0.0,,Gujarat,
1268,1269,Hungama,Consumer Internet,Mumbai,Xiaomi inc,Private Equity,206.25,,Maharashtra,
1269,1270,i2i Funding,Finance,Noida,Undisclosed investors,Seed Funding,2.48,,Uttar Pradesh,
1270,1271,iAugmentor Labs,Technology,Gurugram,Rajasthan angel investor network & others,Seed Funding,1.23,,Haryana,
1271,1272,iBus Networks,Technology,Bengaluru,"Vallabh bhanshali, N squared management llc, Jagdish & sandeep mehta family office",Private Equity,18.98,,Karnataka,
1272,1273,Icertis,Consumer Internet,Pune,"Ignition partners, Greycroft partners, Fidelity growth partners india",Private Equity,123.75,,Maharashtra,
1273,1274,ICHR,Consumer Internet,Delhi,,Seed Funding,3.71,,Delhi,
1274,1275,iCliniq,Consumer Internet,Bengaluru,Madhankumar madathupalayam,Seed Funding,0.0,,Karnataka,
1275,1276,iCustomadeit,E-Commerce,Pune,"Brand capital, Siddhivinayak skyscrapers, Dinesh r. challa",Private Equity,33.0,,Maharashtra,
1276,1277,Idea Bubbles,Consumer Internet,Bengaluru,"1crowd, Eureka forbes ltd, Shapoorji pallonji & co. ltd.",Private Equity,5.78,,Karnataka,
1277,1278,IdeaChakki,Consumer Internet,Delhi,Ratan tata,Seed Funding,0.0,,Delhi,
1278,1279,IdeaForge,Technology,Mumbai,"Wrv capital and indusage partners, Infosys innovation fund",Private Equity,82.5,,Maharashtra,
1279,1280,iDreamCareer,EdTech,Delhi,Brand capital,Private Equity,0.0,,Delhi,
1280,1281,iGrenEnergi,Technology,Mumbai,Sunil mehta,Seed Funding,8.25,,Maharashtra,
1281,1282,IIM Jobs,Consumer Internet,Delhi,India quotient,Private Equity,16.5,,Delhi,
1282,1283,ImageProVision,Technology,Pune,Satish jamdar,Seed Funding,0.0,,Maharashtra,
1283,1284,Imarticus Learning,Education,Mumbai,"Blinc advisors, Amit nanavati, Tashwinder singh, Taranjit jaswal, Amit khanna",Private Equity,8.25,,Maharashtra,
1284,1285,IMbesharam,E-Commerce,Delhi,Undisclosed us based investors,Private Equity,33.0,,Delhi,
1285,1286,imedilane,Consumer Internet,Delhi,"Mahendra patel, Nilender chauhan",Seed Funding,0.33,,Delhi,
1286,1287,Impact Analytics,Technology,Bengaluru,"Aarin capital, Michael herzig, Ashish lakhanpal",Private Equity,6.19,,Karnataka,
1287,1288,Impact Guru,FinTech,Mumbai,"Rb investments, Fundnel",Seed Funding,4.13,,Maharashtra,
1288,1289,ImpactGuru,FinTech,Mumbai,Piyush jain,Seed Funding,0.0,,Maharashtra,
1289,1290,Inc42,Media,Delhi,"India ventures, Aarin capital & others",Seed Funding,0.0,,Delhi,
1290,1291,inclov,Consumer Internet,Mumbai,"Sarbvir singh, Raghav bahl",Seed Funding,0.0,,Maharashtra,
1291,1292,Indee,Consumer Internet,Bengaluru,Kalaari capital accelerator program,Seed Funding,4.13,,Karnataka,
1292,1293,Indi,Consumer Internet,Bengaluru,Anil kapoor,Seed Funding,0.0,,Karnataka,
1293,1294,India Gifts Portal,E-Commerce,Noida,"Naveen arya, Tarun joshi",Private Equity,16.5,,Uttar Pradesh,
1294,1295,India Lends,Consumer Internet,Delhi,"Dsg consumer partners, American express ventures, Cyber carrier vc, Advantedge partners",Private Equity,33.0,,Delhi,
1295,1296,Indiamart,E-Commerce,Noida,Amadeus capital,Private Equity,0.0,,Uttar Pradesh,
1296,1297,Indifi,FinTech,Gurugram,Omidyar network,Private Equity,82.5,,Haryana,
1297,1298,Indofash,E-Commerce,Bengaluru,"Shekhar sahu, Nitesh pant",Seed Funding,1.24,,Karnataka,
1298,1299,Indus OS,Technology,Mumbai,"Omidyar network,",Private Equity,41.25,,Maharashtra,
1299,1300,IndustryBuying,E-Commerce,Delhi,Trifecta capital,Private Equity,14.85,,Delhi,
1300,1301,Infeedo,Technology,Gurugram,"Dheeraj jain, Palash jain, Anupam mittal, Ameera shah,  vivek bhargava, Rahul singh, Ambarish gupta,",Seed Funding,1.65,,Haryana,
1301,1302,Infisecure,Technology,Mumbai,"Idg ventures, Axilor ventures",Seed Funding,4.95,,Maharashtra,
1302,1303,Infurnia,Software,Bengaluru,Idein ventures,Seed Funding,1.32,,Karnataka,
1303,1304,inMotion,Technology,Noida,"Prashant tandon, Gaurav agarwal, Gaurav bhogle, Shrishti sahu, Shantanu mathur, Prabhat aggarwal",Seed Funding,0.0,,Uttar Pradesh,
1304,1305,InnerChef,Food,Gurugram,"Mistletoe, M&s partners",Private Equity,20.63,,Haryana,
1305,1306,InnoNano Research,Technology,Chennai,Nanoholdings,Private Equity,148.5,,Tamil Nadu,
1306,1307,Innoplexus,Technology,Pune,Hcs venture capital fund,Private Equity,0.0,,Maharashtra,
1307,1308,Innov8,Real Estate,Delhi,Punit soni,Seed Funding,0.0,,Delhi,
1308,1309,Innovaccer,Technology,Noida,Westbridge capital partners,Private Equity,128.7,,Uttar Pradesh,
1309,1310,Instacar,Consumer Internet,Indore,Swastika co ltd.,Seed Funding,8.25,,Madhya Pradesh,
1310,1311,InstantPay,Consumer Internet,Delhi,"Rb investments,  kaleden holdings",Private Equity,0.0,,Delhi,
1311,1312,Instaproc,E-Commerce,Noida,Dinesh agarwal,Seed Funding,0.0,,Uttar Pradesh,
1312,1313,Interviewpad,Technology,Pune,Krishna rokhale,Seed Funding,0.83,,Maharashtra,
1313,1314,Intgrea,Technology,Bengaluru,Undisclosed investor,Seed Funding,0.83,,Karnataka,
1314,1315,intouchapp,Consumer Internet,Pune,Blume ventures,Seed Funding,0.0,,Maharashtra,
1315,1316,Inuxu,Technology,Pune,Fork media,Private Equity,24.75,,Maharashtra,
1316,1317,Invictus Oncology,Healthcare,Delhi,Ratan tata,Private Equity,0.0,,Delhi,
1317,1318,IQlect,Data Analytics,Bengaluru,"Lip-bu tan, Michael marks, Nicolas braithwaite",Private Equity,0.0,,Karnataka,
1318,1319,iServe Financial,Consumer Internet,Pune,Nilesh shah,Seed Funding,0.0,,Maharashtra,
1319,1320,ISFC,Finance,Hyderabad,Gray matters capital,Private Equity,49.5,,Telangana,
1320,1321,iStyleYou,Consumer Internet,Gurugram,Green house ventures (ghv),Seed Funding,0.83,,Haryana,
1321,1322,Jaypore,E-Commerce,Delhi,Aavishkaar,Private Equity,41.25,,Delhi,
1322,1323,Jazzmyride,E-Commerce,Delhi,Tvs automobile solutions ltd,Private Equity,0.0,,Delhi,
1323,1324,Jivox,Technology,Bengaluru,"You & mr jones, Fortisure ventures, Diaz nesamoney",Private Equity,49.5,,Karnataka,
1324,1325,Jobick,Consumer Internet,Noida,Abhinav mathur,Seed Funding,0.0,,Uttar Pradesh,
1325,1326,JoeHukum,Technology,Gurugram,Sumit jain,Seed Funding,0.0,,Haryana,
1326,1327,JollyFoodFellow,Food,Ahmedabad,Janak parikh,Seed Funding,0.0,,Gujarat,
1327,1328,Joolz,E-Commerce,Mumbai,"Powerhouse ventures, M&s partners",Private Equity,4.13,,Maharashtra,
1328,1329,JoulestoWatts,Technology,Bengaluru,Manipal global education services,Seed Funding,0.0,,Karnataka,
1329,1330,Jugnoo,Transportation,Chandigarh,Paytm & existing investors,Private Equity,82.5,,Chandigarh,
1330,1331,Jugnoo,Transportation,Chandigarh,Saumya tandon,Private Equity,0.0,,Chandigarh,
1331,1332,JusPay,FinTech,Bengaluru,"Accel partners, Ashish hemrajani, Parikshit dar, Rajesh balpande",Private Equity,47.85,,Karnataka,
1332,1333,Just Buy Live,E-Commerce,Mumbai,Alpha capital,Private Equity,165.0,,Maharashtra,
1333,1334,Justbooks,Consumer Internet,Bengaluru,Cocreate ventures,Seed Funding,0.0,,Karnataka,
1334,1335,Justdakhila,Education,Delhi,Ankur gupta,Seed Funding,6.19,,Delhi,
1335,1336,JustDoc,Consumer Internet,Bengaluru,"Tv mohandas pai, Mohit saxena, Raghunandan g, Singapore angel network, Tracxnlabs",Seed Funding,0.0,,Karnataka,
1336,1337,JustLikeNew,E-Commerce,Hyderabad,Letsventure,Seed Funding,4.13,,Telangana,
1337,1338,Justride,Consumer Internet,Mumbai,"Justin kan, Qasar younis, Paul bucche, Susa ventures, Kima ventures, Axan venture, Scm holdings",Private Equity,24.75,,Maharashtra,
1338,1339,Justride,Consumer Internet,Mumbai,Dheeraj jain & other angel investors,Seed Funding,3.3,,Maharashtra,
1339,1340,KabadiExpress,Sports,Delhi,Undisclosed investor,Seed Funding,1.22,,Delhi,
1340,1341,Kalaage,Consumer Internet,Jaipur,Rajasthan angel innovators network,Seed Funding,0.0,,Rajasthan,
1341,1342,KarmaCircles,Consumer Internet,Delhi,"Harinder takhar, Zain raj, Dr. prasad kaipa, Abaran deep, Aseem sood, Mustafa patni",Seed Funding,0.0,,Delhi,
1342,1343,Kartrocket,Consumer Internet,Delhi,"Undisclosed japanese investor, Bertelsmann india investments, Nirvana digital india fund, Nirvana digital investment holding co ltd, 500 start-ups",Private Equity,66.0,,Delhi,
1343,1344,Kartrocket,Consumer Internet,Delhi,"Bertelsmann india investments, Nirvana digital india fund, Nirvana digital investment holding, 500 startups",Private Equity,49.5,,Delhi,
1344,1345,KhanaGadi,Consumer Internet,Jaipur,50k ventures,Seed Funding,0.0,,Rajasthan,
1345,1346,Khel Now,Consumer Internet,Delhi,Anglian omega network,Seed Funding,2.89,,Delhi,
1346,1347,Kickstart Jobs,Technology,Gurugram,"Vivek joshi, Mohit satyanand, Amit banati, Arun khanna",Seed Funding,0.0,,Haryana,
1347,1348,Kidsstoppress,Consumer Internet,Mumbai,Karan bhagat,Seed Funding,0.0,,Maharashtra,
1348,1349,Kloseby,Consumer Internet,Bengaluru,Undisclosed investor,Seed Funding,0.83,,Karnataka,
1349,1350,Knolskae,Consumer Internet,Bengaluru,"Inventus capital partners, Hr fund",Private Equity,0.0,,Karnataka,
1350,1351,Knowlarity,Consumer Internet,Bengaluru,"Delta partners, Sequoia india,  mayfield, Blacksoil, Trifecta capital",Private Equity,165.0,,Karnataka,
1351,1352,KOOH Sports,Sports,Mumbai,"Hdfc, Faering capital, Elevate sports",Private Equity,18.15,,Maharashtra,
1352,1353,Koovs,E-Commerce,Delhi,Times of india group & existing investors,Private Equity,111.38,,Delhi,
1353,1354,Koovs,E-Commerce,Gurugram,"Nahata family, Waheed alli",Private Equity,44.55,,Haryana,
1354,1355,Koovs,E-Commerce,Delhi,Ht media ltd,Private Equity,36.3,,Delhi,
1355,1356,KrazyBee,E-Commerce,Bengaluru,"Yeahmobi, Fenqile",Private Equity,16.5,,Karnataka,
1356,1357,Kredx,E-Commerce,Bengaluru,Sequoia capital,Private Equity,49.5,,Karnataka,
1357,1358,Kredx,E-Commerce,Bengaluru,"Prime venture partners,",Seed Funding,6.19,,Karnataka,
1358,1359,Kyazoonga,E-Commerce,Mumbai,Ratan tata,Seed Funding,0.0,,Maharashtra,
1359,1360,LaundryAnna,Consumer Internet,Bengaluru,Undisclosed investors,Seed Funding,1.24,,Karnataka,
1360,1361,Lawrato,Consumer Internet,Delhi,Indian angel network,Seed Funding,0.0,,Delhi,
1361,1362,Leap India,Logistics,Surabardi,Mayfield ventures,Private Equity,24.75,,Maharashtra,
1362,1363,Legal Raasta,Consumer Internet,Delhi,"Pravin khandelwal, Yatin kumar jain",Seed Funding,8.25,,Delhi,
1363,1364,Legistify,Consumer Internet,Delhi,Ranjit singh,Seed Funding,0.0,,Delhi,
1364,1365,lehlehsports,Sports,Delhi,Anglian omega network,Seed Funding,0.0,,Delhi,
1365,1366,LenDenClub,Finance,Mumbai,"Anirudh damani, Daud ali, Narendra karnavat, Vikas kapoor, Vikram lakhotia, Krishna jhunjhunwaala, Jayesh shah",Seed Funding,0.0,,Maharashtra,
1366,1367,LendingKart,FinTech,Ahmedabad,"Bertelsmann india investments, Mayfield india, Saama capital, India quotient",Private Equity,264.0,,Gujarat,
1367,1368,Lenskart,E-Commerce,Gurugram,"International finance corp, Tpg growth, Adveq management, Idg ventures, Ratan tata, Kris gopalakrishnan",Private Equity,495.0,,Haryana,
1368,1369,Lenskart,E-Commerce,Gurugram,Premjiinvest,Private Equity,0.0,,Haryana,
1369,1370,LensPick,E-Commerce,Bengaluru,Scadea solutions inc,Private Equity,0.0,,Karnataka,
1370,1371,LetReach,E-Commerce,Delhi,Vcommission,Private Equity,0.83,,Delhi,
1371,1372,Lets Barter,Consumer Internet,Delhi,Scale ventures funds,Seed Funding,0.0,,Delhi,
1372,1373,LetsMD,Healthcare,Delhi,"Calcutta angels network, Letsventure, Anupam mittal, Currae healthtech fund",Seed Funding,0.0,,Delhi,
1373,1374,LexComply,Consumer Internet,Delhi,Ajay relan,Seed Funding,0.0,,Delhi,
1374,1375,Licious,E-Commerce,Bengaluru,Mayfield india ii management ltd,Private Equity,24.75,,Karnataka,
1375,1376,LifCare,Consumer Internet,Jaipur,"Rajul garg, Alok mittal, Kunal shah, Rishi mandawat, Dheeraj jain, Sandeep tandon, Dexter angel circle",Seed Funding,0.0,,Rajasthan,
1376,1377,Life Circle,Healthcare,Hyderabad,Groupe sos,Private Equity,1.24,,Telangana,
1377,1378,Life in Control,Consumer Internet,Gurugram,Roundglass partners,Private Equity,0.0,,Haryana,
1378,1379,Liftiee,Consumer Internet,Mumbai,"Rannvijay singh, Anita hassanandani",Seed Funding,0.89,,Maharashtra,
1379,1380,Limo,Consumer Internet,Mumbai,Rainmaker ventures,Private Equity,8.25,,Maharashtra,
1380,1381,Liqvid,Technology,Delhi,Gray matters capital,Private Equity,0.0,,Delhi,
1381,1382,ListUp,E-Commerce,Mumbai,"Kae capital, Kunal shah, Sandeep tandon",Seed Funding,4.13,,Maharashtra,
1382,1383,Little,Consumer Internet,Bengaluru,Gic,Private Equity,0.0,,Karnataka,
1383,1384,Little Black Book,Consumer Internet,Delhi,"Idg, Indian angel network",Seed Funding,0.0,,Delhi,
1384,1385,LiveNutriFit,Healthcare,Delhi,"Mohit goel, Vinod jain & others",Seed Funding,0.0,,Delhi,
1385,1386,Living Local,Consumer Internet,Mumbai,Rattan chadha,Seed Funding,1.65,,Maharashtra,
1386,1387,LivSpace,Design,Bengaluru,"Bessemer venture partners, Jungle ventures, Helion ventures",Private Equity,123.75,,Karnataka,
1387,1388,LoanTap,Consumer Internet,Mumbai,"Dr. abhishek pandey, Jaysukh sapra",Private Equity,24.75,,Maharashtra,
1388,1389,Loanzen,Finance,Bengaluru,Tracxn syndicate,Seed Funding,0.0,,Karnataka,
1389,1390,LocalRamu,Consumer Internet,Bengaluru,3 undisclosed investors,Seed Funding,0.0,,Karnataka,
1390,1391,Locanix,Technology,Ahmedabad,Undisclosed investors,Seed Funding,2.48,,Gujarat,
1391,1392,Locus,Logistics,Bengaluru,"Exfinity venture partners, Blume ventures, Beenext, Rajesh ranavat",Private Equity,22.69,,Karnataka,
1392,1393,LoveCycles,Consumer Internet,Bengaluru,Prime venture partners,Seed Funding,6.19,,Karnataka,
1393,1394,Lucideus,Cybersecurity,Delhi,Amit choudhary,Seed Funding,0.0,,Delhi,
1394,1395,Lumiere,E-Commerce,Bengaluru,Undisclosed investors,Private Equity,0.0,,Karnataka,
1395,1396,m.paani,Consumer Internet,Mumbai,"Blume ventures, Adil allana, Aprameya radhakrishna, Gautam ivatury, Signal point partners",Seed Funding,0.0,,Maharashtra,
1396,1397,MaalGaadi,Logistics,Indore,"Swan angel network, Sachin khandelwal and others",Seed Funding,3.09,,Madhya Pradesh,
1397,1398,MaaxMarket,Consumer Internet,Chennai,Multiple investors through ten minute million competition,Seed Funding,0.19,,Tamil Nadu,
1398,1399,MachaDalo,Consumer Internet,Mumbai,Undisclosed investors,Seed Funding,1.44,,Maharashtra,
1399,1400,Mad Street Den,Technology,Chennai,"Sequoia india, Exfinity ventures, Growx ventures,",Private Equity,0.0,,Tamil Nadu,
1400,1401,MadRat Games,Entertainment,Bengaluru,"Ratan tata, Bhavish aggarwal, Ankit bhati, Binny bansal, Girish mathrubootham",Seed Funding,0.0,,Karnataka,
1401,1402,Magic Crate,Education,Bengaluru,"Tv mohandas pai, Aarin capital",Seed Funding,0.0,,Karnataka,
1402,1403,Magicpin,Consumer Internet,Gurugram,Lightspeed india,Private Equity,24.75,,Haryana,
1403,1404,MagicX,Consumer Internet,Bengaluru,"Kris gopalakrishnan, Dr. ranjan pai",Seed Funding,8.25,,Karnataka,
1404,1405,MakeMyTrip,Consumer Internet,Gurugram,Ctrip international ltd,Private Equity,1485.0,,Haryana,
1405,1406,Makkajai,Technology,Pune,"Anand chandrasekaran, Ananth narayanan, Mekin maheshwari, Ravi garikipati, Divyesh shah, Swastika company ltd",Seed Funding,2.06,,Maharashtra,
1406,1407,MamaEarth,E-Commerce,Gurugram,Fireside ventures & others,Seed Funding,0.0,,Haryana,
1407,1408,MarianaIQ,Technology,Bengaluru,Exfinity venture partners,Private Equity,16.5,,Karnataka,
1408,1409,Math Buddy,Consumer Internet,Vadodara,Menterra social impact fund,Seed Funding,3.63,,Gujarat,
1409,1410,Matrubharti,Consumer Internet,Ahmedabad,Viridian capital,Seed Funding,0.25,,Gujarat,
1410,1411,Maya,Consumer Internet,Bengaluru,Rajan anandan,Seed Funding,0.0,,Karnataka,
1411,1412,Mazkara,Consumer Internet,Pune,Dunamis ventures pte ltd.,Seed Funding,8.25,,Maharashtra,
1412,1413,MCaffeine,Personal Care,Mumbai,"Kaushal agarwal, Harminder sahani, Kk mehra, Pranay jivrajka, Navjot saini",Seed Funding,2.48,,Maharashtra,
1413,1414,mChamp,Consumer Internet,Delhi,Momagic technologies,Seed Funding,3.92,,Delhi,
1414,1415,medECUBE,Healthcare,Gurugram,Artiman ventures,Private Equity,33.0,,Haryana,
1415,1416,Medidaili,Consumer Internet,Bengaluru,Undisclosed private investors,Seed Funding,0.83,,Karnataka,
1416,1417,Medinfi,Consumer Internet,Bengaluru,"Mudit saxena, Evan lim",Seed Funding,1.65,,Karnataka,
1417,1418,Medinfi,Consumer Internet,Bengaluru,"Rajnish sinha, Prijit debnath, Kanchan ghoshal",Seed Funding,0.0,,Karnataka,
1418,1419,Medzin,E-Commerce,Delhi,A m sikander,Seed Funding,0.37,,Delhi,
1419,1420,Meesho,E-Commerce,Bengaluru,"Kashyap deorah, Rajul garg, Maninder gulati",Seed Funding,0.0,,Karnataka,
1420,1421,Melorra,E-Commerce,Bengaluru,Lightbox ventures,Private Equity,41.25,,Karnataka,
1421,1422,MeraKisan,E-Commerce,Bengaluru,Mahindra univeg,Seed Funding,0.0,,Karnataka,
1422,1423,Meru Cabs,Transportation,Mumbai,Brand capital,Private Equity,206.25,,Maharashtra,
1423,1424,Mihup,B2B,Kolkata,Accel partners,Private Equity,55.28,,West Bengal,
1424,1425,MilkBasket,E-Commerce,Gurugram,Evc ventures,Seed Funding,4.13,,Haryana,
1425,1426,Milofy,Consumer Internet,Bengaluru,Accel partners,Seed Funding,6.19,,Karnataka,
1426,1427,Mindler,Consumer Internet,Delhi,Taxmann,Seed Funding,2.67,,Delhi,
1427,1428,MindYourFleet,Consumer Internet,Noida,Undisclosed investors,Seed Funding,0.0,,Uttar Pradesh,
1428,1429,MintM,Consumer Internet,Bengaluru,"Mumbai angels,  times internet",Private Equity,0.0,,Karnataka,
1429,1430,mishTag,Consumer Internet,Delhi,"M&y partners, Svg media, Anthil ventures & others",Seed Funding,0.0,,Delhi,
1430,1431,MobiDent,Healthcare,Bengaluru,Centre for innovation incubation and entrepreneurship (ciie),Seed Funding,0.0,,Karnataka,
1431,1432,Mobikwik,FinTech,Gurugram,"Gmo payment gateway, Mediatek",Private Equity,412.5,,Haryana,
1432,1433,Mobikwik,FinTech,Gurugram,Net1 ueps technologies inc,Private Equity,330.0,,Haryana,
1433,1434,MoEngage,SaaS,Bengaluru,Anand chandrasekaran,Seed Funding,0.0,,Karnataka,
1434,1435,Moglix,E-Commerce,Noida,"Accel partners, Jungle ventures, Seedplus",Private Equity,34.65,,Uttar Pradesh,
1435,1436,Moglix,E-Commerce,Noida,Ratan tata,Private Equity,0.0,,Uttar Pradesh,
1436,1437,Mojarto,E-Commerce,Gurugram,Undisclosed investors,Seed Funding,3.67,,Haryana,
1437,1438,MoMark,Consumer Internet,Noida,Yournest angel fund,Private Equity,4.95,,Uttar Pradesh,
1438,1439,MonkeyBox,Consumer Internet,Bengaluru,Blume ventures & others,Seed Funding,0.0,,Karnataka,
1439,1440,Moodoo,Consumer Internet,Mumbai,Said business school seed fund.,Seed Funding,0.33,,Maharashtra,
1440,1441,MotoMojo,Consumer Internet,Mumbai,"Niloufer dundh, Fauzan rahim, Balamurugan mani,",Seed Funding,0.0,,Maharashtra,
1441,1442,Mr Hot Foods,Consumer Internet,Indore,Ivycamp ventures,Seed Funding,0.0,,Madhya Pradesh,
1442,1443,MuhurtMaza,Consumer Internet,Pune,Undisclosed investor,Seed Funding,0.0,,Maharashtra,
1443,1444,Murgency,Consumer Internet,Mumbai,Axilor ventures,Private Equity,0.0,,Maharashtra,
1444,1445,MyAdvo,Consumer Internet,Delhi,"Pradyumna dalmia, S. somasegar & others",Seed Funding,0.0,,Delhi,
1445,1446,MyChild App,Education,Bhopal,"Samir bangara, Anisha mittal, Amit gupta, Pallav nadhani, Lalit mangal, Arihant patni, Dr. ritesh malik, Deobrat singh, Saurab paruthi, Singapore angel network.",Seed Funding,0.83,,Madhya Pradesh,
1446,1447,MyCity4Kids,Education,Gurugram,"Sidbi venture capital limited, Yournest angel fund",Private Equity,24.75,,Haryana,
1447,1448,MyDentistChoice,Healthcare,Hyderabad,Undisclosed investors,Seed Funding,1.24,,Telangana,
1448,1449,MyDidi,Consumer Internet,Mumbai,Undisclosed ex mckinsey directors and partners,Seed Funding,4.54,,Maharashtra,
1449,1450,Myeglu,Technology,Bengaluru,Foxconn technology group & others,Seed Funding,0.0,,Karnataka,
1450,1451,MyGlamm,Personal Care,Mumbai,L'occitane,Private Equity,49.5,,Maharashtra,
1451,1452,MyGubbi,E-Commerce,Bengaluru,"Vipul parekh, Ajesh k murthy,",Seed Funding,20.63,,Karnataka,
1452,1453,MyKindofJob,Consumer Internet,Mumbai,"Mayank shah, Shreyans shah",Seed Funding,8.25,,Maharashtra,
1453,1454,Myly,Consumer Internet,Jaipur,Newbie promoter pvt ltd,Seed Funding,0.83,,Rajasthan,
1454,1455,MySeniorDoctor,Consumer Internet,Gurugram,Blackjag partners,Seed Funding,1.65,,Haryana,
1455,1456,Mystifly,Consumer Internet,Bengaluru,Recruit holdings,Private Equity,41.25,,Karnataka,
1456,1457,MySUN,Energy,Noida,General catalyst partners,Private Equity,20.63,,Uttar Pradesh,
1457,1458,MySuperBrain,Consumer Internet,Hyderabad,Soniks consulting,Seed Funding,0.0,,Telangana,
1458,1459,MyTaxiIndia,Transportation,Gurugram,Nihon kotsu co,Private Equity,8.25,,Haryana,
1459,1460,N.O.W,Consumer Internet,Noida,"Ruchirans jaipuria, Anuj sanghi",Seed Funding,4.13,,Uttar Pradesh,
1460,1461,N.O.W,Consumer Internet,Noida,Maple capital advisors,Seed Funding,0.0,,Uttar Pradesh,
1461,1462,NatureNama,Consumer Internet,Mumbai,Unicorn venture,Seed Funding,1.86,,Maharashtra,
1462,1463,NearBuy,Consumer Internet,Gurugram,Blacksoil capital pvt. ltd.,Private Equity,20.63,,Haryana,
1463,1464,NearFox,Consumer Internet,Mumbai,"Globevestor angel fund, Devendra rane, Ravi jain,  arpan nagdeve",Seed Funding,0.0,,Maharashtra,
1464,1465,NearU,Consumer Internet,Mumbai,Dr. goutam challagalla,Seed Funding,0.0,,Maharashtra,
1465,1466,NeoGrowth,Finance,Mumbai,"Iifl wealth management seed venture fund, Omidyar network, Khosla impact, Aspada",Private Equity,132.0,,Maharashtra,
1466,1467,NestAway,Real Estate,Bengaluru,Tiger global,Private Equity,247.5,,Karnataka,
1467,1468,Nestaway,Real Estate,Bengaluru,Ratan tata,Private Equity,0.0,,Karnataka,
1468,1469,NetLinx,Consumer Internet,Hyderabad,"Xchange investors nv, Transglobal fzc",Private Equity,24.75,,Telangana,
1469,1470,Netree,E-Commerce,Delhi,"The chennai angels, Letsventure",Seed Funding,0.0,,Delhi,
1470,1471,NeuroEquilibrium,Technology,Jaipur,Unicorn india ventures,Seed Funding,2.06,,Rajasthan,
1471,1472,NeuroSynaptic,Technology,Bengaluru,"Indian angel network, Healthsquad, Axilor ventures",Private Equity,0.0,,Karnataka,
1472,1473,NewsDistill,Consumer Internet,Hyderabad,"Ganesh narasimhan, Ramana thumu, Sudhir mallem",Seed Funding,0.83,,Telangana,
1473,1474,NewsLaundry,Consumer Internet,Delhi,"Omidyar network,  vikram lal, Abhijit bhandari, Mahesh murthy, Shashank bhagat",Private Equity,0.0,,Delhi,
1474,1475,Newspatrolling,Consumer Internet,Delhi,,Seed Funding,0.21,,Delhi,
1475,1476,Niki.ai,AI,Bengaluru,Ratan tata,Private Equity,0.0,,Karnataka,
1476,1477,Ninjacart,AgriTech,Bengaluru,"Accel partners, Qualcomm ventures, M&s partners, Zop smart",Private Equity,24.75,,Karnataka,
1477,1478,NiYO Solutions,Finance,Bengaluru,Prime venture partners,Private Equity,8.25,,Karnataka,
1478,1479,NoBroker,Consumer Internet,Bengaluru,"Beenext, Digital garage, Beenos, Qualgro, Mamoru taniya, Saif partners",Private Equity,82.5,,Karnataka,
1479,1480,NoBroker,Consumer Internet,Bengaluru,"Ktb network, Saif partners, Beenext, Digital garage",Private Equity,61.05,,Karnataka,
1480,1481,NoBroker,Consumer Internet,Bengaluru,Anand chandrasekaran,Seed Funding,0.0,,Karnataka,
1481,1482,Noddapp,Consumer Internet,Mumbai,Undisclosed multiple investors,Seed Funding,1.21,,Maharashtra,
1482,1483,Notary Mama,Consumer Internet,Bengaluru,"Dr nandish domlur, Amit sandill",Seed Funding,0.0,,Karnataka,
1483,1484,Notesgen,EdTech,Delhi,"Riju gupta, Kamal chabra",Seed Funding,0.83,,Delhi,
1484,1485,Notion Press,Consumer Internet,Chennai,Undisclosed hni investors,Private Equity,8.25,,Tamil Nadu,
1485,1486,Nukkad Shops,Consumer Internet,Hyderabad,Purpletalk inc,Seed Funding,8.25,,Telangana,
1486,1487,numberz.in,Technology,Gurugram,"Kae capital, Khosla impact",Seed Funding,5.36,,Haryana,
1487,1488,Nykaa,Consumer Internet,Mumbai,"Sunil munjal, Mariwala family",Private Equity,101.48,,Maharashtra,
1488,1489,Nykaa,Consumer Internet,Mumbai,Max ventures and industries,Private Equity,0.0,,Maharashtra,
1489,1490,Obino,Healthcare,Mumbai,Roundglass partners,Private Equity,0.0,,Maharashtra,
1490,1491,Octo.ai,Technology,Delhi,"Outbox ventures, Jaspreet bindra, Arjun malhotra, Rohan malhotra, Sidharth rao, Rakesh agrawal",Seed Funding,1.65,,Delhi,
1491,1492,OfBusiness,Fintech,Gurugram,"Zodius technology opportunities fund, Matrix partners",Private Equity,91.58,,Haryana,
1492,1493,OfBusiness,Fintech,Gurugram,Matrix partners india,Private Equity,41.25,,Haryana,
1493,1494,Oliveboard,Consumer Internet,Bengaluru,India educational investment fund,Private Equity,0.0,,Karnataka,
1494,1495,OneClickWash,Consumer Internet,Gurugram,Unitus seed fund,Seed Funding,0.0,,Haryana,
1495,1496,Oneway.cab,Transportation,Vadodara,Indian angel network,Seed Funding,3.71,,Gujarat,
1496,1497,ONN Bikes,E-Commerce,Mumbai,Grace capital ventures,Seed Funding,0.0,,Maharashtra,
1497,1498,Onspoon,Consumer Internet,Mumbai,Swan angel network,Seed Funding,1.24,,Maharashtra,
1498,1499,Orahi,Consumer Internet,Gurugram,Indian angel network,Seed Funding,4.29,,Haryana,
1499,1500,OrangeTwig,Consumer Internet,Delhi,Undisclosed investor,Seed Funding,8.25,,Delhi,
1500,1501,Organicshop,E-Commerce,Jaipur,"Vivek nathani, Yogesh chaudhary, Mahavir pratap sharma, Kamal kothari, H c jain",Seed Funding,0.0,,Rajasthan,
1501,1502,Oust App,Consumer Internet,Bengaluru,"T v mohandas pai,  aarin capital",Seed Funding,0.0,,Karnataka,
1502,1503,Overcart,E-Commerce,Gurugram,"Jsw ventures, Omidyar network, Sattva capital, Venture works",Private Equity,24.75,,Haryana,
1503,1504,OyBob,E-Commerce,Gurugram,Sachin dalal,Seed Funding,0.0,,Haryana,
1504,1505,OYO,Hospitality,Gurugram,"Softbank, Sequoia capital, Lightspeed venture partners, Greenoaks capital, Dsg consumer partners and venture nursery",Private Equity,825.0,,Delhi,
1505,1506,OYO,Hospitality,Gurugram,Softbank group,Private Equity,511.5,,Delhi,
1506,1507,OYO,Hospitality,Gurugram,Rn agarwal,Seed Funding,0.0,,Karnataka,
1507,1508,Padhopadhao,Consumer Internet,Delhi,Rise india,Private Equity,0.0,,Delhi,
1508,1509,Pandorum Technologies,Technology,Bengaluru,"Sachin bansal, Binny bansal",Seed Funding,0.0,,Karnataka,
1509,1510,ParaBlu,Technology,Bengaluru,Kalaari capital,Seed Funding,4.13,,Karnataka,
1510,1511,Parentlane,Consumer Internet,Bengaluru,Rohit ma,Seed Funding,0.0,,Karnataka,
1511,1512,Paytm,E-Commerce,Bengaluru,Mediatek inc.,Private Equity,495.0,,Karnataka,
1512,1513,Paytunes,Consumer Internet,Delhi,"Cio angel network, Indian angel network",Private Equity,4.13,,Delhi,
1513,1514,Pepperfry,E-Commerce,Mumbai,"Goldman sachs group, Zodius technology fund, Norwest venture partners, Bertelsmann india",Private Equity,258.23,,Maharashtra,
1514,1515,Perfumery,E-Commerce,Delhi,Oranda global & others,Seed Funding,0.25,,Delhi,
1515,1516,Petoo,Consumer Internet,Bengaluru,Axilor ventures,Private Equity,8.25,,Karnataka,
1516,1517,Petoo,Consumer Internet,Bengaluru,Existing investors,Seed Funding,4.13,,Karnataka,
1517,1518,PharmaRack,Technology,Mumbai,"Currae healthtech fund, Unicorn india ventures",Private Equity,6.15,,Maharashtra,
1518,1519,Pi Data Centers,Technology,Hyderabad,Epsilon venture partners,Private Equity,189.75,,Telangana,
1519,1520,Pianta,Consumer Internet,Bengaluru,"Kunal shah, Sandeep tandon",Seed Funding,0.0,,Karnataka,
1520,1521,PickMyLaundry,Consumer Internet,Delhi,"Kedar lele, Ghv accelerator",Seed Funding,1.65,,Delhi,
1521,1522,Pickrr,Logistics,Delhi,Swastika company ltd,Seed Funding,0.0,,Delhi,
1522,1523,PicsDream,Consumer Internet,Delhi,Raman roy,Seed Funding,0.0,,Delhi,
1523,1524,Pictor Imaging,Consumer Internet,Mumbai,Quarizon,Seed Funding,1.21,,Maharashtra,
1524,1525,Pikkol,Logistics,Bengaluru,"Ajay nanavati, Afsal salu",Seed Funding,0.0,,Karnataka,
1525,1526,PinClick,Consumer Internet,Bengaluru,Undisclosed investors,Private Equity,0.0,,Karnataka,
1526,1527,Pindropmusic,Consumer Internet,Noida,Green house ventures (ghv),Seed Funding,0.83,,Uttar Pradesh,
1527,1528,PinkBlue,Healthcare,Bengaluru,"Hari krishna, Ajay modani, Dr v ravinder, Anirudh rastogi, Abhishek jain, Rakesh gakhar, Rajeev mudumba, Nagendra prasad bhanuprakash",Seed Funding,1.84,,Karnataka,
1528,1529,Pitstop,Consumer Internet,Bengaluru,"Alex chua, Rahul garg",Seed Funding,0.0,,Karnataka,
1529,1530,PitStop,Consumer Internet,Bengaluru,Myntra/livspace founders,Seed Funding,0.0,,Karnataka,
1530,1531,Planys Technologies,Technology,Chennai,"Bhanu vikram parsotam, Rohan desai and paras patel",Seed Funding,1.24,,Tamil Nadu,
1531,1532,Play Your Sport,Consumer Internet,Delhi,Ashish gupta and other undisclosed investors,Seed Funding,0.0,,Delhi,
1532,1533,Playment,Consumer Internet,Bengaluru,Saif partners,Private Equity,5.78,,Karnataka,
1533,1534,PlaySimple,Technology,Bengaluru,"Saif partners, Idg ventures india",Private Equity,33.0,,Karnataka,
1534,1535,PlexusMD,Consumer Internet,Ahmedabad,"Arihant patni, Avnish mehra, Pranay adhvaryu, Ravi sampat",Seed Funding,0.0,,Gujarat,
1535,1536,Plick,Consumer Internet,Mumbai,Sanjay mehta,Seed Funding,0.0,,Maharashtra,
1536,1537,Plix,Consumer Internet,Gurugram,Instalabs,Seed Funding,4.13,,Haryana,
1537,1538,Pocket Aces,Technology,Mumbai,"Sequoia capital india, North base media, Aarin capital, 3one4 capital, Axilor ventures, Kunal shah, Sandeep tandon",Private Equity,24.75,,Maharashtra,
1538,1539,Pocketin,Consumer Internet,Noida,Swastika company ltd,Seed Funding,1.24,,Uttar Pradesh,
1539,1540,Poshtic,Consumer Internet,Noida,"Havya sharma, Amit nagar",Seed Funding,3.71,,Uttar Pradesh,
1540,1541,Postman,Software,Bengaluru,Nexus venture partners,Private Equity,57.75,,Karnataka,
1541,1542,Power2SME,E-Commerce,Gurugram,"Nandan nilekani, Accel partners, Kalaari capital and inventus capital",Private Equity,173.25,,Haryana,
1542,1543,Pramati,Healthcare,Noida,Undisclosed investors,Seed Funding,1.65,,Uttar Pradesh,
1543,1544,PratiLipi,Consumer Internet,Bengaluru,Nexus venture partners,Seed Funding,0.0,,Karnataka,
1544,1545,Prepathon,Education,Mumbai,Blume ventures,Private Equity,0.0,,Maharashtra,
1545,1546,Prescribez,Consumer Internet,Pune,Ankush mehta,Seed Funding,1.2,,Maharashtra,
1546,1547,PressPlay TV,Consumer Internet,Delhi,"Sequoia capital, Sd ventures, Vistaar investment advisors pvt. ltd.",Private Equity,0.0,,Delhi,
1547,1548,PrettySecrets,E-Commerce,Mumbai,"Rb investments pte ltd, Orios venture partners",Private Equity,49.5,,Maharashtra,
1548,1549,PriceRaja,Consumer Internet,Gurugram,Prashant puri,Seed Funding,2.48,,Haryana,
1549,1550,Prime Focus Technologies,Technology,Mumbai,Ambit pragma,Private Equity,0.0,,Maharashtra,
1550,1551,Process 9,Consumer Internet,Gurugram,"Indian angel network, Alok sharma, Kris gopalakrishnan, Saurabh srivastava, And ajai chowdhry",Seed Funding,0.0,,Haryana,
1551,1552,ProcMart,Consumer Internet,Noida,Indiamart,Private Equity,0.0,,Uttar Pradesh,
1552,1553,Promon,E-Commerce,Delhi,Now capital,Seed Funding,1.49,,Delhi,
1553,1554,Proximit,Technology,Pune,Funding through 1crowd platform,Seed Funding,1.24,,Maharashtra,
1554,1555,Prozo,E-Commerce,Gurugram,"Earlsfield capital, Sailender solanki, Rajiv solanki",Seed Funding,2.6,,Haryana,
1555,1556,Pulse,FinTech,Bengaluru,Saif partners,Private Equity,4.13,,Karnataka,
1556,1557,Puro Wellness,Healthcare,Mumbai,Torrent group,Private Equity,305.25,,Maharashtra,
1557,1558,Purple Style Labs,EdTech,Mumbai,"Augment ventures, Rahul kayan, Nikhil golcha, Shubham gupta, Roy kwan",Seed Funding,3.7,,Maharashtra,
1558,1559,PurpleDocs,Consumer Internet,Vadodara,"Kellygamma, Lead angels & others",Seed Funding,0.0,,Gujarat,
1559,1560,PurpleHealth,Consumer Internet,Trivandrum,Katabole technology venture,Seed Funding,0.83,,Kerala,
1560,1561,Purplle,E-Commerce,Mumbai,"Jsw ventures, Blume ventures & ivycap ventures",Private Equity,49.5,,Maharashtra,
1561,1562,Qacco,Consumer Internet,Gurugram,"Lead angels network, Anbu pandian, Prabhakar mr & others",Seed Funding,1.24,,Haryana,
1562,1563,Qdesq,Real Estate,Gurugram,"Dheeraj jain, Jagdish kumar, Bharat gupta, Ankush saigal, Praveen saini",Seed Funding,0.0,,Haryana,
1563,1564,QikShip,Consumer Internet,Delhi,Undisclosed investors,Seed Funding,1.65,,Delhi,
1564,1565,Qlivery,Consumer Internet,Gurugram,Swastika company ltd,Seed Funding,1.9,,Haryana,
1565,1566,Qlivery,Consumer Internet,Gurugram,Chandigarh angels funding,Seed Funding,0.0,,Haryana,
1566,1567,Qonfuse,Consumer Internet,Delhi,Hamraj kumar,Seed Funding,0.0,,Delhi,
1567,1568,Qriyo,Consumer Internet,Jodhpur,Idein ventures,Seed Funding,1.32,,Rajasthan,
1568,1569,Qubole,Technology,Bengaluru,"Institutional venture partners, Norwest venture partners, Lightspeed venture partners, Crv",Private Equity,247.5,,Karnataka,
1569,1570,Quickli,Logistics,Gurugram,"Avg group, 500 startups",Private Equity,0.0,,Haryana,
1570,1571,Quikr,Marketing,Bengaluru,Brand capital,Private Equity,165.0,,Karnataka,
1571,1572,RailYatri,Travel,Noida,"Helion ventures, Blume ventures",Private Equity,0.0,,Uttar Pradesh,
1572,1573,RainCan,AgriTech,Pune,Dr. aniruddha malpani,Seed Funding,1.24,,Maharashtra,
1573,1574,Rapido,Transportation,Bengaluru,"Pawan munjal, Advantedge partners, Astarc ventures",Private Equity,0.0,,Karnataka,
1574,1575,Rare Media,Technology,Delhi,Info edge (india) ltd,Private Equity,9.08,,Delhi,
1575,1576,RayIOT,Technology,Bengaluru,Hax accelerator,Seed Funding,0.83,,Karnataka,
1576,1577,RazorPay,FinTech,Bengaluru,Mastercard,Private Equity,0.0,,Karnataka,
1577,1578,Reach,Consumer Internet,Bengaluru,"Rebright partners, Sol primero, Sudhir anandarao, Ankur warikoo, Ankur singla",Seed Funding,4.13,,Karnataka,
1578,1579,RealBox,Technology,Noida,Hyderabad angels,Seed Funding,2.48,,Uttar Pradesh,
1579,1580,Reddoorz,Consumer Internet,Delhi,500 startups,Private Equity,0.0,,Delhi,
1580,1581,Redsun Telematics,Consumer Internet,Chennai,Tvs automobile solutions ltd,Private Equity,0.0,,Tamil Nadu,
1581,1582,Remidio,Healthcare,Bengaluru,Cipher-plexus capital advisors & indian hnis,Private Equity,0.0,,Karnataka,
1582,1583,Remitr,Consumer Internet,Mumbai,"Vijay shekhar sharma, Pravin gandhi,  smart start fund; kunal shah,  sandeep tandon, Vishal gondal, & others",Seed Funding,8.25,,Maharashtra,
1583,1584,RenewBuy,Finance,Delhi,Mount nathan advisors,Seed Funding,8.25,,Haryana,
1584,1585,Renowala,Households,Hyderabad,Pradeep dhobale,Seed Funding,0.0,,Telangana,
1585,1586,Rentalpha,Services,Mumbai,Bravia capital,Private Equity,132.0,,Maharashtra,
1586,1587,Rentickle,E-Commerce,Delhi,"Manish kheterpal, Vinay mittal, Dinesh mittal, Sandeep gupta",Seed Funding,2.06,,Delhi,
1587,1588,RentMojo,Consumer Internet,Bengaluru,"Accel partners, Idg ventures india",Private Equity,41.25,,Karnataka,
1588,1589,Rentomo,Consumer Internet,Bengaluru,Shiva ashok & other unnamed investors,Seed Funding,0.83,,Karnataka,
1589,1590,RentSher,Consumer Internet,Bengaluru,"Vaibhav doshi, Abhay singhal, Vibhu garg, Joby babu, Abhishek acharya, Manish shah",Seed Funding,2.48,,Karnataka,
1590,1591,RepairEasy,Consumer Internet,Pune,Undisclosed hnis,Seed Funding,2.27,,Maharashtra,
1591,1592,REstate,Consumer Internet,Bengaluru,Idein ventures,Seed Funding,0.0,,Karnataka,
1592,1593,Revv,Consumer Internet,Delhi,Edelweiss private equity,Private Equity,74.25,,Delhi,
1593,1594,Ridlr,Consumer Internet,Mumbai,"Times internet, Innoven capital, Matrix partners india, Qualcomm ventures",Private Equity,49.5,,Maharashtra,
1594,1595,Rivigo,Logistics,Gurugram,Warburg pincus,Private Equity,618.75,,Haryana,
1595,1596,RKSV,Consumer Internet,Mumbai,Kalaari capital,Private Equity,33.0,,Maharashtra,
1596,1597,RoadGods,E-Commerce,Delhi,Green house ventures (ghv),Seed Funding,0.83,,Delhi,
1597,1598,Roast,Consumer Internet,Delhi,Indian angel network,Seed Funding,0.0,,Delhi,
1598,1599,RoboVac,Technology,Ahmedabad,Virendra patel,Seed Funding,3.71,,Gujarat,
1599,1600,Roder,Consumer Internet,Delhi,Unicorn india ventures,Seed Funding,1.98,,Delhi,
1600,1601,Roll Mafia,Food,Pune,Equentia natural resource & other undisclosed investors,Seed Funding,0.0,,Maharashtra,
1601,1602,Room On Call,Consumer Internet,Gurugram,Cashurdrive marketing pvt ltd,Private Equity,16.5,,Haryana,
1602,1603,Rooter,Sports,Delhi,"Boman irani, Dhruv chitgopekar, Prantik dasgupta",Seed Funding,0.0,,Delhi,
1603,1604,Roposo,Social Media,Gurugram,Bertelsmann india investments,Private Equity,123.75,,Haryana,
1604,1605,Runnr,Consumer Internet,Bengaluru,"Nexus venture partners, Blume ventures",Private Equity,57.75,,Karnataka,
1605,1606,Rupaiya Exchange,Consumer Internet,Delhi,Undisclosed investors,Seed Funding,1.65,,Delhi,
1606,1607,Saavn,Consumer Internet,Mumbai,Guy oseary,Private Equity,0.0,,Maharashtra,
1607,1608,Sagacito,Technology,Delhi,Star india pvt. ltd,Private Equity,82.5,,Delhi,
1608,1609,SaleBhai,E-Commerce,Ahmedabad,Brand capital,Private Equity,12.38,,Gujarat,
1609,1610,Salebhai,E-Commerce,Ahmedabad,"Virendra shekhawat, Deepak chokhani, Yogesh patel & others",Seed Funding,0.0,,Gujarat,
1610,1611,Saral Designs,Healthcare,Mumbai,"Farooq adam, Ambi parameswaran,",Seed Funding,0.0,,Maharashtra,
1611,1612,Sattviko,E-Commerce,Delhi,"Raman roy, Ashish gupta, Yogesh andlay, Vaibhav jain",Seed Funding,0.0,,Delhi,
1612,1613,SatvaCart,E-Commerce,Gurugram,"Abhijit avasthi, Karan chellani, Sp vijay",Seed Funding,0.0,,Haryana,
1613,1614,SatvaKart,E-Commerce,Gurugram,Nimit panigrahi,Seed Funding,0.0,,Haryana,
1614,1615,SavvyMob,E-Commerce,Bengaluru,"Tv mohandas pai, Letsventure",Seed Funding,8.25,,Karnataka,
1615,1616,Sayfix,Consumer Internet,Bengaluru,Yajnanarayana kammaje,Seed Funding,1.32,,Karnataka,
1616,1617,Scandid,Consumer Internet,Pune,3one4 capital,Private Equity,0.0,,Maharashtra,
1617,1618,Schedulers Logistics,Logistics,Mumbai,Gvfl,Private Equity,49.5,,Maharashtra,
1618,1619,Schoolkart,E-Commerce,Noida,Undisclosed investors,Seed Funding,2.48,,Uttar Pradesh,
1619,1620,SchoolWear,E-Commerce,Mumbai,Undisclosed investors,Seed Funding,12.38,,Maharashtra,
1620,1621,Scienaptic,Technology,Bengaluru,Pramod bhasin,Seed Funding,0.0,,Karnataka,
1621,1622,Scripbox,FinTech,Bengaluru,"Omidyar network, Accel partners & existing investors",Private Equity,0.0,,Karnataka,
1622,1623,Seclore,Technology,Mumbai,"Sistema asia fund, Helion venture, Ventureeast, India alternatives",Private Equity,99.0,,Maharashtra,
1623,1624,SeeDoc,Consumer Internet,Gurugram,Yournest angel fund & others,Private Equity,8.25,,Haryana,
1624,1625,Sensara,Technology,Bengaluru,"Lalitesh katragadda,  ganayantrika systems",Seed Funding,6.19,,Karnataka,
1625,1626,SERV'D,Consumer Internet,Pune,Digital financial service lab,Seed Funding,0.83,,Maharashtra,
1626,1627,Servify,SaaS,Mumbai,"Blume ventures, Barkawi holdings gmbh, Tm service technology holdings gmbh",Private Equity,0.0,,Maharashtra,
1627,1628,Sesame Software,Technology,Kozhikode,Speridian technologies,Private Equity,0.0,,Kerala,
1628,1629,ShaadiSaga,Consumer Internet,Delhi,"Ah! ventures, Anupam mittal, Kunal shah, Sandeep tandon, Dheeraj jain, Rohit chokhani",Seed Funding,0.0,,Delhi,
1629,1630,ShabdaNagari,Consumer Internet,Kanpur,Kanpur angels & others,Seed Funding,1.65,,Uttar Pradesh,
1630,1631,ShabdNagari,Consumer Internet,Kanpur,Ah! ventures,Seed Funding,0.0,,Uttar Pradesh,
1631,1632,Shadowfox,Services,Gurugram,Eight roads ventures,Private Equity,82.5,,Haryana,
1632,1633,ShareChat,Social Media,Bengaluru,"Lightspeed india partners, Saif partners, India quotient, Venture highway",Private Equity,33.0,,Karnataka,
1633,1634,ShareChat,Social Media,Bengaluru,"Saif partners, India quotient",Private Equity,11.14,,Karnataka,
1634,1635,Sheroes,Consumer Internet,Noida,"Lumis partners, The hr fund, Rajul garg, Quintillion media",Private Equity,14.85,,Uttar Pradesh,
1635,1636,SheThePeople,Consumer Internet,Delhi,Anand mahindra,Seed Funding,0.0,,Delhi,
1636,1637,Shipsy,Logistics,Gurugram,Dtdc express ltd,Private Equity,8.25,,Haryana,
1637,1638,Shoekonnect,E-Commerce,Agra,Indian angel network,Seed Funding,0.0,,Uttar Pradesh,
1638,1639,ShoeKonnect,E-Commerce,Agra,Indian angels network,Seed Funding,0.0,,Uttar Pradesh,
1639,1640,Shopclues,E-Commerce,Gurugram,"Gic, Tiger global management, Nexus venture partners",Private Equity,825.0,,Haryana,
1640,1641,Shopkirana,E-Commerce,Indore,"Atul jain, Anil gelra, Jaikumar nair",Seed Funding,0.0,,Madhya Pradesh,
1641,1642,ShopKirana,E-Commerce,Indore,"Incubate fund, Lead angels group & others",Private Equity,0.0,,Madhya Pradesh,
1642,1643,ShoppinPal,Technology,Pune,"Plug and play tech center, Steelhead ventures & others",Private Equity,8.83,,Maharashtra,
1643,1644,ShopsUp,E-Commerce,Bengaluru,"Anand sankeshwar, Yang shu",Seed Funding,7.94,,Karnataka,
1644,1645,Shopwati,Consumer Internet,Gurugram,Sanjiv rai,Seed Funding,0.0,,Haryana,
1645,1646,ShopX,E-Commerce,Bengaluru,Nandan nilekani,Private Equity,41.25,,Karnataka,
1646,1647,Shouut,Consumer Internet,Delhi,Undisclosed investor,Seed Funding,4.13,,Delhi,
1647,1648,ShubhLoans,FinTech,Bengaluru,"Sanjai vohra, V. bunty bohra",Seed Funding,0.0,,Karnataka,
1648,1649,Sibia Analytics,Technology,Kolkata,Radhakrishnan natarajan & others,Seed Funding,0.0,,West Bengal,
1649,1650,SidQam,Technology,Noida,"Sque capital, Grace capital ventures, Soham vencaps",Private Equity,9.9,,Uttar Pradesh,
1650,1651,SIFTR Labs,Consumer Internet,Mumbai,Venture catalysts,Seed Funding,1.24,,Maharashtra,
1651,1652,SigTuple,Healthcare,Bengaluru,"Sachin bansal, Binny bansal, Accel partners & others",Seed Funding,0.0,,Karnataka,
1652,1653,SillyMonks,Consumer Internet,Hyderabad,Sreenivasa reddy musani,Seed Funding,3.7,,Telangana,
1653,1654,Silvan,Technology,Bengaluru,The chennai angels,Seed Funding,4.25,,Karnataka,
1654,1655,Silvan Innovation Labs,Technology,Bengaluru,Infuse ventures,Private Equity,7.43,,Karnataka,
1655,1656,Simplilearn,EdTech,Bengaluru,Innoven capital india,Private Equity,49.5,,Karnataka,
1656,1657,Simplilearn,EdTech,Bengaluru,Brand capital,Private Equity,0.0,,Karnataka,
1657,1658,SirionLabs,SaaS,Gurugram,Sequoia capital,Private Equity,101.06,,Haryana,
1658,1659,Skedool,Consumer Internet,Bengaluru,"Kludein llc\\nphanindra sama, Narayan ramachandran, Pranav pai",Seed Funding,0.0,,Karnataka,
1659,1660,SkyCandle,E-Commerce,Delhi,Gpa group,Private Equity,0.0,,Delhi,
1660,1661,Slide App,Consumer Internet,Delhi,Songhyun investment,Private Equity,29.7,,Delhi,
1661,1662,Smartcooky,E-Commerce,Delhi,"Rajan anandan, Pramod bhasin, Siddharth pai, Tv mohandas pai, Manvinder singh banga",Seed Funding,0.0,,Delhi,
1662,1663,Smartivity,EdTech,Delhi,"S chand, Advantedge partners",Private Equity,8.25,,Delhi,
1663,1664,Smartron,Technology,Bengaluru,Sachin tendulkar,Private Equity,0.0,,Karnataka,
1664,1665,SmartVizX,Technology,Noida,"Indian angel network, Stanford angels, Entrepreneurs india",Seed Funding,4.13,,Uttar Pradesh,
1665,1666,Sminq,Consumer Internet,Pune,"Saama capital, Blume ventures & vaibhav domkundwar",Seed Funding,8.25,,Maharashtra,
1666,1667,Smytten,E-Commerce,Gurugram,Rajan anandan,Seed Funding,0.0,,Haryana,
1667,1668,SnapBizz,E-Commerce,Bengaluru,"Jungle ventures, Taurus value creation, Konly venture, Blume ventures",Private Equity,59.4,,Karnataka,
1668,1669,SnapBizz,E-Commerce,Bengaluru,Ratan tata,Private Equity,0.0,,Karnataka,
1669,1670,Snapdeal,E-Commerce,Delhi,Ontario teachers' pension plan & others,Private Equity,1650.0,,Delhi,
1670,1671,Snapshopr,Consumer Internet,Bengaluru,Amod malviya,Seed Funding,0.0,,Karnataka,
1671,1672,Social Quotient,Technology,Mumbai,"Anita dongre, Yash dongre, Milind sarwate",Seed Funding,0.0,,Maharashtra,
1672,1673,SolarTown,Technology,Chennai,Grex.in,Seed Funding,1.65,,Tamil Nadu,
1673,1674,SooperMO,Technology,Gurugram,Lalit vase,Seed Funding,0.83,,Haryana,
1674,1675,SoundSurround,Technology,Mumbai,Multiple investors through ten minute million competition,Seed Funding,0.19,,Maharashtra,
1675,1676,SP Robotics,Technology,Chennai,"Indian angel network,",Seed Funding,2.48,,Tamil Nadu,
1676,1677,SpectraVR,Technology,Mumbai,Rothenberg ventures,Seed Funding,0.0,,Maharashtra,
1677,1678,SpiderG,Consumer Internet,Pune,"Rahul kirloskar, Fusion tech ventures, Adi saravanan, Pravin dongre, Mahendra doshi",Seed Funding,1.24,,Maharashtra,
1678,1679,Sportido,Sports,Delhi,Sumpoorna group,Seed Funding,0.0,,Delhi,
1679,1680,Square Yards,Consumer Internet,Gurugram,Adag reliance private equity,Private Equity,99.0,,Haryana,
1680,1681,Stalk Buy Love,E-Commerce,Delhi,Kalaari capital,Private Equity,49.5,,Delhi,
1681,1682,Stalk Buy Love,E-Commerce,Delhi,William bissel,Seed Funding,0.0,,Delhi,
1682,1683,StalkBuyLove,E-Commerce,Delhi,"500 startups, Littlerock, Singularity ventures",Seed Funding,0.0,,Delhi,
1683,1684,Staqu,Technology,Gurugram,Indian angel network,Seed Funding,0.0,,Haryana,
1684,1685,Stasis Labs,Technology,Bengaluru,"Rtp-hc, Wonder ventures, Techstars ventures & others",Private Equity,41.25,,Karnataka,
1685,1686,Stayology,Consumer Internet,Bengaluru,Ranjan pai,Seed Funding,0.0,,Karnataka,
1686,1687,StayZilla,Consumer Internet,Chennai,"Matrix partners, Nexus ventures",Private Equity,111.38,,Tamil Nadu,
1687,1688,StitchWood,E-Commerce,Mumbai,Deepak gupta,Seed Funding,1.65,,Maharashtra,
1688,1689,StoreKing,E-Commerce,Bengaluru,Axiata digital,Private Equity,132.0,,Karnataka,
1689,1690,Streo,Entertainment,Bengaluru,"Gems advisory, Quarizon",Seed Funding,0.0,,Karnataka,
1690,1691,Strike,Consumer Internet,Bengaluru,Multiple investors through ten minute million competition,Seed Funding,0.19,,Karnataka,
1691,1692,Styledotme,Personal Care,Delhi,Indian angel network,Seed Funding,0.31,,Delhi,
1692,1693,Stylflip,E-Commerce,Mumbai,"Raj gala shah, Zaheer memon",Seed Funding,0.0,,Maharashtra,
1693,1694,Stylofie,Consumer Internet,Gurugram,Jaideep mehta,Seed Funding,0.0,,Haryana,
1694,1695,Supplified,E-Commerce,Delhi,Mohit goel,Seed Funding,8.25,,Delhi,
1695,1696,Supr Daily,Consumer Internet,Mumbai,"Dr. apoorv ranjan sharma, Anil jain, Anuj golecha, Krishna jhunjhunwala, Anirudh damani",Seed Funding,0.0,,Maharashtra,
1696,1697,Swiggy,Food,Bengaluru,"Harmony partners, Rb investments & existing investors",Private Equity,288.75,,Karnataka,
1697,1698,Swiggy,Food,Bengaluru,Bessemer venture partners,Private Equity,123.75,,Karnataka,
1698,1699,Swiggy,Food,Bengaluru,"Norwest venture partners, Dst global, Accel partners",Private Equity,57.75,,Karnataka,
1699,1700,SwitchMe,Consumer Internet,Mumbai,"Mohandas pai, Hiro mashita, Singapore angel network, 500 startups, Rajan anandan, Ajay sarupria",Seed Funding,0.0,,Maharashtra,
1700,1701,Syona Cosmetics,Personal Care,Chennai,The chennai angels,Seed Funding,1.24,,Tamil Nadu,
1701,1702,Systemantics,Technology,Bengaluru,"Nandan nilekani, Accel partners",Private Equity,11.55,,Karnataka,
1702,1703,TableHero,Consumer Internet,Bengaluru,"Growx ventures, Kunal shah, Sandeep tandon, Haresh chawla, Powai lake ventures, Globevestor",Seed Funding,8.25,,Karnataka,
1703,1704,TAC Security,Technology,Delhi,Vijay kedia,Seed Funding,0.0,,Delhi,
1704,1705,Tailslife,Consumer Internet,Bengaluru,"Mohan kumar, V. balakrishnan",Seed Funding,0.0,,Karnataka,
1705,1706,Talent Next,Consumer Internet,Mumbai,Karanpal singh & others,Seed Funding,8.25,,Maharashtra,
1706,1707,Tapchief,Consumer Internet,Bengaluru,Vijay shekhar sharma,Seed Funding,1.24,,Karnataka,
1707,1708,TapChief,Consumer Internet,Bengaluru,"Paytm, Aprameya radhakrishna, Subramanya venkat, Venk krishnan",Seed Funding,0.0,,Karnataka,
1708,1709,Tarusa World,E-Commerce,Mumbai,Mohit gulati,Seed Funding,0.0,,Maharashtra,
1709,1710,Taskbob,Consumer Internet,Mumbai,"Ivycap ventures, Orios venture partners, Mayfield india",Private Equity,37.13,,Maharashtra,
1710,1711,Tax2Win,Consumer Internet,Jaipur,Undisclosed investors,Private Equity,8.25,,Rajasthan,
1711,1712,TaxiVaxi,Consumer Internet,Delhi,Undisclosed hnis,Seed Funding,4.13,,Delhi,
1712,1713,Tazzo Bikes,Consumer Internet,Hyderabad,Dsg consumer partners,Seed Funding,1.87,,Telangana,
1713,1714,Teabox,E-Commerce,Siliguri,Cameron jones,Seed Funding,0.0,,West Bengal,
1714,1715,Ten3t Health,Technology,Bengaluru,"V. krishna prasad, Bhupen shah & others",Seed Funding,0.0,,Karnataka,
1715,1716,Testbook,EdTech,Mumbai,S chand & co,Private Equity,0.0,,Maharashtra,
1716,1717,THB,Technology,Gurugram,"Ajith sukumaran, Currae healthtech fund",Seed Funding,0.0,,Haryana,
1717,1718,The BlueBook,Consumer Internet,Bengaluru,"Indian angel network, Let's venture",Seed Funding,4.13,,Karnataka,
1718,1719,The Gourmet Jar,E-Commerce,Noida,Chandigarh angels network,Seed Funding,0.0,,Uttar Pradesh,
1719,1720,The Indian IRIS,Consumer Internet,Ahmedabad,Timbru ventures,Seed Funding,0.0,,Gujarat,
1720,1721,The Kettlery,E-Commerce,Ahmedabad,"Hooting starts sports llp, Franchise india brands",Private Equity,8.25,,Gujarat,
1721,1722,The Postbox,E-Commerce,Chennai,"The chennai angels, Ritesh mehta, Aruna ganesh ram",Seed Funding,0.0,,Tamil Nadu,
1722,1723,The Uolo,Consumer Internet,Bengaluru,"Purvi ventures, Rajul garg, Vipin arora",Seed Funding,1.73,,Karnataka,
1723,1724,The Viral Fever,Consumer Internet,Mumbai,Tiger global,Private Equity,82.5,,Maharashtra,
1724,1725,The Wedding Brigade,Consumer Internet,Mumbai,Blume ventures & other unnamed investors,Seed Funding,4.95,,Maharashtra,
1725,1726,TheSmartQ,Consumer Internet,Bengaluru,Yournest angel fund,Seed Funding,2.06,,Karnataka,
1726,1727,ThinkPhi,Technology,Mumbai,Nimmagadda prasad,Seed Funding,0.0,,Maharashtra,
1727,1728,Timemytask,Consumer Internet,Mumbai,Lead angels,Seed Funding,0.0,,Maharashtra,
1728,1729,TinMen,Consumer Internet,Hyderabad,Lead angel network,Seed Funding,0.0,,Telangana,
1729,1730,TinyStep,Consumer Internet,Bengaluru,Flipkart logistics pvt. ltd,Private Equity,13.04,,Karnataka,
1730,1731,TinyStep,Consumer Internet,Bengaluru,Flipkart,Seed Funding,0.0,,Karnataka,
1731,1732,Tiyo,Consumer Internet,Kolkata,Ajith nair,Seed Funding,0.0,,West Bengal,
1732,1733,TOKO Innovation Studios,Consumer Internet,Delhi,Indian angel network,Seed Funding,3.71,,Delhi,
1733,1734,Tokri,Consumer Internet,Pune,Syska led group,Private Equity,20.63,,Maharashtra,
1734,1735,Tone Tag,Technology,Bengaluru,"Arun seth, T.v. mohandas pai, Anand chandrasekaran, Deepak ghaisas",Private Equity,0.0,,Karnataka,
1735,1736,TopRankers,Education,Bengaluru,"Careernet consulting pvt. ltd, Ideation initiative pvt. ltd,",Seed Funding,5.53,,Karnataka,
1736,1737,Tork Motocycles,Automotive,Pune,"Bhavish aggarwal, Ankit bhati",Seed Funding,0.0,,Maharashtra,
1737,1738,Touchkin,Healthcare,Bengaluru,"Alok mittal, Amit gupta, Anuj srivastava, Himanshu aggarwal, Raghunandan g, Puneet agarwal",Seed Funding,3.3,,Karnataka,
1738,1739,Tpot,Food,Gurugram,Ashish gupta,Seed Funding,0.0,,Haryana,
1739,1740,Trackbizz,Technology,Kochi,Grasshoppers,Private Equity,0.0,,Kerala,
1740,1741,Tracxn,Data Analytics,Bengaluru,"Nandan nilekani, Mohandas pai, Neeraj arora, Anand rajaraman, Girish mathrubootham, Aneesh reddy & teruhide sato",Private Equity,0.0,,Karnataka,
1741,1742,Trading Bells,Consumer Internet,Indore,Swastika investmart ltd,Seed Funding,2.45,,Madhya Pradesh,
1742,1743,Trak N Tell,Technology,Gurugram,Brian acton,Private Equity,28.88,,Haryana,
1743,1744,Transcell,Healthcare,Hyderabad,Indian angel network,Seed Funding,0.0,,Telangana,
1744,1745,Transerv,Healthcare,Mumbai,"Idfc spice fund, Micromax informatics",Private Equity,123.75,,Maharashtra,
1745,1746,TransTutors / AskIITians,Consumer Internet,Delhi,500 startups,Private Equity,0.0,,Delhi,
1746,1747,Travelyaari,Consumer Internet,Bengaluru,"Gujarat venture finance limited (gvfl), Bennett coleman & co. ltd",Private Equity,57.75,,Karnataka,
1747,1748,Travelyaari,Consumer Internet,Bengaluru,Gvfl ltd,Private Equity,24.75,,Karnataka,
1748,1749,TrendieApp,Technology,Kolkata,Harsh vardhan hada,Seed Funding,0.41,,West Bengal,
1749,1750,Tricog,Healthcare,Bengaluru,"Inventus capital partners, Blume ventures & others",Private Equity,0.0,,Karnataka,
1750,1751,Trilyo,Technology,Bengaluru,"Vishnu bhat, Rajiv lunkad, Naresh ravindranath",Seed Funding,0.0,,Karnataka,
1751,1752,Tring,Social Media,Pune,Vishwadeep bajaj & others,Seed Funding,0.0,,Maharashtra,
1752,1753,Trip Tap Toe,Consumer Internet,Gurugram,R.s sharma,Seed Funding,0.0,,Haryana,
1753,1754,TripShelf,Marketing,Delhi,Gems group,Seed Funding,2.06,,Delhi,
1754,1755,TripShelf,Marketing,Delhi,"Gems advisory, Quarizon",Seed Funding,1.01,,Delhi,
1755,1756,Truce,Food,Mumbai,"Anupam mittal, Amit gupta, Utsav somani, Neeraj goenka, Farooq adam mukadam",Seed Funding,3.05,,Maharashtra,
1756,1757,TruckingCube,Logistics,Delhi,Agarwal movers group,Private Equity,122.93,,Delhi,
1757,1758,Truckola,Logistics,Mumbai,"Abhishek agarwal, Krishnakumar nataraj, Sarath sura, Shanti mohan, Sarthak and nihit agarwal, Suramya gupta",Seed Funding,4.91,,Maharashtra,
1758,1759,True Balance,Healthcare,Gurugram,Softbank ventures korea,Private Equity,0.0,,Haryana,
1759,1760,Truebil,Automotive,Mumbai,"Kalaari capital, Inventus capital, Tekton ventures, Kae capital",Private Equity,42.49,,Maharashtra,
1760,1761,Turtlemint,Consumer Internet,Mumbai,Nexus venture partners,Private Equity,0.0,,Maharashtra,
1761,1762,Twigly,Delivery,Gurugram,"Tracxn labs, Hyderabad angels, Kunal shah, Gaurav bhalotia",Seed Funding,4.95,,Haryana,
1762,1763,TYGR,Technology,Mumbai,Franchise india,Private Equity,24.75,,Maharashtra,
1763,1764,Uber Dreams,E-Commerce,Mumbai,Mohit lalvani,Seed Funding,4.13,,Maharashtra,
1764,1765,UClean,Consumer Internet,Bengaluru,Franchise india,Private Equity,0.0,,Karnataka,
1765,1766,Udaan,B2B,Bengaluru,"Lightspeed venture partners india, Lightspeed us",Private Equity,82.5,,Karnataka,
1766,1767,UE LifeSciences,Technology,Mumbai,"Kiran mazumdar-shaw, Unitus seed fund",Private Equity,9.9,,Maharashtra,
1767,1768,Unacademy,EdTech,Bengaluru,"Blume ventures, Sachin bansal, Vijay shekhar sharma, Binny bansal,  kunal shah, Sandeep tandon, Ashish tulsian",Private Equity,8.25,,Karnataka,
1768,1769,Unacademy,EdTech,Bengaluru,"Blume ventures, Rajan anandan, Sumit jain, Aprameya radhakrishna, Sujeet kumar, Phanindra sama",Seed Funding,4.13,,Karnataka,
1769,1770,UnboxRobotics Labs,Robotics,Bengaluru,"Idg ventures, Inventus capital, Indian angel network",Private Equity,0.0,,Karnataka,
1770,1771,underDOGS,Technology,Mumbai,Intelli reboot digital pvt. ltd,Private Equity,0.0,,Maharashtra,
1771,1772,Uniphore,Technology,Chennai,"Idg ventures, Indian angel network (ian), Yournest angel fund",Private Equity,16.5,,Tamil Nadu,
1772,1773,Unlaze,Consumer Internet,Gurugram,"Sujal shah, Dino morea",Seed Funding,0.0,,Haryana,
1773,1774,Unnati Helpers,Consumer Internet,Gurugram,Info edge (india) ltd,Private Equity,4.95,,Haryana,
1774,1775,Unocoin,Consumer Internet,Bengaluru,"Blume ventures, Mumbai angels, Ah! ventures, Digital currency group, Boost vc, Bank to the future and funders club",Private Equity,12.38,,Karnataka,
1775,1776,Urban Dhobi,Consumer Internet,Jaipur,"Vinod bansal, Sanjeev singhal",Seed Funding,0.0,,Rajasthan,
1776,1777,Urban Tailor,Consumer Internet,Bengaluru,Unitus seed fund,Private Equity,0.0,,Karnataka,
1777,1778,UrbanLadder,E-Commerce,Mumbai,Trifecta capital,Private Equity,24.75,,Maharashtra,
1778,1779,UrbanPiper,Software,Bengaluru,"Axilor, Undisclosed investors",Seed Funding,0.0,,Karnataka,
1779,1780,UrDoorStep,Services,Bengaluru,Lakshmi vilas bank & undisclosed hnis,Private Equity,11.55,,Karnataka,
1780,1781,Utoo Cabs,Consumer Internet,Chennai,Ajay piramal,Seed Funding,0.0,,Tamil Nadu,
1781,1782,Vahan,Education,Chennai,Villgro,Seed Funding,0.0,,Tamil Nadu,
1782,1783,Vahanalytics,Technology,Mumbai,"Anirudh damani, Vikram lakhotia",Seed Funding,1.65,,Maharashtra,
1783,1784,Vanity Cube,Consumer Internet,Delhi,Unicorn ventures,Seed Funding,2.06,,Delhi,
1784,1785,Vebbler,Consumer Internet,Bengaluru,"Anupam mittal, Sharad sharma & 14 others",Seed Funding,4.13,,Karnataka,
1785,1786,Vegetall,E-Commerce,Chennai,The chennai angels,Seed Funding,1.34,,Tamil Nadu,
1786,1787,Vegfru,E-Commerce,Delhi,Wingify,Seed Funding,0.0,,Delhi,
1787,1788,Vehico,Technology,Bengaluru,"Calcutta angel network, Appliyifi",Seed Funding,0.0,,Karnataka,
1788,1789,Velmenni,Technology,Delhi,Kalaari capital,Seed Funding,0.83,,Delhi,
1789,1790,Velvetcase,E-Commerce,Mumbai,"Uniqorn ventures fund, Tv mohandas pai, S somasegar",Private Equity,12.38,,Maharashtra,
1790,1791,Venture Catalysts,Consumer Internet,Mumbai,Zaffiro ventures,Seed Funding,4.13,,Maharashtra,
1791,1792,Veqta,Consumer Internet,Delhi,"Chatsworth management, Itw digital",Seed Funding,4.13,,Delhi,
1792,1793,Veritas Finance,Finance,Chennai,Sarva capital,Private Equity,38.78,,Tamil Nadu,
1793,1794,Vertuals,Technology,Mumbai,Dino morea,Seed Funding,0.0,,Maharashtra,
1794,1795,Villgro,Finance,Chennai,"Lemelson foundation, Michael and susan dell foundation",Private Equity,28.88,,Tamil Nadu,
1795,1796,vImmune,Consumer Internet,Bengaluru,Undisclosed investor,Seed Funding,0.0,,Karnataka,
1796,1797,Visit,Healthcare,Delhi,Mapmyindia,Seed Funding,0.0,,Delhi,
1797,1798,Vithi,E-Commerce,Delhi,Undisclosed investor,Seed Funding,3.09,,Delhi,
1798,1799,VivoCarat,E-Commerce,Mumbai,Undisclosed investors,Seed Funding,0.41,,Maharashtra,
1799,1800,Voice Friends,Consumer Internet,Mumbai,Huzaifa khorakiwala,Seed Funding,0.0,,Maharashtra,
1800,1801,Voler Cars,Consumer Internet,Delhi,"Kanodia family, Amit banka",Seed Funding,0.0,,Delhi,
1801,1802,VoLT,Consumer Internet,Mumbai,Yms mobitech,Seed Funding,0.0,,Maharashtra,
1802,1803,Volta Motors,Technology,Chennai,Kalaari capital,Seed Funding,0.83,,Tamil Nadu,
1803,1804,Voonik,E-Commerce,Bengaluru,Sequoia capital,Private Equity,165.0,,Karnataka,
1804,1805,Voonik,E-Commerce,Bengaluru,Innoven capital,Private Equity,24.75,,Karnataka,
1805,1806,vPhrase Analytics,Technology,Mumbai,"Apoorv ranjan sharma, Daud ali and others",Seed Funding,0.0,,Maharashtra,
1806,1807,VST Travels,Technology,Kerala,Promatus group,Seed Funding,0.22,,Kerala,
1807,1808,Vymo,Technology,Bengaluru,Sequoia india,Private Equity,41.25,,Karnataka,
1808,1809,Vyome Biosciences,Healthcare,Delhi,Romulus capital,Private Equity,16.5,,Delhi,
1809,1810,Vyomo,Personal Care,Bengaluru,Naturals salon chain,Private Equity,123.75,,Karnataka,
1810,1811,WealthApp,Consumer Internet,Bengaluru,"Venk krishnan, Mj aravind, Vikram kotak, Jayant davar,  ramkumar nishtal, Arjun sharmaa",Seed Funding,3.63,,Karnataka,
1811,1812,WealthTrust,Finance,Mumbai,India quotient,Seed Funding,0.0,,Maharashtra,
1812,1813,Wealthy,Consumer Internet,Bengaluru,"Zishaan hayath, Abhishek goyal, Arjun and rohan malhotra, Harpreet singh grover, Gagan dugal",Seed Funding,2.06,,Karnataka,
1813,1814,WebAlligator,Consumer Internet,Bengaluru,Group of undisclosed angel investors & hnis,Seed Funding,3.09,,Karnataka,
1814,1815,Wedding Wishlist,Consumer Internet,Chennai,"Kirthiga reddy, Renuka ramanath, Cherry tin",Seed Funding,2.45,,Tamil Nadu,
1815,1816,Weddingz,Consumer Internet,Mumbai,Sixth sense ventures,Private Equity,0.0,,Maharashtra,
1816,1817,Wedwise,Consumer Internet,Delhi,Startup equity partners,Seed Funding,0.0,,Delhi,
1817,1818,Wefly Indoor Skydiving,Entertainment,Mumbai,Swastika company ltd.,Seed Funding,0.33,,Maharashtra,
1818,1819,WhatsOnRent,E-Commerce,Bengaluru,Lalit mangal & others,Seed Funding,0.0,,Karnataka,
1819,1820,Wheelstreet,Consumer Internet,Bengaluru,Broadbean capital services,Private Equity,4.13,,Karnataka,
1820,1821,WholeSaleBox,E-Commerce,Jaipur,"Manish maheshwari, Contrarian vriddhi fund",Private Equity,16.5,,Rajasthan,
1821,1822,WIMWI Foods,Food,Ahmedabad,Centre for innovation incubation and entrepreneurship (ciie),Seed Funding,0.0,,Gujarat,
1822,1823,Wired Hub,Real Estate,Jaipur,"Ankit maheshwari, Anand singh",Seed Funding,0.0,,Rajasthan,
1823,1824,Wishup,Careers,Azadpur,"500 startups, Mato peric, Tracxnlabs",Seed Funding,0.0,,Delhi,
1824,1825,WithMe,Consumer Internet,Gurugram,"Alex kuruvilla, Pradeep guha, Saket dhankar, Rajan pandhare",Seed Funding,2.06,,Haryana,
1825,1826,Wittyparot,Technology,Bengaluru,Mumbai angels,Seed Funding,3.71,,Karnataka,
1826,1827,WitWorks,Technology,Bengaluru,"Fireside ventures, Investopad, P39 capital, Anupam mittal, Pranay jivrajka, Maninder gulati, Abhinav sinha",Seed Funding,0.0,,Karnataka,
1827,1828,Wiwigo,Consumer Internet,Bengaluru,Indian angel network,Seed Funding,4.91,,Karnataka,
1828,1829,Woodpie,Consumer Internet,Bengaluru,Ingram content group,Seed Funding,0.25,,Karnataka,
1829,1830,Wooplr,E-Commerce,Bengaluru,"Astarc ventures, Anand chandrasekaran",Seed Funding,0.0,,Karnataka,
1830,1831,WorkApps,Technology,Pune,Sri capital,Seed Funding,8.25,,Maharashtra,
1831,1832,WorkIndia,Consumer Internet,Mumbai,Asuka holdings,Seed Funding,0.0,,Maharashtra,
1832,1833,World Art Community,E-Commerce,Gurugram,Viraj tyagi & others,Seed Funding,1.65,,Haryana,
1833,1834,WOTU,E-Commerce,Bengaluru,Kae capital,Seed Funding,0.0,,Karnataka,
1834,1835,WoW Express,Technology,Mumbai,Undisclosed investors & tamarind family private trust,Private Equity,18.15,,Maharashtra,
1835,1836,Xcode,Healthcare,Chennai,Roundglass partners,Private Equity,0.0,,Tamil Nadu,
1836,1837,Xpressbees,Logistics,Pune,"Saif partners, Idg ventures india, Vertex ventures, Valiant capital",Private Equity,103.13,,Maharashtra,
1837,1838,Xseed Education,Technology,Bengaluru,Verlinvest sa,Private Equity,82.5,,Karnataka,
1838,1839,YAAP,Consumer Internet,Delhi,Rainmaker ventures,Private Equity,41.25,,Delhi,
1839,1840,Yana,Consumer Internet,Gurugram,"Puneet gupta,",Seed Funding,0.0,,Haryana,
1840,1841,Yellowdig,Consumer Internet,Pune,Sri capital,Seed Funding,5.36,,Maharashtra,
1841,1842,Yottaasys,Technology,Bengaluru,Gleevoaz ventures,Private Equity,0.0,,Karnataka,
1842,1843,YourDOST,Healthcare,Bengaluru,"Saif partners, Aprameya radhakrishnan, Phanindra sama, Subba rao telidevara, Vibhu garg, Paula ravindra mariwala, Gaurav bhalotia",Seed Funding,9.9,,Karnataka,
1843,1844,Yufta,E-Commerce,Bengaluru,Ajay data & other hnis,Seed Funding,0.0,,Karnataka,
1844,1845,Yumigo,Consumer Internet,Gurugram,Hemant sahni,Seed Funding,2.48,,Haryana,
1845,1846,Yumlane,Food,Mumbai,"Binny bansal, Anupam mittal, Sachin bhatia, Darius pandole, Kunal khattar, Dheerag jain",Seed Funding,8.25,,Maharashtra,
1846,1847,Yupp TV,Consumer Internet,Bengaluru,Emerald media,Private Equity,412.5,,Karnataka,
1847,1848,Zappfresh,Food,Gurugram,Ashvin chadha,Seed Funding,0.0,,Haryana,
1848,1849,Zappka,Consumer Internet,Gurugram,"Daman soni, Rajat gupta & others",Seed Funding,0.83,,Haryana,
1849,1850,Zapr,Technology,Gurugram,"Flipkart, Saavn, Micromax, Dhiraj rajaram, Ambiga dhiraj, Dinesh agarwal, Samir bangara, Sanjay nath, Arihant patni",Seed Funding,0.0,,Haryana,
1850,1851,Zarget,Technology,Chennai,Sequoia india,Private Equity,49.5,,Tamil Nadu,
1851,1852,Zarget,Technology,Chennai,"Accel partners, Matrix partners, Girish mathrubootham",Private Equity,12.38,,Tamil Nadu,
1852,1853,Zebi (yet to launch),Technology,Hyderabad,Un disclosed investors,Seed Funding,8.25,,Telangana,
1853,1854,Zebpay,Consumer Internet,Ahmedabad,"Arjun handa, Amit jindal, Nagendra chaudhary",Private Equity,8.25,,Gujarat,
1854,1855,Zebroads,Logistics,Hyderabad,Undisclosed investors,Seed Funding,0.62,,Telangana,
1855,1856,Zefo,E-Commerce,Bengaluru,"Sequoia india, Beenext, Helion ventures",Private Equity,49.5,,Karnataka,
1856,1857,ZenDrive,Technology,Bengaluru,"Sherpa capital, Nyca partners and thomvest ventures",Private Equity,111.38,,Karnataka,
1857,1858,Zenify,Services,Bengaluru,Undisclosed investors,Private Equity,7.43,,Karnataka,
1858,1859,Zenoti,Software,Hyderabad,"Norwest venture partners, Accel india",Private Equity,123.75,,Telangana,
1859,1860,Zeolr/RespirON,Technology,Delhi,Centre for innovation incubation and entrepreneurship (ciie),Seed Funding,0.0,,Delhi,
1860,1861,ZeroInfy,Consumer Internet,Kolkata,Calcutta angels network,Seed Funding,0.0,,West Bengal,
1861,1862,Zest Money,FinTech,Bengaluru,Payu,Private Equity,53.63,,Karnataka,
1862,1863,Zeta,Technology,Mumbai,Bhavin turakhia,Private Equity,156.75,,Maharashtra,
1863,1864,ZiffyHomes,Technology,Delhi,Aspire systems,Private Equity,0.0,,Delhi,
1864,1865,Zilingo,E-Commerce,Bengaluru,"Venturra capital, Sequoia india, Susquehanna international group. wavemaker partners, Beenext, Beenos, Digital garage",Private Equity,66.0,,Karnataka,
1865,1866,ZipGrid,Consumer Internet,Mumbai,1crowd (through crowd funding),Seed Funding,1.65,,Maharashtra,
1866,1867,ZiPi,Technology,Bengaluru,Swan angel network,Seed Funding,0.0,,Karnataka,
1867,1868,ZipLoan,Consumer Internet,Delhi,"Growx ventures, Sunil kalra, Arun venkatachalam,  badal malick",Seed Funding,0.0,,Delhi,
1868,1869,Zoctr,Healthcare,Mumbai,Times group,Seed Funding,0.0,,Maharashtra,
1869,1870,Zolo,Consumer Internet,Noida,Hitouch ag,Private Equity,0.0,,Uttar Pradesh,
1870,1871,ZoomCar,Transportation,Bengaluru,Ford smart mobility llc,Private Equity,198.0,,Karnataka,
1871,1872,Zoomcar,Transportation,Bengaluru,Cyber carrier cl,Private Equity,0.0,,Karnataka,
1872,1873,Zuppler,Consumer Internet,Delhi,Sri capital,Seed Funding,5.36,,Delhi,
1873,1874,Zuver,Consumer Internet,Mumbai,"Shruth & smith group, Hermes group",Seed Funding,1.49,,Maharashtra,
1874,1875,Zwayam,Consumer Internet,Bengaluru,Undisclosed investors,Seed Funding,2.06,,Karnataka,
1875,1876,Zzungry,Consumer Internet,Bengaluru,"Satish vasudeva, Madhusudhan jujare & others",Seed Funding,0.0,,Karnataka,
1876,1877,1Crowd,Finance,Mumbai,Ganesh natarajan,Seed Funding,0.0,,Maharashtra,
1877,1878,1mg,Healthcare,Gurugram,"Hbm healthcare investments, Maverick capital ventures, Sequoia india, Omidyar network and kae capital",Private Equity,123.75,,Haryana,
1878,1879,3HCare,Consumer Internet,Delhi,Undisclosed investor,Seed Funding,0.83,,Delhi,
1879,1880,48East,E-Commerce,Bengaluru,Al dhaheri family,Private Equity,4.13,,Karnataka,
1880,1881,4tigo,Logistics,Bengaluru,"Accel partners, Nandan nilekani,",Private Equity,82.5,,Karnataka,
1881,1882,91SpringBoard,Careers,Delhi,"Sandway investment ltd, Pearl brook holdings, Silo holdings and al nour",Private Equity,0.0,,Delhi,
1882,1883,99Games,Technology,Udupi,Dream incubator,Seed Funding,0.0,,Karnataka,
1883,1884,99PerHour,Consumer Internet,Chennai,V aanand r,Seed Funding,2.48,,Tamil Nadu,
1884,1885,9Stacks,Software,Delhi,"Swati gupta, Purnima khandelwal, Maheshwar peri, Sanjay singh",Private Equity,12.38,,Delhi,
1885,1886,AadharAPI,Technology,Pune,Cio angel network,Seed Funding,0.0,,Maharashtra,
1886,1887,Aadyah,Technology,Bengaluru,Keiretsu forum,Private Equity,8.25,,Karnataka,
1887,1888,Aahaa,E-Commerce,Chennai,Yournest angel fund,Private Equity,8.25,,Tamil Nadu,
1888,1889,ABI Health,Technology,Bengaluru,Norwest venture partners,Private Equity,12.38,,Karnataka,
1889,1890,Absentia,Technology,Bengaluru,Exfinity venture partners,Private Equity,10.31,,Karnataka,
1890,1891,Ace Turtle,Technology,Bengaluru,"Vertex ventures, C31 ventures",Private Equity,41.25,,Karnataka,
1891,1892,Ace Turtle,Technology,Bengaluru,Innoven capital,Private Equity,0.0,,Karnataka,
1892,1893,Ace2three,Consumer Internet,Hyderabad,Clairvest group,Private Equity,608.03,,Telangana,
1893,1894,Active AI,AI,Bengaluru,Vertex ventures,Private Equity,68.06,,Karnataka,
1894,1895,Aequm,E-Commerce,Bengaluru,Undisclosed investors,Seed Funding,8.25,,Karnataka,
1895,1896,Agrostar,AgriTech,Pune,Accel partners,Private Equity,82.5,,Maharashtra,
1896,1897,Agrowave,AgriTech,Gurugram,Daffodil software,Seed Funding,0.0,,Haryana,
1897,1898,AirCTO,Consumer Internet,Bengaluru,Francesco cara,Seed Funding,0.0,,Karnataka,
1898,1899,AirMed Labs,Consumer Internet,Ahmedabad,Brand capital,Private Equity,11.55,,Gujarat,
1899,1900,Airpay,Technology,Mumbai,"Kalaari capital, Rakesh and rajesh jhunjhunwala",Private Equity,30.28,,Maharashtra,
1900,1901,AirZaar,Technology,Mussoorie,Quake capital,Seed Funding,2.89,,Uttarakhand,
1901,1902,Aisle,Consumer Internet,Bengaluru,"Konglo ventures, White unicorn ventures, Letsventure",Seed Funding,0.0,,Karnataka,
1902,1903,Ambee,Healthcare,Bengaluru,"Uber technologies inc, Amaya capital llp",Seed Funding,0.0,,Karnataka,
1903,1904,Anchanto,IT,Pune,Luxasia group,Private Equity,0.0,,Maharashtra,
1904,1905,AppBrowzer,Consumer Internet,Bengaluru,Deepak gurnani,Seed Funding,4.13,,Karnataka,
1905,1906,Arcatron,Technology,Pune,Indian angel network,Seed Funding,0.0,,Maharashtra,
1906,1907,Autobix,Technology,Pune,Gardx international,Seed Funding,0.0,,Maharashtra,
1907,1908,Autorox.co,Technology,Hyderabad,Mitsui & co.,Private Equity,24.75,,Telangana,
1908,1909,Awfis,Consumer Internet,Mumbai,Sequoia india,Private Equity,165.0,,Maharashtra,
1909,1910,Awign,Technology,Bengaluru,"Iit ropar, Imanpreet singh arora, Sidharth rozario, Saurabh abichandani, Shikhar gupta,",Seed Funding,0.0,,Karnataka,
1910,1911,Aye Finance,Finance,Gurugram,Blue orchard,Private Equity,66.0,,Haryana,
1911,1912,Aye Finance,Finance,Gurugram,"Triodos investment management,",Debt Funding,56.93,,Delhi,
1912,1913,BabyonBoard,Consumer Internet,Bengaluru,"Mahavir sharma, Vishal jain, Rohit sethi, Gaurav luniya",Seed Funding,0.0,,Karnataka,
1913,1914,Balance App,Consumer Internet,Bengaluru,Rainmatter,Seed Funding,1.92,,Karnataka,
1914,1915,Bank Bazaar,FinTech,Chennai,Experian,Private Equity,57.75,,Tamil Nadu,
1915,1916,Be U Salons,Personal Care,Delhi,"Gaurav kachru, Sundeep singh sahni, Jatin aneja, Arun malhotra",Seed Funding,5.12,,Delhi,
1916,1917,Belong,Consumer Internet,Bengaluru,Sequoia capital india,Private Equity,82.5,,Karnataka,
1917,1918,BetaOut,Technology,Noida,East ventures & others,Private Equity,0.0,,Uttar Pradesh,
1918,1919,Better Mortgage,Consumer Internet,Gurugram,"Kleiner perkins, Goldman sachs, Pine brook",Private Equity,123.75,,Haryana,
1919,1920,BHIVE,Hospitality,Bengaluru,Blume ventures,Private Equity,9.9,,Karnataka,
1920,1921,Big Basket,E-Commerce,Bengaluru,Trifecta capital,Private Equity,57.75,,Karnataka,
1921,1922,Big Basket,E-Commerce,Bengaluru,Helion ventures partners,Private Equity,41.25,,Karnataka,
1922,1923,BigStylist,Personal Care,Mumbai,Info edge (india) ltd,Private Equity,10.31,,Maharashtra,
1923,1924,Billion Loans,Consumer Internet,Bengaluru,Reliance corporate advisory services ltd,Seed Funding,8.25,,Karnataka,
1924,1925,Biryani By Kilo,Food,Gurugram,"Chandigarh angels, Ashish gupta, Rohit, Ashish chand, Sunil singh & others",Seed Funding,3.09,,Haryana,
1925,1926,Bizom,Technology,Bengaluru,Ojas ventures,Seed Funding,3.15,,Karnataka,
1926,1927,Blackbuck,Logistics,Bengaluru,"Sands capital, Ifc, Accel partners, Flipkart, Sanjiv rangrass",Private Equity,577.5,,Karnataka,
1927,1928,BlackBuck,Logistics,Bengaluru,Innoven capital,Private Equity,63.53,,Karnataka,
1928,1929,Blood n Care,Consumer Internet,Gurugram,Facebook fbstart,Seed Funding,0.33,,Haryana,
1929,1930,Blowhorn,AI,Bengaluru,"Idg ventures india, Michael & susan dell foundation, Draper associates, Unitus seed fund",Private Equity,30.11,,Karnataka,
1930,1931,Bombay Shaving,Personal Care,Delhi,Fireside ventures,Private Equity,18.98,,Delhi,
1931,1932,Book My Diamond,E-Commerce,Mumbai,Chirag nikunj sheth & others,Seed Funding,0.0,,Maharashtra,
1932,1933,Book Servicing,Consumer Internet,Delhi,National science and technology entrepreneurship development board,Seed Funding,0.25,,Delhi,
1933,1934,Bottr.me,Technology,Bengaluru,"500 startups, Purvi capital, Rajan anandan, Abhishek gupta",Seed Funding,0.0,,Karnataka,
1934,1935,Box My Space,Logistics,Mumbai,"R. jayakumar, Vaibhav vohra, Aditya vazirani, Rhea vazirani, Avn business solutions, Dreamweaver investments",Seed Funding,0.0,,Maharashtra,
1935,1936,Box8,Delivery,Mumbai,Trifecta capital,Private Equity,8.25,,Maharashtra,
1936,1937,Boxx.ai,Technology,Bengaluru,"Unicorn india ventures, Venky krishnakumar, Suresh shankar, Vivek bhargava",Private Equity,4.13,,Karnataka,
1937,1938,Brick2Wall,E-Commerce,Gurugram,"Subramani somasundaram, Sundeep sahni, Mayank mittal & others",Seed Funding,1.65,,Haryana,
1938,1939,BYJU'S,EdTech,Bengaluru,Tencent holdings,Private Equity,288.75,,Karnataka,
1939,1940,BYJU'S,EdTech,Bengaluru,Verlinvest,Private Equity,0.0,,Karnataka,
1940,1941,Call Health,Consumer Internet,Hyderabad,"Sachin tendulkar, P.v sindhu, Pullela gopichand",Private Equity,51.15,,Telangana,
1941,1942,Canvera,Consumer Internet,Bengaluru,Infoedge,Private Equity,10.73,,Karnataka,
1942,1943,Capita World,Technology,Mumbai,"Mohan tanksale, Kiran shetty, Darshak shah, Mandar mhatre",Private Equity,0.0,,Maharashtra,
1943,1944,Capital Float,Finance,Bengaluru,Ifmr capital finance,Private Equity,20.63,,Karnataka,
1944,1945,Capital Float,Finance,Bengaluru,Mahindra and mahindra financial services,Private Equity,18.98,,Karnataka,
1945,1946,CarTrade,Automotive,Mumbai,Temasek holdings,Private Equity,453.75,,Maharashtra,
1946,1947,Cashe,Consumer Internet,Mumbai,"Mathew cyriac, Florintree advisors,",Private Equity,31.35,,Maharashtra,
1947,1948,Cashe,Consumer Internet,Mumbai,Ifmr capital,Debt Funding,25.58,,Maharashtra,
1948,1949,CashFree,FinTech,Bengaluru,Y combinator,Seed Funding,0.99,,Karnataka,
1949,1950,CCAvenue,Consumer Internet,Mumbai,Infibeam,Private Equity,184.8,,Maharashtra,
1950,1951,Celes Care,Consumer Internet,Hyderabad,"Ventureast, Endiya partners, Eight roads ventures, F-prime capital partners",Private Equity,12.38,,Telangana,
1951,1952,Cerebroz,Consumer Internet,Vadodara,Undisclosed hni's,Seed Funding,6.06,,Gujarat,
1952,1953,Chaayos,Food,Gurugram,Tiger global management,Private Equity,16.5,,Haryana,
1953,1954,Chai Point,Food,Bengaluru,"Dsg consumer partners, Eight roads ventures india",Private Equity,0.0,,Karnataka,
1954,1955,Chevon,Food,Mumbai,Greenfield advisory,Private Equity,0.0,,Maharashtra,
1955,1956,ChipperSage,Technology,Bengaluru,India educational investment fund,Seed Funding,0.0,,Karnataka,
1956,1957,ChqBook,FinTech,Gurugram,"Startup buddy, Apurva chamaria, Sachin arora, Bharat gupta, Amit manocha",Seed Funding,0.0,,Haryana,
1957,1958,Chumbak,Design,Bengaluru,Gaja capital,Private Equity,107.25,,Karnataka,
1958,1959,Chumbak,E-Commerce,Bengaluru,Blacksoil capital pvt. ltd,Private Equity,14.03,,Karnataka,
1959,1960,Chymera VR,Technology,Bengaluru,"Varsha rao, Surojit chatterjee, Nirav choksi & others",Seed Funding,0.0,,Karnataka,
1960,1961,Click2Clinic,Consumer Internet,Hyderabad,"Narottam thudi, Shireesh palle",Seed Funding,7.01,,Telangana,
1961,1962,Clip App,Consumer Internet,Bengaluru,"India quotient, Shunwei capital",Seed Funding,8.25,,Karnataka,
1962,1963,Clodura,Technology,Pune,Undisclosed investors,Seed Funding,0.0,,Maharashtra,
1963,1964,Cloudrino,Technology,Delhi,The ten minute million,Seed Funding,0.19,,Delhi,
1964,1965,Clovia,Personal Care,Delhi,"Ivycap ventures advisors, Singularity ventures and ravi dhariwal",Private Equity,33.0,,Delhi,
1965,1966,Collateral Medical,E-Commerce,Mumbai,Carpediem capital,Private Equity,28.88,,Maharashtra,
1966,1967,CollPoll,Consumer Internet,Bengaluru,Sprout angels,Seed Funding,2.52,,Karnataka,
1967,1968,Connaizen,Technology,Delhi,Umang moondra,Seed Funding,0.0,,Delhi,
1968,1969,Coutloot,E-Commerce,Mumbai,"Anuj puri, Redcliffe capital, Artha india ventures, Siddharth kothari, Apoorv ranjan sharma,",Seed Funding,0.0,,Maharashtra,
1969,1970,CoveIoT,Technology,Bengaluru,"Titan co ltd, Tata group's watch and jewellery retailing firm",Private Equity,41.25,,Karnataka,
1970,1971,CoverFox,FinTech,Mumbai,Transamerica,Private Equity,123.75,,Maharashtra,
1971,1972,Crayon Data,Data Analytics,Delhi,Infosys co-founder kris gopalakrishnan,Seed Funding,0.0,,Delhi,
1972,1973,Creator's Gurukul,Education,Gurugram,Yuvraj singh,Seed Funding,0.0,,Haryana,
1973,1974,Credifiable,Consumer Internet,Bengaluru,Kae capital,Private Equity,0.0,,Karnataka,
1974,1975,CrediHealth,Healthcare,Gurugram,"Tolaram inc, Mountain pine capital",Private Equity,12.38,,Haryana,
1975,1976,Credit Mantri,FinTech,Chennai,Quona capital,Private Equity,62.7,,Tamil Nadu,
1976,1977,Credit Mate,Technology,Mumbai,Paytm,Private Equity,0.0,,Maharashtra,
1977,1978,Credit Sudhaar,Consumer Internet,Mumbai,"Deepak kulkarni, Sandeep pangal",Seed Funding,0.0,,Maharashtra,
1978,1979,Credit Vidya,Consumer Internet,Mumbai,Matrix partners,Private Equity,41.25,,Maharashtra,
1979,1980,CroFarm,AgriTech,Gurugram,Factor[e] ventures,Seed Funding,6.46,,Haryana,
1980,1981,CRON Systems,Technology,Delhi,Yournest fund ii,Seed Funding,0.0,,Delhi,
1981,1982,CropIn Technologies,Technology,Bengaluru,Beenext,Private Equity,0.0,,Karnataka,
1982,1983,CueMath,EdTech,Delhi,"Capitalg, Sequoia india",Private Equity,123.75,,Delhi,
1983,1984,Curatio,Healthcare,Chennai,Anicut capital,Private Equity,0.0,,Tamil Nadu,
1984,1985,CureFit,Healthcare,Bengaluru,"Accel partners, Idg ventures, Kalaari capital,  uc-rnt fund",Private Equity,206.25,,Karnataka,
1985,1986,CureFit,Healthcare,Bengaluru,"Trifecta capital advisors llp, Prathithi investment trust, Rnt capital, Gokul rajaram, Aditya agarwal, Ruchi sanghvi & others",Private Equity,26.4,,Karnataka,
1986,1987,Curie Labs,Technology,Delhi,Satoshi studios,Seed Funding,0.41,,Delhi,
1987,1988,Curiositi,Consumer Internet,Bengaluru,"Menterra social impact fund, Unitus seed fund",Private Equity,6.6,,Karnataka,
1988,1989,Curofy,Technology,Gurugram,Roundglass partners llc,Seed/Angel Funding,2.06,,Haryana,
1989,1990,Cygnus Hospitals,Healthcare,Gurugram,Somerset indus capital ventures,Seed/Angel Funding,6.19,,Haryana,
1990,1991,DarwinBox,Technology,Hyderabad,"Lightspeed india partners, Endiya partners, 3one4 capital advisors llp, Startupxseed ventures llp",Private Equity,33.0,,Telangana,
1991,1992,Data Resolve,Technology,Noida,Idfc parampara early stage opportunities fund,Private Equity,8.25,,Uttar Pradesh,
1992,1993,DataWeave,Technology,Bengaluru,"Freakout group, Blume ventures, Herb madan, Waterbridge ventures",Private Equity,0.0,,Karnataka,
1993,1994,Design Cafe,Design,Bengaluru,"Fireside ventures, Apurva salarpuria, Sidharth pansari, Sprout capital",Seed Funding,0.0,,Karnataka,
1994,1995,Devourin,Technology,Pune,Deepak nathani,Seed Funding,0.0,,Maharashtra,
1995,1996,Dhruva,Technology,Pune,"Riverwood capital, Sequoia capital india, Nexus venture partners, Tenaya capital",Private Equity,660.0,,Maharashtra,
1996,1997,Digilend,Technology,Mumbai,"Incred finance, Fullerton india credit company ltd",Seed Funding,2.57,,Maharashtra,
1997,1998,Digit,Technology,Bengaluru,Fairfax holdings,Private Equity,0.0,,Karnataka,
1998,1999,Direct Create,E-Commerce,Gurugram,Rajasthan venture capital fund,Seed Funding,0.0,,Haryana,
1999,2000,DocsApp,Healthcare,Bengaluru,Bessemer venture partners,Private Equity,59.4,,Karnataka,
2000,2001,DocTalk,Healthcare,Gurugram,"Matrix partners india, Khosla ventures",Private Equity,41.25,,Haryana,
2001,2002,DoneThing,Consumer Internet,Gurugram,Brand capital,Private Equity,2.48,,Haryana,
2002,2003,DoodhWala,Delivery,Bengaluru,Tom varkey,Seed Funding,0.0,,Karnataka,
2003,2004,Doxper,Healthcare,Mumbai,"Idal health, Growx ventures, Capier investments, Globevestor & others",Seed Funding,6.19,,Maharashtra,
2004,2005,DriveSkool,Consumer Internet,Bengaluru,Aavya ventures,Seed Funding,0.0,,Karnataka,
2005,2006,Drivezy,Transportation,Bengaluru,"Das capital, Axan partners, Das capital and it farm",Private Equity,82.5,,Karnataka,
2006,2007,Droom,E-Commerce,Gurugram,"Asset management (asia) ltd, Digital garage inc",Private Equity,165.0,,Haryana,
2007,2008,Dunzo,Delivery,Bengaluru,Google,Private Equity,101.48,,Karnataka,
2008,2009,Early Salary,FinTech,Pune,"Dg ventures india, Dewan housing finance corp",Private Equity,33.0,,Maharashtra,
2009,2010,Early Salary,FinTech,Pune,Ifmr capital,Debt Funding,6.44,,Maharashtra,
2010,2011,Easy Diner,Consumer Internet,Gurugram,Saama capital and dsg consumer partners,Private Equity,37.13,,Haryana,
2011,2012,EasyEcom,E-Commerce,Bengaluru,"Ambarish gupta, Aneesh reddy, Bold ventures, Vona investments",Seed/Angel Funding,1.24,,Karnataka,
2012,2013,EasyGov,Consumer Internet,Noida,"Social alpha, Rajan anandan, Rajeev ahuja, Kshitij arora",Seed Funding,0.0,,Uttar Pradesh,
2013,2014,EazyDiner,Consumer Internet,Gurugram,Youwecan ventures,Seed Funding,0.0,,Haryana,
2014,2015,Ecolibriumenergy,Technology,Ahmedabad,"Infuse ventures, Jll",Private Equity,21.45,,Gujarat,
2015,2016,Ecom Express,Logistics,Delhi,Warburg pincus,Private Equity,247.5,,Delhi,
2016,2017,Edelweiss,Finance,Mumbai,Undisclosed investors,Private Equity,2227.5,,Maharashtra,
2017,2018,EdgeFx,E-Commerce,Hyderabad,"Cross border angels & experts, Rajasthan angel innovators network, The chennai angels",Seed Funding,0.0,,Telangana,
2018,2019,Edurev,Consumer Internet,Gurugram,Facebook fb start programme,Seed Funding,0.33,,Haryana,
2019,2020,Elanic,E-Commerce,Bengaluru,Digital garage,Seed Funding,0.0,,Karnataka,
2020,2021,ElasticRun,Transportation,Pune,"Kalaari capital, Norwest venture partners",Private Equity,57.75,,Maharashtra,
2021,2022,ElderAid Wellness,Healthcare,Bengaluru,Rugmini menon,Angel Funding,0.0,,Karnataka,
2022,2023,Emflux Motors,Transportation,Bengaluru,"Meher roy, Nikhil arora, Meet kanodia, Krit sankalp, Nitish singh, Risabh gupta",Seed Funding,0.0,,Karnataka,
2023,2024,Emiza,Logistics,Mumbai,"Mayfield, Nishant rao, Dileep nath",Private Equity,37.13,,Maharashtra,
2024,2025,Emojifi,Consumer Internet,Bengaluru,Undisclosed angel investors,Seed Funding,0.0,,Karnataka,
2025,2026,Epiq Capital,Finance,Mumbai,Global institutional investors,Private Equity,1650.0,,Maharashtra,
2026,2027,ERA,Technology,Mumbai,Amit patni,Seed/Angel Funding,0.32,,Maharashtra,
2027,2028,Eruditus,Education,Mumbai,Bertelsmann india,Private Equity,67.65,,Maharashtra,
2028,2029,eSahai.in,Consumer Internet,Hyderabad,"Dr ramesh ayyala, Satya muthyala",Seed Funding,2.06,,Telangana,
2029,2030,eShakti,E-Commerce,Chennai,Idg ventures,Debt Funding,18.98,,Tamil Nadu,
2030,2031,eShiksha,Technology,Jaipur,Cross border angels & experts,Seed Funding,0.0,,Rajasthan,
2031,2032,Ethinos,Technology,Mumbai,Triton investment advisors,Private Equity,0.0,,Maharashtra,
2032,2033,Ethosh,Technology,Pune,Deepak nathani,Seed Funding,0.0,,Maharashtra,
2033,2034,Explore Life traveling,Consumer Internet,Bengaluru,"Mekin maheshwari, Bharat vijay, Krish seshadri, Amar arsikere",Seed Funding,4.13,,Karnataka,
2034,2035,EzCred,Consumer Internet,Bengaluru,"Dheeraj pandey, Rajesh yohannan, Akash garg",Seed Funding,8.25,,Karnataka,
2035,2036,Ezetap,FinTech,Bengaluru,"Js capital management, Social capital, Horizons ventures,",Private Equity,132.0,,Karnataka,
2036,2037,Ezytruk,Consumer Internet,Bengaluru,"Ajith nair, Anish k",Seed Funding,1.21,,Karnataka,
2037,2038,Faasos,Food,Pune,"Ligthbox ventures ii, Lightbox expansion fund, Sequoia capital india, Runet south asia, Rb investments",Private Equity,51.98,,Maharashtra,
2038,2039,FabHotels,Consumer Internet,Gurugram,Goldman sachs,Private Equity,206.25,,Haryana,
2039,2040,FableStreet,E-Commerce,Delhi,"Harmeet bajaj, Pameela p, Fusiontech ventures & others",Seed Funding,0.0,,Delhi,
2040,2041,Fabogo,Consumer Internet,Pune,Dunamis ventures pte ltd,Private Equity,18.56,,Maharashtra,
2041,2042,Fabulyst,Technology,Hyderabad,Ibhubs,Seed Funding,1.77,,Telangana,
2042,2043,FabX,E-Commerce,Mumbai,The ten minute million,Seed Funding,0.56,,Maharashtra,
2043,2044,FalconBrick,Technology,Bengaluru,"Satveer thakral, Letsventure, Mumbai angels",Seed Funding,0.0,,Karnataka,
2044,2045,Farm Taaza,Technology,Bengaluru,"Epsilon venture partners, Tara india fund iv and others",Private Equity,66.0,,Karnataka,
2045,2046,FarMart,Technology,Gurugram,Indian angel network,Seed Funding,0.0,,Haryana,
2046,2047,Farmizen,Technology,Bengaluru,"Venture highway, Alok mittal, Mohit agarwal, Anuj gupta,",Seed Funding,0.0,,Karnataka,
2047,2048,FarmLink,E-Commerce,Mumbai,"Pioneering ventures, Syngenta ag",Private Equity,24.75,,Maharashtra,
2048,2049,Fashalot,Consumer Internet,Delhi,"Capillary technologies, Whiteboard capital, Yournest angel fund, Rajul garg",Private Equity,0.0,,Delhi,
2049,2050,FastFox,Consumer Internet,Gurugram,"Lightspeed india partners, Blume ventures, Cyberagent ventures, Growx ventures, Imj investment partners",Private Equity,37.95,,Haryana,
2050,2051,Fieldassist,Technology,Gurugram,Small industries development bank of india (sidbi),Debt Funding,0.0,,Haryana,
2051,2052,Fincash,Finance,Mumbai,"Mohammed khan, Sameer narayan & others",Seed Funding,0.83,,Maharashtra,
2052,2053,Fingerlix,Food,Mumbai,"Accel partners, Zephyr peacock",Private Equity,57.75,,Maharashtra,
2053,2054,Fingerlix,Food,Mumbai,Zephyr peacock india,Private Equity,24.75,,Maharashtra,
2054,2055,Fintobox,Technology,Chennai,Lightbox,Private Equity,57.75,,Tamil Nadu,
2055,2056,Fisdom,Finance,Bengaluru,Quona capital management,Private Equity,24.75,,Karnataka,
2056,2057,Fitnapp,Consumer Internet,Noida,Sd group,Private Equity,0.0,,Uttar Pradesh,
2057,2058,Fitpass,Consumer Internet,Delhi,"Abhinav bindra, Gaurav marya",Private Equity,8.25,,Delhi,
2058,2059,FiTraQ,Consumer Internet,Delhi,"Aparup sengupta, Devendra reddy,",Seed Funding,0.0,,Delhi,
2059,2060,Fitso,Consumer Internet,Gurugram,"Sujeet kumar, Bhupender singh, Yashish dhaiya",Seed Funding,1.65,,Haryana,
2060,2061,Flickstree,AI,Mumbai,"Venture catalysts, Sourav ganguly, Ankit aditya, Moksh sports ventures",Seed Funding,3.83,,Maharashtra,
2061,2062,Flipkart,E-Commerce,Bengaluru,Naspers,Private Equity,585.75,,Karnataka,
2062,2063,Flipkart,E-Commerce,Bengaluru,"Bennett, Coleman and co. ltd (bccl)",Private Equity,319.28,,Karnataka,
2063,2064,Flipkart,E-Commerce,Bengaluru,Softbank,Private Equity,206.25,,Karnataka,
2064,2065,Flipkart,E-Commerce,Bengaluru,"Microsoft, Ebay, Tencent holdings",Private Equity,115.5,,Karnataka,
2065,2066,Flochat,Consumer Internet,Mumbai,"Isquare global,",Seed Funding,0.0,,Maharashtra,
2066,2067,Flutura,Technology,Bengaluru,"Vertex ventures, Lumis partners",Private Equity,61.88,,Karnataka,
2067,2068,Flytxt,Marketing,Mumbai,Dah beteiligungs gmbh,Private Equity,90.75,,Maharashtra,
2068,2069,ForeverShop,Consumer Internet,Bengaluru,91maker,Seed Funding,2.48,,Karnataka,
2069,2070,Formcept,Consumer Internet,Bengaluru,Gujarat venture finance ltd,Private Equity,0.0,,Karnataka,
2070,2071,Fourth Ambit,Consumer Internet,Bengaluru,1crowd,Seed Funding,4.95,,Karnataka,
2071,2072,Foyr,Design,Hyderabad,Jones lang lasalle,Private Equity,31.35,,Telangana,
2072,2073,FR8,Technology,Chennai,Ifmr capital,Debt Funding,12.38,,Tamil Nadu,
2073,2074,Fracktal Works,Technology,Bengaluru,Hyderabad angels,Seed/Angel Funding,0.0,,Karnataka,
2074,2075,Frapperz,Consumer Internet,Kolkata,Undisclosed investor,Seed Funding,0.83,,West Bengal,
2075,2076,FreeCharge,FinTech,Mumbai,Jasper infotech pvt ltd,Private Equity,470.25,,Maharashtra,
2076,2077,FreshBoxx,E-Commerce,Hubli,Jayant humbarwadi,Seed Funding,0.0,,Karnataka,
2077,2078,Ftcash,Consumer Internet,Mumbai,"500 startups, Ivycap ventures",Private Equity,0.0,,Maharashtra,
2078,2079,Furlenco,E-Commerce,Bengaluru,Aamir khan,Debt Funding,9.9,,Karnataka,
2079,2080,Fyle,Technology,Bengaluru,Pravega ventures,Seed Funding,3.3,,Karnataka,
2080,2081,Fynd,E-Commerce,Mumbai,"Iifl seed ventures, Kae capital, Fj labs, Singularity ventures, Growx, Tracxn labs, Axis capital",Private Equity,19.8,,Maharashtra,
2081,2082,Fynd,E-Commerce,Mumbai,Rocketship,Private Equity,4.13,,Maharashtra,
2082,2083,FYRE,Food,Mumbai,Venture catalysts,Seed Funding,4.13,,Maharashtra,
2083,2084,Gaming Monk,Entertainment,Delhi,Advantedge,Private Equity,0.0,,Delhi,
2084,2085,Gapoon,Consumer Internet,Bengaluru,"Vida ventures, Snehal mantri, Anshu bahadur",Seed Funding,2.06,,Karnataka,
2085,2086,Garage On Road,E-Commerce,Noida,Gaurav gupta,Private Equity,0.0,,Uttar Pradesh,
2086,2087,Genie,Consumer Internet,Chennai,Undisclosed investors,Seed Funding,2.06,,Tamil Nadu,
2087,2088,GenNext Students,Consumer Internet,Mumbai,Undisclosed investors,Seed Funding,4.79,,Maharashtra,
2088,2089,Get My Parking,Consumer Internet,Delhi,"Ian fund, Beenext, Indian angel network",Private Equity,24.75,,Delhi,
2089,2090,Get My Parking,Consumer Internet,Delhi,"Indian angel network (ian), Beenext, The chennai angels, Sunil munjal",Private Equity,9.08,,Delhi,
2090,2091,Get Simpl,Consumer Internet,Mumbai,"Green visor capital lp ii, Ia venture strategies fund ii lp, Boillot family trust, Russell m byrne, The oliver r. grace, Jr. millennium trust, Sf capital investments lp",Seed Funding,0.0,,Maharashtra,
2091,2092,Glowroad,E-Commerce,Bengaluru,"Accel partners,",Private Equity,16.5,,Karnataka,
2092,2093,GoBumpr,Automotive,Chennai,"Mahalingam k, Girish mathrubootham",Seed Funding,2.48,,Tamil Nadu,
2093,2094,GoChoppers,Consumer Internet,Gurugram,"Rivergate capital,",Seed Funding,0.0,,Haryana,
2094,2095,GoFro,Consumer Internet,Delhi,"His co. ltd, Makemytrip",Private Equity,82.5,,Delhi,
2095,2096,GoFynd,E-Commerce,Mumbai,"Anand chandrasekaran, Rajiv mehta, Ramakant sharma",Seed Funding,0.0,,Maharashtra,
2096,2097,GoldFarm,Food,Coimbatore,Mahindra & mahindra and infuse ventures,Private Equity,16.5,,Tamil Nadu,
2097,2098,Good Methods Global,Technology,Trivandrum,Accel partners,Private Equity,0.0,,Kerala,
2098,2099,Goodbox,E-Commerce,Bengaluru,"Nexus venture partners, Mekin maheshwari",Private Equity,8.25,,Karnataka,
2099,2100,Goodera,Technology,Bengaluru,"Nexus venture partners, Omidyar network",Private Equity,45.38,,Karnataka,
2100,2101,Goomo,Consumer Internet,Mumbai,Emerging india,Private Equity,412.5,,Maharashtra,
2101,2102,Greenlight Planet,Technology,Mumbai,"Apis partner, Eight roads ventures, Bamboo capital partners",Private Equity,495.0,,Maharashtra,
2102,2103,Grow Fit,Consumer Internet,Bengaluru,"Manipal education and medical group (memg), Sar group, The grover trust",Private Equity,37.13,,Karnataka,
2103,2104,GrowFitter,Consumer Internet,Mumbai,Sque capital,Seed Funding,4.95,,Maharashtra,
2104,2105,Guiddoo World,Travel,Mumbai,"Pawan borle, Nirmal singh, Manish prasad, Vineet varma, Nick haulkoury, Abhai s. rao",Seed Funding,2.48,,Maharashtra,
2105,2106,Gurukul,Consumer Internet,Delhi,"Rohit nanda, Rajit nanda, Smarak bhuyan, Sashwat brahma,",Seed Funding,0.0,,Delhi,
2106,2107,GyanDhan,Consumer Internet,Delhi,Sundaram finance holdings,Private Equity,0.0,,Delhi,
2107,2108,Gympik,Healthcare,Bengaluru,Roundglass partners,Seed Funding,0.0,,Karnataka,
2108,2109,HackerEarth,Consumer Internet,Bengaluru,"Dhi group inc, Prime venture partners, Beenext, Beenos, Digital garage, Bizreach",Private Equity,37.13,,Karnataka,
2109,2110,HalaPlay,Consumer Internet,Mumbai,"Kae capital management, Nazara technologies",Seed Funding,0.0,,Maharashtra,
2110,2111,HandyTrain,Technology,Goa,Nb ventures,Private Equity,8.25,,Goa,
2111,2112,Hansel io,Software,Bengaluru,"Idg ventures, Endiya partners",Private Equity,11.14,,Karnataka,
2112,2113,Happily Unmarried,E-Commerce,Delhi,Wipro consumer care,Private Equity,0.0,,Delhi,
2113,2114,Haqdarshak,Consumer Internet,Bengaluru,"Ravi saxena, Sandeep raju,",Seed Funding,1.58,,Karnataka,
2114,2115,Hasura,Cloud Tech,Bengaluru,"Nexus, Gree ventures",Private Equity,0.0,,Karnataka,
2115,2116,Heads Up For Tails,E-Commerce,Delhi,Undisclosed investors,Private Equity,16.5,,Delhi,
2116,2117,Healthbuds,Consumer Internet,Kolkata,"Arun patodia, Bharat kedia",Seed Funding,0.0,,West Bengal,
2117,2118,Healthcare at Home,Healthcare,Noida,Quadria capital advisors,Private Equity,330.0,,Uttar Pradesh,
2118,2119,Healthians,Healthcare,Gurugram,"Asuka holdings, Youwecan ventures, Beenext, Beenos, M&s partners",Private Equity,0.0,,Haryana,
2119,2120,HealthIntel,Healthcare,Delhi,Blip initiatives,Seed Funding,0.0,,Delhi,
2120,2121,HealthMir,Consumer Internet,Delhi,Nimit panigrahi,Seed Funding,0.0,,Delhi,
2121,2122,HealthSutra,Food,Hyderabad,"Ankur capital, Hyderabad angels",Seed Funding,0.0,,Telangana,
2122,2123,Heckyl,Technology,Mumbai,"Notion capital, Idg ventures",Private Equity,22.28,,Maharashtra,
2123,2124,Heterogenous,Technology,Chennai,"Chennai angels, Keiretsu forum & others",Seed Funding,6.44,,Tamil Nadu,
2124,2125,Hevo Data,Technology,Bengaluru,Idg ventures india,Private Equity,8.25,,Karnataka,
2125,2126,High Radius,FinTech,Hyderabad,Susquehanna growth equity llc,Private Equity,412.5,,Telangana,
2126,2127,HipCouch,Consumer Internet,Mumbai,Undisclosed investors,Seed Funding,5.78,,Maharashtra,
2127,2128,HolaChef,Delivery,Mumbai,"Sidbi venture capital ltd, Kalaari capital",Private Equity,24.75,,Maharashtra,
2128,2129,HomeCapital,FinTech,Mumbai,Venture catalysts,Seed Funding,0.0,,Maharashtra,
2129,2130,HomeLane,Design,Bengaluru,"Accel partners, Sequoia capital, Rb investments",Private Equity,82.5,,Karnataka,
2130,2131,Homergize,E-Commerce,Bengaluru,Lg chandrasekhar,Private Equity,8.25,,Karnataka,
2131,2132,Hoopy,Consumer Internet,Gwalior,Undisclosed investors,Seed Funding,4.13,,Madhya Pradesh,
2132,2133,Howdy Ventures,Consumer Internet,Chennai,S. xavier britto,Seed Funding,12.38,,Tamil Nadu,
2133,2134,HUG Innovations,Technology,Hyderabad,"Mohit srivastav, Kishore ganji, Venkat vallabhaneni, Rajeev menon",Private Equity,41.25,,Telangana,
2134,2135,Hungry Foal,E-Commerce,Gurugram,Gail india ltd,Seed Funding,0.0,,Haryana,
2135,2136,HWell24 Plus,Healthcare,Mumbai,Undisclosed investors,Seed Funding,0.0,,Maharashtra,
2136,2137,Hypernova Interactive,Technology,Bengaluru,Kae capital,Seed Funding,0.0,,Karnataka,
2137,2138,HyperTrack,Technology,Delhi,"Nexus venture partners, Founders fund",Private Equity,0.0,,Delhi,
2138,2139,I Can Stay,Technology,Delhi,Ht media,Private Equity,14.85,,Delhi,
2139,2140,i-lend,Consumer Internet,Hyderabad,50k ventures,Seed Funding,0.0,,Telangana,
2140,2141,IBSFintech,Technology,Bengaluru,Shailesh haribhakti,Seed Funding,0.0,,Karnataka,
2141,2142,Icertis,Consumer Internet,Pune,"B capital group, Ignition partners, Greycroft, E.ventures,  eight roads ventures",Private Equity,206.25,,Maharashtra,
2142,2143,Ideal Insurance,Consumer Internet,Kolkata,Xelpmoc,Seed Funding,0.0,,West Bengal,
2143,2144,IDG Ventures,Finance,Bengaluru,Uniliver ventures,Private Equity,82.5,,Karnataka,
2144,2145,iGenetics,Healthcare,Mumbai,Cdc group plc,Private Equity,160.88,,Maharashtra,
2145,2146,IGP,E-Commerce,Uttar Pradesh,Venture catalysts,Private Equity,0.0,,Uttar Pradesh,
2146,2147,Imaginate,Technology,Hyderabad,Sri capital,Seed Funding,4.13,,Telangana,
2147,2148,iManageMyHotel,Technology,Kolkata,Jaarvis accelerator,Seed Funding,0.0,,West Bengal,
2148,2149,Inclov,Consumer Internet,Gurugram,"Rajan anandan, Jamil khatri, Ravi iyer, Raghav bahl",Seed Funding,0.0,,Haryana,
2149,2150,Increff,Technology,Bengaluru,"Sequoia capital, Grey orange, Rajesh ramaiah, Anshuman das, Rishi das",Seed Funding,16.5,,Karnataka,
2150,2151,Indiez,Technology,Bengaluru,Haresh chawla,Seed Funding,4.13,,Karnataka,
2151,2152,Indus OS,Technology,Mumbai,Omidyar network,Private Equity,33.0,,Maharashtra,
2152,2153,Indus OS,Technology,Mumbai,"Jsw ventures, Ventureast",Private Equity,0.0,,Maharashtra,
2153,2154,Infibeam,E-Commerce,Ahmedabad,"Bennett, Coleman and company ltd",Private Equity,72.6,,Gujarat,
2154,2155,Inkmonk,E-Commerce,Chennai,"Vamm ventures, Raksul, Dena",Seed Funding,6.19,,Tamil Nadu,
2155,2156,Innefu Security Consulting,Technology,Delhi,Indianivesh venture capital fund,Private Equity,16.5,,Delhi,
2156,2157,Inner Hour,Consumer Internet,Mumbai,"Batlivala & karani securities, Venture works",Seed Funding,3.71,,Maharashtra,
2157,2158,Innov8,Real Estate,Delhi,"Vijay shekhar sharma, Rajan anandan, Kunal shah, Girish mathrubootham, Punit soni, Anand chandrasekaran, Sunil kalra, Utsav somani, Vishal gondal, Vikram limaye",Seed Funding,0.0,,Delhi,
2158,2159,Innovapptive,Technology,Hyderabad,Hyderabad angels,Seed Funding,12.38,,Telangana,
2159,2160,Innoviti,FinTech,Bengaluru,"Sbi-fmo fund, Bessemer venture partners, Catamaran ventures",Private Equity,152.63,,Karnataka,
2160,2161,Inshorts,Technology,Noida,Tiger global,Private Equity,41.25,,Uttar Pradesh,
2161,2162,Insider.in,Consumer Internet,Mumbai,Paytm,Private Equity,42.9,,Maharashtra,
2162,2163,InstaOffice,Consumer Internet,Gurugram,"Zishaan hayath, Karan chellani, Mohit satyan",Seed Funding,0.0,,Haryana,
2163,2164,InstaSafe,Technology,Bengaluru,Abm knowledgeware,Private Equity,18.15,,Karnataka,
2164,2165,Intelligence Node,Data Analytics,Mumbai,Blacksoil capital pvt ltd,Private Equity,6.6,,Maharashtra,
2165,2166,Intuit Things,Technology,Mumbai,Sanjay mehta & others ( the ten minute million),Seed Funding,0.87,,Maharashtra,
2166,2167,iNurture Education,EdTech,Bengaluru,Blacksoil capital pvt. ltd,Private Equity,12.38,,Karnataka,
2167,2168,ION Energy,Energy,Mumbai,"Aakrit vaish, Swapan rajdev, Sushill jiwarajka",Seed Funding,0.0,,Maharashtra,
2168,2169,iOrderFresh,Delivery,Delhi,Singapore angel network,Seed Funding,0.0,,Delhi,
2169,2170,IOTrek,Technology,Delhi,Undisclosed investor,Seed Funding,1.28,,Delhi,
2170,2171,iService,Consumer Internet,Bengaluru,"Blume ventures, Girish mathrubootham, Aprameya radhakrishna",Seed Funding,3.63,,Karnataka,
2171,2172,Ithaka,Consumer Internet,Mumbai,"Ankit gupta, Puneet motihar",Seed Funding,2.68,,Maharashtra,
2172,2173,Ixigo,Travel,Gurugram,"Sequoia capital, Kinzon capital",Private Equity,123.75,,Haryana,
2173,2174,Jhakaas,Consumer Internet,Mumbai,"Malini patel, Stelcore management services, Anjani prasad",Seed Funding,1.28,,Maharashtra,
2174,2175,Jhakaas,Consumer Internet,Mumbai,Amen dhyllon,Seed Funding,0.0,,Maharashtra,
2175,2176,Johari Shop,E-Commerce,Bengaluru,Undisclosed investors,Seed Funding,0.78,,Karnataka,
2176,2177,Josh Talks,EdTech,Gurugram,"Girish mathrubootham, Apurva chamaria, Rohit chanana",Private Equity,0.0,,Haryana,
2177,2178,Julia Computing,Technology,Bengaluru,"General catalyst, Founder collective",Private Equity,37.95,,Karnataka,
2178,2179,Jumbotail,E-Commerce,Bengaluru,"Kalaari capital, Nexus india capital advisors",Private Equity,70.13,,Karnataka,
2179,2180,Juno Clinic,Consumer Internet,Mumbai,Atul nishar,Seed Funding,9.9,,Maharashtra,
2180,2181,Kalpnik Technologies,Technology,Bengaluru,Venture catalysts,Seed Funding,4.13,,Karnataka,
2181,2182,Kanhaiya,Media,Hyderabad,Undisclosed investors,Seed/Angel Funding,1.65,,Telangana,
2182,2183,Karomi,Technology,Chennai,Ideaspring capital,Seed Funding,4.13,,Tamil Nadu,
2183,2184,Ketchupp,Consumer Internet,Delhi,India quotient and others,Seed Funding,3.64,,Delhi,
2184,2185,Khel Now,Consumer Internet,Bengaluru,Indochine international,Private Equity,4.13,,Karnataka,
2185,2186,Kissht,FinTech,Mumbai,"Endiya partners, Ventureast",Private Equity,16.5,,Maharashtra,
2186,2187,Klinic App,Consumer Internet,Gurugram,Om chaudhry,Seed Funding,0.0,,Haryana,
2187,2188,KNAB Finance,Consumer Internet,Bengaluru,"Incred, Krishnakumar natarajan, Ravi bhardwaj",Seed Funding,3.18,,Karnataka,
2188,2189,Kochi Post,Consumer Internet,Kochi,"Rajesh yohannan, Puthen & cole",Seed Funding,0.0,,Kerala,
2189,2190,Konsult App,Consumer Internet,Delhi,"Koen bouwers, Lomesh agarwal, Jeroen mensen, Pablo van den bosch & others",Seed Funding,4.13,,Delhi,
2190,2191,Kratikal,Technology,Noida,"Amajit gupta, Praveen dubey, J.p. bhatt",Seed Funding,0.0,,Uttar Pradesh,
2191,2192,KrazyBee,E-Commerce,Bengaluru,"Xiaomi technologies, Shunwei capital",Private Equity,66.0,,Karnataka,
2192,2193,Kreate Konnect,Technology,Vadodara,Langoor,Seed Funding,0.0,,Gujarat,
2193,2194,LatestOne,E-Commerce,Hyderabad,"Florintree, Mathew cyriac, Chidambaram palaniappan, Bharat sheth",Private Equity,27.64,,Telangana,
2194,2195,Lavelle Networks,Cloud Tech,Bengaluru,Ideaspring capital,Seed Funding,4.95,,Karnataka,
2195,2196,Leadburg,Consumer Internet,Bengaluru,"Harsh v. pant, Ratheesh raveendran",Seed Funding,0.0,,Karnataka,
2196,2197,Leap India,Logistics,Surabardi,"India nivesh growth fund, Sixth sense, Tci ventures",Private Equity,107.25,,Maharashtra,
2197,2198,LearnTron,Technology,Chennai,Kae capital,Seed Funding,0.0,,Tamil Nadu,
2198,2199,Legal Raasta,Consumer Internet,Delhi,Impanix capital,Private Equity,41.25,,Delhi,
2199,2200,LenDen Club,Finance,Mumbai,Undisclosed investor,Seed Funding,4.13,,Maharashtra,
2200,2201,LendingKart,FinTech,Ahmedabad,"Bertelsmann india, Mayfield capital, Saama capital, Darrin capital",Private Equity,88.69,,Gujarat,
2201,2202,LendingKart,FinTech,Ahmedabad,Yes bank,Debt Funding,64.35,,Gujarat,
2202,2203,LendingKart,FinTech,Ahmedabad,Anicut capital,Private Equity,38.36,,Gujarat,
2203,2204,Lenskart,E-Commerce,Gurugram,Ronnie screwvala,Private Equity,28.88,,Haryana,
2204,2205,Leopetra,E-Commerce,Mumbai,Facebook fbstart,Seed Funding,0.33,,Maharashtra,
2205,2206,Lets Endorse,Consumer Internet,Bengaluru,"Chandigarh angels network, Social alpha and other unnamed angel investors",Seed Funding,0.0,,Karnataka,
2206,2207,Lets Reap,Consumer Internet,Mumbai,"Kunal shah, Sandeep tandon, Nitin saluja, Gagan goyal",Seed Funding,0.0,,Maharashtra,
2207,2208,Lets Transport,Consumer Internet,Bengaluru,"Gmo japan, Neelesh bhatnagar",Private Equity,33.0,,Karnataka,
2208,2209,Letsservice,Consumer Internet,Bengaluru,Aequs group,Private Equity,0.0,,Karnataka,
2209,2210,Leverage Edu,EdTech,Delhi,"Alok mittal, Deepak jain, Ritesh malik, Jim schimdktke",Seed Funding,0.0,,Delhi,
2210,2211,Licious,E-Commerce,Bengaluru,"Mayfield india, 3one4 capital, Sistema asia fund, Neoplux technology fund",Private Equity,82.5,,Karnataka,
2211,2212,Lime Tray,Technology,Delhi,Jsw ventures,Private Equity,0.0,,Delhi,
2212,2213,Little Black Book,Consumer Internet,Delhi,"Blume ventures, Idg ventures & indian angel network",Private Equity,8.25,,Delhi,
2213,2214,Loadshare,Logistics,Bengaluru,Matrix partners,Seed Funding,0.0,,Karnataka,
2214,2215,Loan Frame,Consumer Internet,Gurugram,"Vedanta capital, William campbell, Toos n daruvala",Private Equity,18.56,,Haryana,
2215,2216,Loanmeet,Consumer Internet,Bengaluru,"Cao yibin, Huang wei, Madhusudan e,",Seed Funding,0.0,,Karnataka,
2216,2217,LoanTap,Consumer Internet,Mumbai,"Kae capital, India quotient, Ifmr, And mas financial services ltd",Private Equity,33.0,,Maharashtra,
2217,2218,Log9 Materials,Technology,Bengaluru,Gems,Seed Funding,0.0,,Karnataka,
2218,2219,LogicRoots,EdTech,Jaipur,Village capital,Seed/Angel Funding,0.41,,Rajasthan,
2219,2220,LoyaltyPrime,Technology,Delhi,"Senovo, Unternehmertum venture capital, Alexander bruehl",Private Equity,0.0,,Delhi,
2220,2221,Lucideus,Cybersecurity,Delhi,"Vellayan subbiah, Jonathan boutelle, Rajan anandan,  rahul chawla, Salil donde, Amit ranjan, Govind rajan & others",Seed Funding,0.0,,Delhi,
2221,2222,MagicBricks,Consumer Internet,Mumbai,Times internet ltd,Private Equity,37.13,,Maharashtra,
2222,2223,Magicpin,Consumer Internet,Gurugram,"Lightspeed india partners, Waterbridge ventures",Private Equity,57.75,,Haryana,
2223,2224,Magicpin,Consumer Internet,Gurugram,"Lightspeed venture partners, Vy capital,",Private Equity,54.45,,Haryana,
2224,2225,MamaEarth,E-Commerce,Gurugram,Fireside ventures,Seed Funding,0.0,,Haryana,
2225,2226,Maptags,Consumer Internet,Bengaluru,The ten minute million,Seed Funding,0.15,,Karnataka,
2226,2227,Markets and Markets,Technology,Pune,"Ftv capital, Zodius capital",Private Equity,462.0,,Maharashtra,
2227,2228,MaxMyWealth,Consumer Internet,Mumbai,"Lockchain ecosystem global advisors, Horseferry",Private Equity,0.0,,Maharashtra,
2228,2229,Mech Mocha,Entertainment,Bengaluru,"Accel partners, Shunwei capital",Private Equity,41.25,,Karnataka,
2229,2230,MedGenome,Healthcare,Bengaluru,"Sequoia india, Sofina s.a., Zodius capital, Kris gopalakrishnan, Lakshmi narayanan,",Private Equity,247.5,,Karnataka,
2230,2231,Medinfi,Consumer Internet,Bengaluru,"Pbs srinivas, Vinod martin,",Seed Funding,1.03,,Karnataka,
2231,2232,Medinfi,Consumer Internet,Bengaluru,"Vinod martin, Evan lim, Kanchan ghoshal, Ram kumar kakani",Seed Funding,0.83,,Karnataka,
2232,2233,Medinfi,Consumer Internet,Bengaluru,"Vinod martin, Hemant kaul, Prof. ram kumar kakani & others",Seed Funding,0.41,,Karnataka,
2233,2234,Medwell Ventures,Healthcare,Bengaluru,"Mahindra partners, Eight roads ventures, F-prime capital partners",Private Equity,173.25,,Karnataka,
2234,2235,Meesho,E-Commerce,Bengaluru,"Saif partners, Ycombinator, Venture highway",Private Equity,25.58,,Karnataka,
2235,2236,MergerWare,Technology,Bengaluru,Philippe bouchet,Seed Funding,0.83,,Karnataka,
2236,2237,MessaGif,Consumer Internet,Delhi,Undisclosed investor,Seed Funding,0.41,,Delhi,
2237,2238,mfine,Healthcare,Bengaluru,"Stellaris venture partners, Mayur abhaya, Rohit ma",Private Equity,12.38,,Karnataka,
2238,2239,MilkBasket,E-Commerce,Gurugram,Blume ventures. lenovo capital and incubator group (lcig),Seed Funding,0.0,,Haryana,
2239,2240,MindTickle,EdTech,Pune,Canaan partners,Private Equity,222.75,,Maharashtra,
2240,2241,MindYourFleet,Consumer Internet,Noida,"Japan vyas, Tarun adlakha",Seed Funding,0.0,,Uttar Pradesh,
2241,2242,Minjar,Technology,Bengaluru,"Blume ventures, Contrarian capital india partners, Emergent ventures india, Pallav nadhani, Ashish gupta, Sharad sharma, Sirion labs",Seed Funding,0.0,,Karnataka,
2242,2243,Mintwalk,Consumer Internet,Mumbai,Poshika financial ecosystem,Seed Funding,0.0,,Maharashtra,
2243,2244,MiStay,Technology,Bengaluru,Axilor ventures,Seed/Angel Funding,0.0,,Karnataka,
2244,2245,MobiDent,Healthcare,Bengaluru,Dangold investment corp,Private Equity,0.0,,Karnataka,
2245,2246,MobieFit,Healthcare,Goa,"Nb ventures, Mediassist",Seed/Angel Funding,11.14,,Goa,
2246,2247,Mobikon,Technology,Pune,"Sistema asia fund, C31 ventures, Qualgro.",Private Equity,57.75,,Maharashtra,
2247,2248,Mobiliz AR,Technology,Bengaluru,"Idg ventures, Idfc-parampara fund",Private Equity,0.0,,Karnataka,
2248,2249,MObiquest,Technology,Noida,One97 communication ltd,Private Equity,0.0,,Uttar Pradesh,
2249,2250,Mobycy,Transportation,Gurugram,Undisclosed investors,Seed/Angel Funding,4.13,,Haryana,
2250,2251,Moglix,E-Commerce,Noida,"International finance corporation, Rocketship, Accel partners, Jungle ventures, Shailesh rao, Venture highway",Private Equity,99.0,,Uttar Pradesh,
2251,2252,MoneyTap,FinTech,Bengaluru,"Sequoia india, Nea, Prime venture partners",Private Equity,101.48,,Karnataka,
2252,2253,MonkeyBox,Consumer Internet,Bengaluru,"Blume ventures, Nb ventures, Nspira",Seed Funding,0.0,,Karnataka,
2253,2254,Monsoon Fintech,Technology,Delhi,"Sunil kalra, Aditya singh, Rishi srivastava, Rajan anandan",Seed Funding,0.0,,Delhi,
2254,2255,Moong Labs,Technology,Delhi,Nazara games,Private Equity,0.0,,Delhi,
2255,2256,mPaani,Consumer Internet,Mumbai,"Idg ventures, Blume ventures, Saha fund,",Private Equity,11.14,,Maharashtra,
2256,2257,MrNeeds,Consumer Internet,Noida,Undisclosed investors,Seed Funding,4.13,,Uttar Pradesh,
2257,2258,MSE,Finance,Mumbai,"Il&fs, Trust capital, Rosy blue securities, Radhakrishan damani and rakesh jhunjhunwala",Private Equity,264.0,,Maharashtra,
2258,2259,mSwipe,Technology,Mumbai,"Uc-rnt fund, Matrix partners, Alcon edge capital, Dsg consumer partners",Private Equity,255.75,,Maharashtra,
2259,2260,mSwipe,Technology,Mumbai,Eduardo saverin,Private Equity,82.5,,Maharashtra,
2260,2261,Multibhashi,EdTech,Bengaluru,"Aniruddha malpani, Startup oasis",Seed Funding,0.0,,Karnataka,
2261,2262,Multiplier Solutions,Technology,Hyderabad,Norwest venture partners,Private Equity,12.38,,Telangana,
2262,2263,My Forex Eye,Consumer Internet,Delhi,"Rahul dev kumar, Rajesh mahajan, Ankit sharma and others",Seed Funding,1.82,,Delhi,
2263,2264,MyDermacy,Consumer Internet,Delhi,Cyber carrier,Private Equity,0.0,,Delhi,
2264,2265,MyGlamm,Personal Care,Mumbai,L'occitane,Private Equity,43.73,,Maharashtra,
2265,2266,MyGreens,Food,Delhi,"Ajay relan, Letsventure",Seed Funding,8.25,,Delhi,
2266,2267,MyGubbi,E-Commerce,Bengaluru,"Firoze irani, Vipul parekh, Ananda kallugadde, Rajesh k murthy",Private Equity,22.28,,Karnataka,
2267,2268,Myly,Consumer Internet,Jaipur,Mall industries development bank of india (sidbi),Seed Funding,2.56,,Rajasthan,
2268,2269,Myra,Healthcare,Bengaluru,"Times internet, Matrix partners",Private Equity,0.0,,Karnataka,
2269,2270,MyUpchar,Healthcare,Delhi,Letsventure,Seed Funding,2.48,,Delhi,
2270,2271,Nactus,Consumer Internet,Jaipur,"Sandeep aggarwal, Gautam chhaochharia, R balachandar",Seed Funding,0.0,,Rajasthan,
2271,2272,Native Special,E-Commerce,Karur,"Indian angel network, Native angels network",Seed Funding,0.0,,Tamil Nadu,
2272,2273,Navia Life Care,Technology,Delhi,Benori ventures llp,Seed Funding,0.0,,Delhi,
2273,2274,Nazara Technologies,Technology,Mumbai,Rakesh jhunjhunwala,Private Equity,222.75,,Maharashtra,
2274,2275,NeoStencil,Consumer Internet,Delhi,"Brand capital, Paragon trust",Private Equity,8.25,,Delhi,
2275,2276,Nest Education,Technology,Gurugram,"Michael and susan dell foundation, Anand mahindra",Seed Funding,4.95,,Haryana,
2276,2277,NetMeds,Healthcare,Chennai,Tanncam investment & sistema asia fund,Private Equity,115.5,,Tamil Nadu,
2277,2278,New Castle Technologies,Technology,Chennai,Undisclosed investors,Seed Funding,2.0,,Tamil Nadu,
2278,2279,New Delhivery,Logistics,Delhi,"Carlyle group, Tiger global",Private Equity,825.0,,Delhi,
2279,2280,New Delhivery,Logistics,Delhi,Fosun international,Private Equity,247.5,,Delhi,
2280,2281,Nightstay,Consumer Internet,Delhi,"Indian angels network, Letsventure",Seed Funding,0.0,,Delhi,
2281,2282,Niki.ai,AI,Bengaluru,"Sap.io, Unilazer ventures",Private Equity,16.5,,Karnataka,
2282,2283,Niki.ai,AI,Bengaluru,Sap,Private Equity,0.0,,Karnataka,
2283,2284,Ninjacart,AgriTech,Bengaluru,"Accel partners, Nandan nilekani's nrjn trust, Mistletoe, Qualcomm ventures, M&s partners",Private Equity,45.38,,Karnataka,
2284,2285,Niramai,Healthcare,Bengaluru,"Pi ventures, Axilor ventures, 500 startups, Binny bansal",Seed Funding,0.0,,Karnataka,
2285,2286,Nivesh,Finance,Noida,"Pv sahad, Sandeep shroff, Rahul gupta",Seed Funding,0.0,,Uttar Pradesh,
2286,2287,NoPaperForms Solutions Pvt. Ltd.,EdTech,Delhi,Info edge,Seed Funding,7.19,,Delhi,
2287,2288,Noticeboard,Technology,Bengaluru,"Stellaris venture partners,",Private Equity,9.9,,Karnataka,
2288,2289,Noticeboard,Technology,Bengaluru,"Shamik sharma, Aprameya radhakrishna",Seed Funding,0.0,,Karnataka,
2289,2290,NowFloats,Consumer Internet,Hyderabad,"Iron pillar and iifl, Blume ventures, Omidyar network",Private Equity,82.5,,Telangana,
2290,2291,Nurturey,Consumer Internet,Delhi,Mohit joshi & others,Seed Funding,2.72,,Delhi,
2291,2292,Nuvepro,Technology,Mumbai,1crowd,Seed/Angel Funding,3.3,,Maharashtra,
2292,2293,OfBusiness,Fintech,Gurugram,Kotak mahindra bank,Debt Funding,31.35,,Haryana,
2293,2294,Oglas,Consumer Internet,Noida,"Pankaj rungta, Yogesh agarwal",Seed Funding,0.0,,Uttar Pradesh,
2294,2295,Oho Shop,Technology,Ahmedabad,"Bennett, Coleman and company ltd",Private Equity,55.28,,Gujarat,
2295,2296,Oi Media,Technology,Delhi,Quarizon,Seed Funding,0.0,,Delhi,
2296,2297,Ola,Transportation,Bengaluru,Softbank group corp,Private Equity,2722.5,,Karnataka,
2297,2298,Ola,Transportation,Bengaluru,Simi pacific pte,Private Equity,2145.0,,Karnataka,
2298,2299,Ola,Transportation,Bengaluru,"Tencent, Softbank group",Private Equity,907.5,,Karnataka,
2299,2300,Ola,Transportation,Bengaluru,"Falcon edge capital,  capital advisers",Private Equity,862.13,,Karnataka,
2300,2301,Ola,Transportation,Bengaluru,Tekne capital management llc,Private Equity,412.5,,Karnataka,
2301,2302,Ola,Transportation,Bengaluru,Tekne capital management,Private Equity,297.0,,Haryana,
2302,2303,Ola,Transportation,Bengaluru,Ani technologies pvt. ltd,Private Equity,63.53,,Karnataka,
2303,2304,Olly Smart Credit Card,Finance,Delhi,"Incubate fund, Sandesh kirkire, Anand kumar, Yogesh chaudhary",Seed Funding,0.0,,Delhi,
2304,2305,Omnia Information,Technology,Delhi,Omidyar network,Private Equity,24.75,,Delhi,
2305,2306,Omnify,Technology,Bengaluru,"Rajan anandan, L.d sharma, Saurabh arora",Seed Funding,1.24,,Karnataka,
2306,2307,OncoStem,Healthcare,Bengaluru,"Sequoia capital india, Artiman ventures",Private Equity,49.5,,Karnataka,
2307,2308,OneAssist,Consumer Internet,Mumbai,Sequoia capital,Private Equity,0.0,,Maharashtra,
2308,2309,OneStepUp,Technology,Delhi,Orient blackswan,Seed Funding,2.77,,Delhi,
2309,2310,ONN Bikes,E-Commerce,Mumbai,Z nation lab,Seed/Angel Funding,5.71,,Maharashtra,
2310,2311,Oorjan,Technology,Mumbai,Globevestor,Seed Funding,3.71,,Maharashtra,
2311,2312,OpenApp,Software,Bengaluru,"Axilor ventures, Kumar vembu",Private Equity,29.7,,Karnataka,
2312,2313,Oriano Solar,Technology,Mumbai,Samridhi fund,Private Equity,24.75,,Maharashtra,
2313,2314,OYO,Hospitality,Gurugram,"Softbank group, Sequoia capital india, Lightspeed venture partners, Greenoaks capital, Hero enterprise",Private Equity,2062.5,,Haryana,
2314,2315,OYO,Hospitality,Gurugram,China lodging group,Private Equity,82.5,,Haryana,
2315,2316,Paalak,E-Commerce,Delhi,"Vishwadeep bajaj, Harsh kundra, Nandkumar rane, Ln buddharaju, Anupam tyagi",Seed Funding,0.0,,Delhi,
2316,2317,PaisaWapas,Consumer Internet,Bengaluru,Vividhity ventures,Seed Funding,0.0,,Karnataka,
2317,2318,Parallel Dots,Technology,Gurugram,"Multipoint capital,",Private Equity,11.55,,Haryana,
2318,2319,Parentune,Consumer Internet,Gurugram,"Kae capital, Segnel ventures",Private Equity,0.0,,Haryana,
2319,2320,Park Easy,Consumer Internet,Kolkata,Rockstart accelerator,Seed Funding,0.97,,West Bengal,
2320,2321,Paysense,Consumer Internet,Mumbai,Jungle ventures,Private Equity,43.73,,Maharashtra,
2321,2322,Paytm,E-Commerce,Bengaluru,Alibaba,Private Equity,1650.0,,Karnataka,
2322,2323,Paytm,E-Commerce,Bengaluru,Softbank group,Private Equity,115.5,,Karnataka,
2323,2324,PeeBuddy,Healthcare,Delhi,Indian angel network,Seed Funding,3.65,,Delhi,
2324,2325,Peel Works,Logistics,Mumbai,Unilever ventures,Private Equity,0.0,,Maharashtra,
2325,2326,PeeSafe,Healthcare,Delhi,"Venture catalysts, Alfa capital, Green shots capital, Real time ventures",Private Equity,8.25,,Delhi,
2326,2327,Perfios,Technology,Bengaluru,Bessemer venture partners,Private Equity,50.33,,Karnataka,
2327,2328,Perpule,Software,Bengaluru,Kstart capital,Seed Funding,5.36,,Karnataka,
2328,2329,Perspectico,Education,Delhi,"Sscbs innovation, Incubation foundation (siif)",Seed/Angel Funding,0.0,,Delhi,
2329,2330,PharmEasy,Healthcare,Mumbai,"Bessemer venture partners, Orios venture partners, Trifecta capital,",Private Equity,148.5,,Maharashtra,
2330,2331,Phone Pe,FinTech,Bengaluru,Flipkart,Private Equity,319.28,,Karnataka,
2331,2332,PickMe,Consumer Internet,Mumbai,Sidbi venture capital fund,Private Equity,14.77,,Maharashtra,
2332,2333,PipeCandy,Technology,Chennai,"Idg ventures, Axilor ventures, Emergent ventures, Indian angel network",Seed Funding,9.08,,Tamil Nadu,
2333,2334,Pitstop,Consumer Internet,Bengaluru,"Blume ventures, Goldbell group, Anurag srivastava, Shailesh rao, Amiya pathak, Rajesh yohanan and rahul garg",Private Equity,8.25,,Karnataka,
2334,2335,Playablo,Technology,Bengaluru,Abi-showatech (india) ltd,Seed Funding,4.95,,Karnataka,
2335,2336,PolicyBazaar,FinTech,Gurugram,"Wellington management, Dg ventures india, True north",Private Equity,635.25,,Haryana,
2336,2337,POPxo,Technology,Delhi,"Gree ventures, Kalaari capital and idg ventures india, Summit media, Atul goel, And gurpreet singh",Private Equity,25.58,,Delhi,
2337,2338,PortDesk,Technology,Noida,Alphard maritime group,Seed Funding,16.5,,Uttar Pradesh,
2338,2339,Portea Medical,Healthcare,Bengaluru,"Sabre partners, Memg cdc",Private Equity,214.5,,Karnataka,
2339,2340,Power2SME,E-Commerce,Gurugram,"International finance corporation (ifc), Inventus capital partners, Accel partners, Kalaari capital, And nandan nilekani,",Private Equity,214.5,,Haryana,
2340,2341,Power2SME,E-Commerce,Gurugram,International finance corporation,Private Equity,82.5,,Haryana,
2341,2342,PParke,Consumer Internet,Bengaluru,Sb ventures,Seed Funding,0.0,,Karnataka,
2342,2343,Practo,Healthcare,Bengaluru,"Tencent,  ru-net, Rsi fund, Thrive capital",Private Equity,453.75,,Karnataka,
2343,2344,PrestLoans,Finance,Delhi,"Manish poddar, Arun garg, Parmeshwar sharma",Seed Funding,4.7,,Delhi,
2344,2345,PrimaryIO,Technology,Pune,"Accel partners, Exfinity ventures, Partech ventures",Private Equity,46.2,,Maharashtra,
2345,2346,Project Mudra,Technology,Bengaluru,Village capital,Seed/Angel Funding,0.41,,Karnataka,
2346,2347,PropertyShare,Consumer Internet,Bengaluru,"Asuka, Pravega ventures, Beenext",Seed Funding,0.0,,Karnataka,
2347,2348,PropStory,Consumer Internet,Gurugram,"Abhishek bhatewara, Vivek shah, Haitong securities, Suraj saharan, Paras arora",Seed Funding,0.0,,Haryana,
2348,2349,PumpKart,E-Commerce,Chandigarh,Dr. ritesh malik,Seed Funding,0.0,,Chandigarh,
2349,2350,Purplle,E-Commerce,Mumbai,"Mountain pain capital, Suncoast investments",Seed/Angel Funding,4.43,,Maharashtra,
2350,2351,QorQI,Healthcare,Noida,Paytm,Seed Funding,0.0,,Uttar Pradesh,
2351,2352,Qriyo,Consumer Internet,Jaipur,Nb ventures,Private Equity,0.0,,Rajasthan,
2352,2353,Qubole,Technology,Bengaluru,"Singtel, Innov8, Harmony partners",Private Equity,206.25,,Karnataka,
2353,2354,QwikSpec,Technology,Bengaluru,"Brigade innovations llp, Tv mohandas pai, Suhail rahman, Bobby reddy, M george oommen",Seed Funding,4.46,,Karnataka,
2354,2355,Qwikspec,Technology,Bengaluru,Undisclosed investors,Seed Funding,2.48,,Karnataka,
2355,2356,Rapido,Transportation,Bengaluru,Battery road digital holdings llc,Seed Funding,3.48,,Karnataka,
2356,2357,Rapido,Transportation,Bengaluru,"Skycatcher fund, Aravind sanka",Seed/Angel Funding,2.72,,Karnataka,
2357,2358,RAW Pressery,Food,Mumbai,"Dsg consumer partners, Sequoia capital, Saama capital",Private Equity,49.5,,Maharashtra,
2358,2359,Raw Pressery,Food,Mumbai,Jacqueline fernandez,Seed Funding,0.0,,Maharashtra,
2359,2360,Red Carpet,Consumer Internet,Gurugram,Lightspeed venture partners,Private Equity,20.63,,Haryana,
2360,2361,RedBook,Technology,Mumbai,"Vida ventures, Dr. aniruddha malpani",Seed/Angel Funding,2.06,,Maharashtra,
2361,2362,Redesyn,Consumer Internet,Mumbai,Thinqbate,Seed Funding,0.0,,Maharashtra,
2362,2363,Register My Marriage,Consumer Internet,Delhi,Mumbai angels,Seed Funding,0.0,,Delhi,
2363,2364,Remit Guru,Consumer Internet,Mumbai,"Infibeam, Ccavenue",Private Equity,3.84,,Maharashtra,
2364,2365,Renew Buy,Consumer Internet,Delhi,Amicus capital,Private Equity,75.9,,Delhi,
2365,2366,Reniso,Technology,Delhi,"Nishit sharma, Alok srivastava",Seed Funding,0.0,,Delhi,
2366,2367,Rentomojo,Consumer Internet,Bengaluru,"Ain capital ventures, Renaud laplanche",Private Equity,82.5,,Karnataka,
2367,2368,RentOnGo,E-Commerce,Bengaluru,Tvs motor company,Seed Funding,1.93,,Karnataka,
2368,2369,Rivigo,Logistics,Gurugram,Private sector banks (debt funding),Private Equity,123.75,,Haryana,
2369,2370,RML Agtech,Technology,Pune,Ivycap ventures,Private Equity,33.0,,Maharashtra,
2370,2371,Roambee,Technology,Mumbai,Deutsche telekom strategic investments & others,Private Equity,33.83,,Maharashtra,
2371,2372,Rooter,Sports,Delhi,"Abhinav gupta,",Seed Funding,1.54,,Delhi,
2372,2373,Rooter,Sports,Delhi,Intex technologies,Private Equity,0.0,,Delhi,
2373,2374,Rubique,Consumer Internet,Mumbai,"Kalaari capital, Udayan goyal",Private Equity,24.75,,Maharashtra,
2374,2375,SafetyKart,E-Commerce,Gurugram,Redcliffe capital,Private Equity,0.0,,Haryana,
2375,2376,SastaSundar,E-Commerce,Kolkata,Rohto pharmaceutical,Private Equity,41.25,,West Bengal,
2376,2377,Sattviko,E-Commerce,Delhi,"Raman roy, Arvind uppal, Sonu bhasin, G ravishankar",Seed Funding,0.0,,Delhi,
2377,2378,SaveBC,Finance,Gaya,Incofin investment management.,Private Equity,49.5,,Bihar,
2378,2379,Scootsy,Consumer Internet,Mumbai,"Agnus capital, Khattar holdings",Private Equity,29.7,,Maharashtra,
2379,2380,ScoutMyTrip,Consumer Internet,Mumbai,Z nation lab,Seed Funding,0.0,,Maharashtra,
2380,2381,Securens,Technology,Mumbai,"Mayfield india, Trifecta capital",Private Equity,41.25,,Maharashtra,
2381,2382,SecururAX,Technology,Bengaluru,"Axilor ventures, Parampara early stage opportunities fund & others",Private Equity,0.0,,Karnataka,
2382,2383,Seenit,Consumer Internet,Kolkata,"Calcutta angels network (can), Augment ventures",Seed Funding,0.0,,West Bengal,
2383,2384,SelectJobs,Consumer Internet,Mumbai,India educational investment fund,Seed Funding,0.0,,Maharashtra,
2384,2385,Seniority,E-Commerce,Pune,Rpg enterprises,Private Equity,8.25,,Maharashtra,
2385,2386,Sepalika,Consumer Internet,Delhi,Accel partners,Seed Funding,6.19,,Delhi,
2386,2387,Sequretek,Cybersecurity,Mumbai,"Gvfl, Unicorn india ventures",Private Equity,0.0,,Maharashtra,
2387,2388,ShilpMIS,Technology,Surat,"Puneet gupta, Nimitt desai & others",Seed Funding,0.0,,Gujarat,
2388,2389,Shopclues,E-Commerce,Gurugram,Innoven capital,Private Equity,63.53,,Haryana,
2389,2390,Shopholix,E-Commerce,Gurugram,Munesh khanna,Seed/Angel Funding,1.92,,Haryana,
2390,2391,Shubh Loans,FinTech,Bengaluru,"Sri capital, Beenext, Pravega ventures",Private Equity,12.38,,Karnataka,
2391,2392,Sigtuple,Healthcare,Bengaluru,"Accel partners, Idg ventures, Endiya partners, Pi ventures, Vh capital, Axilor partners",Private Equity,47.85,,Karnataka,
2392,2393,Simility,Technology,Hyderabad,Accel partners,Private Equity,144.38,,Telangana,
2393,2394,SimpliLend,EdTech,Bengaluru,Undisclosed investors,Seed Funding,0.0,,Karnataka,
2394,2395,Simulanis,Technology,Delhi,Village capital,Seed Funding,0.0,,Delhi,
2395,2396,Skill Connect,Consumer Internet,Jaipur,Rajasthan angel investor network,Seed Funding,0.0,,Rajasthan,
2396,2397,Skillenza,Consumer Internet,Bengaluru,"Blume ventures, Indian angel network",Seed Funding,5.96,,Karnataka,
2397,2398,Sky Met Weather,Technology,Noida,Insuresillience investment fund,Private Equity,0.0,,Uttar Pradesh,
2398,2399,Slice Pay,FinTech,Bengaluru,"Das capital, Simile ventures",Private Equity,16.5,,Karnataka,
2399,2400,Smaaash,Technology,Mumbai,Ecl finance,Private Equity,363.0,,Maharashtra,
2400,2401,Smaaash,Technology,Mumbai,Sixth sense ventures,Private Equity,31.35,,Maharashtra,
2401,2402,Smart Karma,Technology,Bengaluru,Idg ventures india,Private Equity,0.0,,Karnataka,
2402,2403,SmartCoin,Finance,Bengaluru,Unicorn india ventures & others,Private Equity,0.0,,Karnataka,
2403,2404,SmartHi,Technology,Pune,Singapore based investor,Seed Funding,0.0,,Maharashtra,
2404,2405,SMECorner,FinTech,Mumbai,Dutch government fund,Private Equity,0.0,,Maharashtra,
2405,2406,Snackible,Food,Mumbai,"Nibhrant shah, Anandbir singh, Anirudh sheth, Pratik singhi, Vikram mehta, Murali nair",Seed Funding,1.44,,Maharashtra,
2406,2407,Spandana Sphoorty,Finance,Hyderabad,"""kedaraa capital, Ontario teachers\\'""",Private Equity,160.88,,Telangana,
2407,2408,Spares Hub,E-Commerce,Pune,"The chennai angels, Anthill scale ventures, Esvee technologies inc, Inc95 consulting",Seed Funding,2.57,,Maharashtra,
2408,2409,Specsmakers,Personal Care,Chennai,Eight roads ventures india,Private Equity,82.5,,Tamil Nadu,
2409,2410,SpeedBox,Logistics,Mumbai,Cismat cargo services pvt. ltd.,Seed Funding,2.48,,Maharashtra,
2410,2411,Spinny,E-Commerce,Gurugram,"Blume ventures, Indian angel network, Kunal shah, Sandeep tandon",Private Equity,8.25,,Haryana,
2411,2412,Sport Flashes,Consumer Internet,Delhi,"Vikas bajaj, Amit kharbanda,",Seed Funding,0.0,,Delhi,
2412,2413,Sportido,Sports,Delhi,Mehul shah,Seed Funding,1.24,,Delhi,
2413,2414,Sportido,Sports,Delhi,"Bennett, Coleman and company ltd (bccl),",Private Equity,0.0,,Delhi,
2414,2415,SpotDraft,Consumer Internet,Gurugram,"Hunch ventures, Spiral ventures, 500 startups, Singapore angel network, Citrus payments",Seed Funding,4.54,,Haryana,
2415,2416,Springboard,Data Analytics,Bengaluru,"Costanoa, Learn capital, Jyoti bansal",Private Equity,78.38,,Karnataka,
2416,2417,Squadrun,Technology,Noida,"Blume ventures, Contrarian capital, 91springboard, Emergent ventures, Abstract ventures, Anthill ventures, Axilor ventures",Private Equity,17.33,,Uttar Pradesh,
2417,2418,Square Yards,Consumer Internet,Gurugram,"Lohia group, Andre hoffman",Private Equity,82.5,,Haryana,
2418,2419,StalkBuyLove,E-Commerce,Delhi,Trifecta capital,Private Equity,8.25,,Delhi,
2419,2420,StanPlus,Logistics,Hyderabad,Kstart capital,Private Equity,9.08,,Telangana,
2420,2421,Stanza Living,Technology,Delhi,"Matrix partners, Accel",Private Equity,16.5,,Delhi,
2421,2422,Startup Buddy,Consumer Internet,Gurugram,"Youwecan ventures,",Seed Funding,0.0,,Haryana,
2422,2423,Stashfin,Consumer Internet,Delhi,"Snow leopard ventures, Alto partners",Private Equity,41.25,,Delhi,
2423,2424,Stayabode,Consumer Internet,Bengaluru,"Incubate fund, Sanjay shenoy, Mridul upreti,",Private Equity,0.0,,Karnataka,
2424,2425,Stockal,FinTech,Bengaluru,"Mohan alexander, R. natarajan, Vikrant varshney, Amit sinha",Seed Funding,2.89,,Karnataka,
2425,2426,Stockroom.io,Consumer Internet,Hyderabad,"Satya d sinha, Gyanendra singh",Seed Funding,0.0,,Telangana,
2426,2427,Strata Enviro,Technology,Mumbai,Scale minds,Private Equity,0.0,,Maharashtra,
2427,2428,Stratfit,Consumer Internet,Hyderabad,Bodhtree consulting limited,Seed Funding,1.91,,Telangana,
2428,2429,Sumeru,Technology,Bengaluru,Undisclosed investors,Seed Funding,8.25,,Karnataka,
2429,2430,Sumeru,Technology,Bengaluru,Undisclosed investors,Seed Funding,7.43,,Karnataka,
2430,2431,Summerlabel,Consumer Internet,Gurugram,"Aneesh seth, Tushar mittal",Seed Funding,1.24,,Haryana,
2431,2432,Supr Daily,Consumer Internet,Mumbai,"Soma capital, Great oaks ventures, 122 west ventures",Private Equity,12.38,,Maharashtra,
2432,2433,Supr Daily,Consumer Internet,Mumbai,Y combinator,Seed Funding,0.99,,Maharashtra,
2433,2434,Swiggy,Food,Bengaluru,"Nasper, Accel india, Saif partners, Bessemer venture partners, Harmony partners, Norwest venture partners",Private Equity,660.0,,Karnataka,
2434,2435,Synup,Technology,Bengaluru,"Vertex ventures, Prime venture partners.",Private Equity,49.5,,Karnataka,
2435,2436,TagBox,Technology,Bengaluru,"Indian angel network, Ian fund",Seed Funding,0.0,,Karnataka,
2436,2437,Tagos Design,Technology,Bengaluru,Undisclosed investors,Private Equity,41.25,,Karnataka,
2437,2438,Tails Life,Consumer Internet,Bengaluru,V balakrishnan.,Private Equity,0.0,,Karnataka,
2438,2439,TalentEdge,Technology,Bengaluru,Lumis partners,Private Equity,62.7,,Karnataka,
2439,2440,Tata Housing,Real Estate,Mumbai,Hines,Private Equity,189.75,,Maharashtra,
2440,2441,TaxSutra,FinTech,Pune,"Tv mohandas pai, V balakrishnan, Pv srinivasan",Seed Funding,3.02,,Maharashtra,
2441,2442,Tea Box,E-Commerce,Bengaluru,Rb investments,Private Equity,57.75,,Karnataka,
2442,2443,Telr,Technology,Mumbai,Innovations east,Private Equity,24.75,,Maharashtra,
2443,2444,TempGo,Technology,Goa,Javelin startupo victory fund,Seed/Angel Funding,2.06,,Goa,
2444,2445,TempoGo,Technology,Panaji,K2 capital,Seed Funding,6.81,,Goa,
2445,2446,TestBook,EdTech,Mumbai,Matrix partners india,Private Equity,0.0,,Maharashtra,
2446,2447,The Good Life,E-Commerce,Mumbai,"Ayesha takia azmi, Abu farhan azmi",Seed Funding,8.25,,Maharashtra,
2447,2448,The Ken,Consumer Internet,Bengaluru,"Aprameya radhakrishna, Deepak natraj, Girish mathrubootham, Mahesh murthy, Pallav nadhani, Pavan ongole, Sandeep mathur, Vijay shekhar sharma & others",Seed Funding,3.3,,Karnataka,
2448,2449,The Label Life,E-Commerce,Mumbai,Kalpvriksh,Private Equity,25.58,,Maharashtra,
2449,2450,The Moms Co,E-Commerce,Gurugram,"Dsg consumer partners, Saama capital",Private Equity,8.25,,Haryana,
2450,2451,The Mons Co.,E-Commerce,Delhi,"Shripad nadkarni, Nandu nandkishore",Seed Funding,0.0,,Delhi,
2451,2452,The Office Pass,Consumer Internet,Gurugram,"Arun tadanki, Aditya verma",Seed Funding,2.02,,Haryana,
2452,2453,The Print,Media,Delhi,"Ratan tata, Nandan nilekani, Uday kotak, Vijay shekhar sharma, Kiran mazumdar-shaw, Rajiv c mody",Seed Funding,0.0,,Delhi,
2453,2454,ThinkerBell,Consumer Internet,Bengaluru,"Indian angel network, Anand mahindra",Seed Funding,1.65,,Karnataka,
2454,2455,ThirdWatch,Technology,Gurugram,"Rahul agarwalla, Keshav sanghi, Batlivala & karani securities",Seed Funding,0.0,,Haryana,
2455,2456,TicketNew,Consumer Internet,Chennai,Alibaba pictures,Private Equity,288.75,,Tamil Nadu,
2456,2457,Tilite Technologies Pvt. Ltd,Technology,Bengaluru,Matrix partners,Seed Funding,0.0,,Karnataka,
2457,2458,Timesaverz,Consumer Internet,Mumbai,Bccl,Private Equity,8.25,,Maharashtra,
2458,2459,Tinmen,Consumer Internet,Hyderabad,"Mape advisory group, R ramaraj, Corvus ventures",Seed Funding,0.0,,Telangana,
2459,2460,TinyStep,Consumer Internet,Bengaluru,Flipkart,Private Equity,16.5,,Karnataka,
2460,2461,Tonbo Imaging,Technology,Bengaluru,"Wrv capital, Qualcomm ventures, Edelweiss private equity, Artiman ventures",Private Equity,140.25,,Karnataka,
2461,2462,Toppr,EdTech,Mumbai,"Saif partners, Helion ventures, Fil capital management",Private Equity,57.75,,Maharashtra,
2462,2463,Toppr,EdTech,Mumbai,Wgg international,Private Equity,26.4,,Maharashtra,
2463,2464,TouchKin,Technology,Bengaluru,Kae capital,Private Equity,10.73,,Karnataka,
2464,2465,TownScript,Consumer Internet,Pune,Bookmyshow,Private Equity,0.0,,Maharashtra,
2465,2466,Transerve,Healthcare,Mumbai,"Il&fs investment managers, Omidyar network.",Private Equity,13.2,,Maharashtra,
2466,2467,Transversal Technologies,Technology,Bengaluru,Matrix partners,Private Equity,49.5,,Karnataka,
2467,2468,Travel Triangle,Consumer Internet,Noida,"Rb investments, Saif partners, Bessemer venture partners",Private Equity,82.5,,Uttar Pradesh,
2468,2469,TravelSpice,E-Commerce,Hyderabad,Eagle10 ventures,Seed Funding,0.0,,Telangana,
2469,2470,Treebo,Consumer Internet,Bengaluru,"Ward ferry management and karst peak capital,",Private Equity,280.5,,Karnataka,
2470,2471,Tripeur,IT,Bengaluru,"Grace grace techno ventures llp, Rajul garg & other undisclosed investors",Seed Funding,0.0,,Karnataka,
2471,2472,True Balance,Healthcare,Gurugram,"Softbank ventures korea, Imm investment",Private Equity,123.75,,Haryana,
2472,2473,Truebil,Automotive,Mumbai,Shunwei capital,Private Equity,24.75,,Maharashtra,
2473,2474,Trukky,Logistics,Ahmedabad,"Keyur joshi, Pavan bakeri",Seed Funding,4.13,,Gujarat,
2474,2475,Trupay,Technology,Gurugram,"Kae capital, M&s partners,",Seed Funding,5.78,,Haryana,
2475,2476,TruxApp,Logistics,Delhi,"Venugopal dhoot, Ajay bhatia, Tarun khandelwal, Ganpat singhvi, Mandhian family & others",Seed Funding,25.58,,Delhi,
2476,2477,Twenty Two Motors,Technology,Haryana,"Ishwar singh, Farhaan shabbir",Seed Funding,0.0,,Haryana,
2477,2478,Tydy,Technology,Bengaluru,"Bhupen shah, Jayesh parekh, Sanjay sathe",Seed Funding,2.27,,Karnataka,
2478,2479,Tyre Express,Technology,Mumbai,Ivycamp ventures,Seed Funding,0.0,,Maharashtra,
2479,2480,Uactive,Consumer Internet,Mumbai,Hinduja family,Seed Funding,0.0,,Maharashtra,
2480,2481,UCLID,Technology,Hyderabad,Undisclosed investors,Seed Funding,1.94,,Telangana,
2481,2482,Unacademy,Consumer Internet,Mumbai,"Sequoia capital india, Saif partners, Nexus venture partners and blume ventures,",Private Equity,94.88,,Maharashtra,
2482,2483,Unacademy,Consumer Internet,Bengaluru,"Nexus venture partners, Blume ventures",Private Equity,37.13,,Karnataka,
2483,2484,UnboxRobotics Labs,Robotics,Bengaluru,Eight roads ventures,Private Equity,103.13,,Karnataka,
2484,2485,Uncanny Vision,Technology,Bengaluru,Anand chandrasekaran,Seed Funding,0.0,,Karnataka,
2485,2486,Uniphore,Technology,Chennai,Idg ventures,Private Equity,56.1,,Tamil Nadu,
2486,2487,Universal Sportsbiz,Sports,Bengaluru,Accel partners,PrivateEquity,123.75,,Karnataka,
2487,2488,Upwards,FinTech,Mumbai,"Sreeram iyer, Suvo sarkar, Anita gupta, Likemind ventures",Seed Funding,0.0,,Maharashtra,
2488,2489,Urban Ladder,E-Commerce,Bengaluru,"Kalaari capital, Saif partners, Steadview capital, Sequoia capital",Private Equity,125.4,,Karnataka,
2489,2490,UrbanClap,Services,Gurugram,"Vy capital, Saif partners, Accel partner, Bessemer venture partners",Private Equity,173.25,,Haryana,
2490,2491,UrbanClap,Services,Gurugram,Trifecta capital,Private Equity,25.58,,Haryana,
2491,2492,V Resorts,Consumer Internet,Noida,"Seedfund, Rb international",Private Equity,33.0,,Uttar Pradesh,
2492,2493,Vagupu,Technology,Bengaluru,Undisclosed investors,Seed Funding,8.25,,Karnataka,
2493,2494,Vahdam Teas,E-Commerce,Delhi,"Singapore angel network, Mumbai angel",Private Equity,12.38,,Delhi,
2494,2495,Vahdam Teas,E-Commerce,Delhi,"Mumbai angels network, Fireside ventures, Singapore angel network",Seed Funding,5.36,,Delhi,
2495,2496,Vanitycask,Consumer Internet,Mumbai,Rb investments,Seed Funding,0.0,,Maharashtra,
2496,2497,Vayana,Technology,Pune,"Idg ventures india advisors, Jungle ventures",Private Equity,33.0,,Maharashtra,
2497,2498,VDeliver,Logistics,Hyderabad,"Corvus ventures, Mape advisory group",Private Equity,0.0,,Telangana,
2498,2499,Vebbler,Consumer Internet,Bengaluru,Facebook fbstart,Seed Funding,0.33,,Karnataka,
2499,2500,Vernacular.ai,Technology,Bengaluru,Kstart capital,Seed Funding,0.0,,Karnataka,
2500,2501,Video Ken,Consumer Internet,Bengaluru,"Ravi garikipati, Surot chatterjee, Ashish agrawal, Lg chandrasekhar, Sashi reddi",Seed Funding,8.25,,Karnataka,
2501,2502,Vidooly,Entertainment,Noida,"Times internet, Gvfl",Private Equity,11.55,,Uttar Pradesh,
2502,2503,Vista Rooms,Consumer Internet,Mumbai,"Artha india ventures, Singularity holdings, Rajan anandan, Girish mathrubootham",Seed Funding,6.4,,Maharashtra,
2503,2504,Vogo,Consumer Internet,Bengaluru,Av thomas group,Seed Funding,0.0,,Karnataka,
2504,2505,Voonik,E-Commerce,Bengaluru,"Rb investments, Sequoia capital",Private Equity,49.5,,Karnataka,
2505,2506,Vow Car Clinic,Consumer Internet,Gurugram,Vishal malik,Seed Funding,0.0,,Haryana,
2506,2507,Voxweb,Technology,Mumbai,Undisclosed investors,Seed Funding,8.25,,Maharashtra,
2507,2508,Wandertrails,Consumer Internet,Bengaluru,Earlsfield capital,Seed Funding,8.25,,Karnataka,
2508,2509,Wassup,Internet,Chennai,Anil jain & other hnis,Private Equity,26.4,,Tamil Nadu,
2509,2510,WayCool,AgriTech,Chennai,Aspada investments,Private Equity,22.28,,Tamil Nadu,
2510,2511,wayForward,Consumer Internet,Delhi,"Harsh mahajan, Farhan naqvi, Sreepathy viswanathan",Seed Funding,8.25,,Delhi,
2511,2512,WeAreHolidays,Consumer Internet,Gurugram,"Urrshila kerkar,",Private Equity,63.53,,Haryana,
2512,2513,Weddingz,Consumer Internet,Mumbai,Singularity ventures,Private Equity,8.25,,Maharashtra,
2513,2514,WeDoSky,Technology,Delhi,Mumbai angels network,Private Equity,0.0,,Delhi,
2514,2515,Whatfix,Technology,Bengaluru,"Stellaris venture partners, Helion venture partners, Powerhouse ventures, Gokul rajaram, Girish mathrubootham, Aneesh reddy, Vispi daver",Private Equity,30.44,,Karnataka,
2515,2516,WhatsLoan,Consumer Internet,Bengaluru,Lahiri music's family office,Seed Funding,0.0,,Karnataka,
2516,2517,WheelStreet,Consumer Internet,Bengaluru,Y combinator,Seed Funding,0.99,,Karnataka,
2517,2518,Whodat,Technology,Bengaluru,Ideaspring capital,Private Equity,4.95,,Karnataka,
2518,2519,Wigzo,Technology,Delhi,3one4 capital,Private Equity,0.0,,Delhi,
2519,2520,Wishberry,Finance,Mumbai,"Sharad sharma, Rajan anandan,  amit ranjan, Alok mittal & others",Seed Funding,0.0,,Maharashtra,
2520,2521,WittyFeed,Technology,Indore,"Anand chandrasekaran, Apurva chamaria, Ritesh malik, Ashish toshniwal, Ajeet khurana",Seed Funding,0.0,,Madhya Pradesh,
2521,2522,WonderChef,E-Commerce,Mumbai,Labruyere eberle,Private Equity,0.0,,Maharashtra,
2522,2523,Wooplr,E-Commerce,Bengaluru,"Sistema asia fund, Amereus group, Helion ventures",Private Equity,66.0,,Karnataka,
2523,2524,Wooplr,E-Commerce,Bengaluru,Ankit nagori,Private Equity,0.0,,Karnataka,
2524,2525,Wowflux,Technology,Delhi,Undisclosed investors,Seed Funding,0.0,,Delhi,
2525,2526,Wydr,E-Commerce,Gurugram,"Bessemer venture partners, Stellaris venture partners, Jungle venture partners, Axis capital",Private Equity,0.0,,Haryana,
2526,2527,Xprep,Consumer Internet,Delhi,"Rising stars, Manish amin, Pallav pandey, Chavi jafa",Private Equity,0.0,,Delhi,
2527,2528,Yaantra,IT,Delhi,Carpediem capital,Private Equity,25.58,,Delhi,
2528,2529,Yatra,E-Commerce,Gurugram,Innoven capital india,Debt Funding,127.05,,Haryana,
2529,2530,YepMe,Personal Care,Gurugram,"Rainbow digital services pvt. ltd, Ilearnfinance academy pvt. ltd.",Private Equity,5.78,,Haryana,
2530,2531,YepMe,Personal Care,Gurugram,Gokaldas exports ltd,Private Equity,0.0,,Haryana,
2531,2532,Yolo,Healthcare,Gurugram,Chandigarh angels network (can),Seed Funding,0.0,,Haryana,
2532,2533,Yostra,Technology,Bengaluru,"Marico innovation foundation (mif), Villgro",Private Equity,0.0,,Karnataka,
2533,2534,Your Quote,Technology,Bengaluru,"Axilor ventures, E-city ventures atul goel",Private Equity,8.25,,Karnataka,
2534,2535,YourStory,Media,Bengaluru,"Kalaari capital partners, Qualcomm, 3one4 capital advisors, Uc-rnt",Private Equity,24.75,,Karnataka,
2535,2536,Zapr,Technology,Bengaluru,Star india pvt ltd,Private Equity,82.5,,Karnataka,
2536,2537,Zapty,Technology,Bengaluru,Ideaspring capital,Seed Funding,4.13,,Karnataka,
2537,2538,Zapyle,E-Commerce,Bengaluru,Undisclosed investors,Seed Funding,0.0,,Karnataka,
2538,2539,Zefo,E-Commerce,Bengaluru,"Sequoia india, Helion venture partners, Beenext",Private Equity,75.9,,Karnataka,
2539,2540,Zenatix,IoT,Gurugram,"Pi ventures, Blume ventures",Private Equity,9.9,,Haryana,
2540,2541,Zepo,Consumer Internet,Mumbai,"Kunal shah, Letsventure, Anupam mittal, Hetal sonpal",Seed Funding,4.13,,Maharashtra,
2541,2542,ZestMoney,FinTech,Bengaluru,"Payu, Ribbit capital, Omidyar network",Private Equity,53.63,,Karnataka,
2542,2543,ZingHR,Technology,Mumbai,Zeta,Private Equity,0.0,,Maharashtra,
2543,2544,ZipGo,Consumer Internet,Bengaluru,"Orios ventures partners, Team builder ventures, Omidyar networks",Private Equity,0.0,,Karnataka,
2544,2545,ZipGrid,Consumer Internet,Mumbai,"Jll, 1crowd",Seed Funding,4.13,,Maharashtra,
2545,2546,ZipLoan,Consumer Internet,Delhi,"Matrix partners india, Waterbridge ventures, Whiteboard capital, Sarbvir singh",Private Equity,24.75,,Delhi,
2546,2547,ZipLoan,Consumer Internet,Delhi,Waterbridge ventures,Seed Funding,5.36,,Delhi,
2547,2548,ZippServe,Consumer Internet,Bengaluru,Undisclosed investors,Seed Funding,3.22,,Karnataka,
2548,2549,Zoctr,Healthcare,Mumbai,Sidbi,Private Equity,0.0,,Maharashtra,
2549,2550,ZoloStays,Real Estate,Bengaluru,"Nexus venture partners, Innoven capital",Private Equity,41.25,,Karnataka,
2550,2551,&ME,Food,Bengaluru,,Seed,0.0,,Karnataka,
2551,2552,19th mile,IT,Gurugram,"Rishi vasudev, Excelsior investments, Ritesh vohra, Praveer kumar, Prashant gupta and others",Seed/ Angel Funding,1.49,,Haryana,
2552,2553,1Crowd,Crowdfunding,Mumbai,,Angel,0.35,,Maharashtra,
2553,2554,1mg,Healthcare,Gurugram,"Sequoia capital, Maverick capital ltd and hbm healthcare investments ltd",Private Equity,82.5,,Haryana,
2554,2555,5th Vital,Healthcare,Bengaluru,Brand capital and others,Seed/ Angel Funding,4.13,,Karnataka,
2555,2556,6Degree,Networking,Mumbai,,Seed,0.04,,Maharashtra,
2556,2557,9stacks,Software,Delhi,,Series A,28.0,,Delhi,
2557,2558,A&R Bon Vivants,Food,Jaipur,"Rb investments, Singapore",Equity,8.25,,Rajasthan,
2558,2559,Aarav Unmanned Systems,Delivery,Bengaluru,,Seed,0.0,,Karnataka,
2559,2560,Aashiyaan,Finance,Kolkata,"Insistor, Oikocredit",Seed/ Angel Funding,16.5,,West Bengal,
2560,2561,Aashiyaan,Finance,Kolkata,,Seed,13.5,,West Bengal,
2561,2562,Aavas Financiers,Finance,Jaipur,,Post-IPO Debt,200.0,,Rajasthan,
2562,2563,Aavishkaar-Intellecap Group,Finance,Mumbai,Teachers insurance and annuity association (tiaa),Equity Based Funding,255.75,,Maharashtra,
2563,2564,Acko,FinTech,Mumbai,"Amazon, Ashish dhawan, Catamaran ventures, Nr narayana murthy.",Seed/ Angel Funding,99.0,,Maharashtra,
2564,2565,Acko,FinTech,Mumbai,,Series A,1.2,,Maharashtra,
2565,2566,Ad2pro,Technology,Chennai,Avendus finance pvt. ltd,Debt Funding,80.03,,Tamil Nadu,
2566,2567,Adiuvo Diagnostics,Healthcare,Chennai,,Seed,0.0,,Tamil Nadu,
2567,2568,AEON Learning,Technology,Bengaluru,Dr. ranjan pai,Private Equity,26.4,,Karnataka,
2568,2569,AgNext Technologies,Agriculture,Mohali,,Series A,0.0,,Punjab,
2569,2570,Agricxlab,AgriTech,Thane,Ankur capital,Seed / Angel Funding,4.13,,Maharashtra,
2570,2571,Agricxlab,AgriTech,Thane,,Seed,0.05,,Maharashtra,
2571,2572,Aldopay,FinTech,Chennai,,Seed,0.0,,Tamil Nadu,
2572,2573,Alpha Capital,Finance,Mumbai,Alpha capital,Private Equity,122.1,,Maharashtra,
2573,2574,alphaics Corporation,Cloud Tech,Bengaluru,,Seed,0.0,,Karnataka,
2574,2575,Ambee,Healthcare,Bengaluru,,Angel,0.0,,Karnataka,
2575,2576,Anchanto,IT,Pune,Mdi ventures & telkom indonesia,Private Equity,33.0,,Maharashtra,
2576,2577,Annapurna Finance,Finance,Bhubaneswar,Oman india joint investment fund (oijif),Private Equity,189.75,,Odisha,
2577,2578,Antariksh Waste Ventures Pvt ltd,IoT,Chennai,,Seed,0.05,,Tamil Nadu,
2578,2579,Any time Doctor,Healthcare,Chennai,,Angel,0.0,,Tamil Nadu,
2579,2580,APAC Financial Services,Finance,Mumbai,,Private Equity,250.0,,Maharashtra,
2580,2581,Appario Retail Pvt Ltd.,E-Commerce,Delhi,Amazon-patni jv,Private Equity,155.43,,Delhi,
2581,2582,AppWharf,AI,Delhi,,Seed,0.0,,Delhi,
2582,2583,Arogya MedTech,Healthcare,Kolkata,,Seed,1.5,,West Bengal,
2583,2584,artbandhu,Media,Bengaluru,,Pre-Seed,0.0,,Karnataka,
2584,2585,Articbot,AI,Kannur,,Grant,0.12,,Kerala,
2585,2586,Arzooo,Electronics,Bengaluru,,Seed,1.5,,Karnataka,
2586,2587,Asia Institute Of Medical Science,Healthcare,Faridabad,Cdc group plc,Private Equity,173.25,,Haryana,
2587,2588,Asset Reconstruction Company (India) Ltd.,Finance,Mumbai,,Secondary Market,0.0,,Maharashtra,
2588,2589,Asteria Aerospace,Aerospace,Bengaluru,,Seed,0.0,,Karnataka,
2589,2590,AuthMetrik,B2B,Gurugram,,Grant,0.0,,Haryana,
2590,2591,AutoGrid,Technology,Bengaluru,"Clp holdings group, Innogy, Orstead, And tenaska",Private Equity,264.0,,Karnataka,
2591,2592,Avail Finance,FinTech,Bengaluru,,Series A,1.72,,Karnataka,
2592,2593,AvailFinance,FinTech,Bengaluru,"Matrix partners, Bhavish aggarwal, Ankit bhati, Binny bansal, Kunal shah and manish patel.",Private Equity,141.9,,Karnataka,
2593,2594,Avenue Growth,Consumer Internet,Gurugram,"Avtar monga, Chief operating office at idfc bank, Aditya malik & others",Seed/ Angel Funding,3.61,,Haryana,
2594,2595,Avenues Payments India Pvt. Ltd.,Finance,Mumbai,,Corporate Round,0.13,,Maharashtra,
2595,2596,Aviom India Housing Finance,Finance,Delhi,,Series A,15.0,,Delhi,
2596,2597,Avishkaar Box,Education,Delhi,Auxano deals,Private Equity,6.37,,Delhi,
2597,2598,Avishkaar Box,Education,Delhi,,Seed,5.0,,Delhi,
2598,2599,Awaaz De,Communication,Ahmedabad,Tribe impact capital llp,Seed / Angle Funding,0.0,,Gujarat,
2599,2600,Awign Enterprises,B2B,Bengaluru,,Seed,5.0,,Karnataka,
2600,2601,Axio,Healthcare,Bengaluru,Rnt capital,Private Equity,61.05,,Karnataka,
2601,2602,Aye Finance,Finance,Gurugram,Ifmr capital,Term Loan,51.48,,Haryana,
2602,2603,Aye Finance,Finance,Gurugram,,Debt Financing,7.2,,Haryana,
2603,2604,AyeFinance,Finance,Gurugram,"Capitalg, Saif partners and lgt impact ventures",Private Equity,177.38,,Haryana,
2604,2605,AyeFinance,Finance,Gurugram,"Blueorchard finance ltd, Hinduja leyland finance and intellegrow",Debt Funding,37.95,,Haryana,
2605,2606,AyeFinance,Finance,Gurugram,"Hinduja leyland finance, Intellegrow",Private Equity,31.35,,Haryana,
2606,2607,Azure Power,Energy,Delhi,,Post-IPO Equity,18.5,,Delhi,
2607,2608,BabyChakra,Consumer Internet,Mumbai,,Series B,0.0,,Maharashtra,
2608,2609,Backpacker Panda Holidays Private Limited,Travel,Pune,,Series A,0.14,,Maharashtra,
2609,2610,Be U Salons,Personal Care,Delhi,,Seed,3.0,,Delhi,
2610,2611,Belstar Investment and Finance Private Limited,Finance,Chennai,,Venture - Series Unknown,2.8,,Tamil Nadu,
2611,2612,Benepik,Technology,Gurugram,,Seed,0.0,,Haryana,
2612,2613,Betterplace,Services,Bengaluru,,Series A,0.3,,Karnataka,
2613,2614,BhaskarGuru,Technology,Bhopal,,Seed,0.0,,Madhya Pradesh,
2614,2615,Big Basket,E-Commerce,Bengaluru,"Alibaba, Helion venture partners, Bessemer venture partners, Ascent capital",Private Equity,2475.0,,Karnataka,
2615,2616,BIGPHI TECHNOLOGIES PVT. LTD.,Personal Care,Bengaluru,,Angel,0.0,,Karnataka,
2616,2617,Billdesk,FinTech,Ahmedabad,,Venture - Series Unknown,0.0,,Gujarat,
2617,2618,Biryani By Kilo,Food,Noida,,Seed,0.1,,Uttar Pradesh,
2618,2619,Biryani By Kilo,Food,Gurugram,Ajay relan and vinay mittal,Seed/ Angel Funding,8.25,,Haryana,
2619,2620,Bitla Software,Technology,Bengaluru,Makemytrip,Private Equity,0.0,,Karnataka,
2620,2621,BizCrum Infotech Pvt. Ltd.,B2B,Delhi,,Seed,0.0,,Delhi,
2621,2622,Bizongo,B2B,Mumbai,"B capital, International finance corporation (ifc), Accel partners and idg ventures",Private Equity,181.5,,Maharashtra,
2622,2623,Black Soil,Finance,Mumbai,"Allcargo logistics, Navneet education and mahavir agency",Private Equity,140.25,,Maharashtra,
2623,2624,Blackbuck,Logistics,Bengaluru,,Series D,203.0,,Karnataka,
2624,2625,Blackbuck,Logistics,Bengaluru,Sequoia capital india,Private Funding,121.11,,Karnataka,
2625,2626,Blackbuck,Logistics,Bengaluru,Tiger global,Series A,8.25,,Karnataka,
2626,2627,BlueJack,Automotive,Delhi,,Seed,6.4,,Delhi,
2627,2628,Blueleaf Cyberspace Systems,Internet,Bengaluru,,Seed,0.0,,Karnataka,
2628,2629,Bombay Shaving,Personal Care,Delhi,,Series A,0.0,,Delhi,
2629,2630,Bon(Bonfleet Solutions),FinTech,Pune,,Seed,7.8,,Maharashtra,
2630,2631,Bonphul Air Products,Energy,Delhi,,Angel,2.0,,Delhi,
2631,2632,Bonphulapl,Food,Delhi,Atul gupta and saurabh rastogi,Seed/ Angel Funding,2.42,,Delhi,
2632,2633,Boodmo,Automotive,Gurugram,,Seed,7.0,,Haryana,
2633,2634,Book My Show,Consumer Internet,Mumbai,"Tpg growth, The rise fund & others",Private Equity,825.0,,Maharashtra,
2634,2635,Bounce,Transportation,Bengaluru,,Debt Financing,0.3,,Karnataka,
2635,2636,BrowserStack,Technology,Mumbai,Accel partners,Private Equity,412.5,,Maharashtra,
2636,2637,Buddy4studdy,Careers,Noida,Cba capital and others,Private Equity,24.75,,Uttar Pradesh,
2637,2638,Buddy4studdy,Careers,Noida,,Series A,0.3,,Uttar Pradesh,
2638,2639,Bugworks,BioTech,Bengaluru,,Series A,0.9,,Karnataka,
2639,2640,BuildSupply,IT,Gurugram,"Venture highway, Gree ventures, Space matrix, Individual investors",Series A,28.88,,Haryana,
2640,2641,BuildSupply,IT,Gurugram,,Series A,25.0,,Haryana,
2641,2642,BuyForexOnline,Travel,Bengaluru,,https://docs.google.com/spreadsheets/d/1x9ziNeaz6auNChIHnMI8U6kS7knTr3byy_YBGfQaoUA/edit#gid=1861303593,0.2,,Karnataka,
2642,2643,BYJU'S,EdTech,Bengaluru,,Private Equity,0.0,,Karnataka,
2643,2644,Capillary,IT,Bengaluru,"Wargburg pincus, Sequoia",Private Equity,165.0,,Karnataka,
2644,2645,Capital Float,Finance,Bengaluru,Amazon,Private Equity,181.5,,Karnataka,
2645,2646,Carcrew,Automotive,Mumbai,,Seed,0.2,,Maharashtra,
2646,2647,CarDekho,Automotive,Gurugram,,Series C,7.5,,Haryana,
2647,2648,Career Anna,Careers,Gurugram,Individual investors,Pre-Series A,4.72,,Haryana,
2648,2649,Career Anna,Careers,Bengaluru,,Seed,4.0,,Karnataka,
2649,2650,Carmel Organics,AgriTech,Indore,,Series A,0.0,,Madhya Pradesh,
2650,2651,Carmesi,Healthcare,Gurugram,,Seed,3.4,,Haryana,
2651,2652,CARS25,Automotive,Gurugram,"Kingsway fci fund, Kck global & others",Private Equity,410.03,,Haryana,
2652,2653,Cash Suvidha,Finance,Delhi,"Initia holdings, Vipin agarwal and others.",Seed / Angel Funding,8.25,,Delhi,
2653,2654,Cash Suvidha,Finance,Delhi,,Seed,0.1,,Delhi,
2654,2655,Cashify,FinTech,Gurugram,Trifecta capital,Debt Funding,7.71,,Haryana,
2655,2656,Cashkumar,FinTech,Bengaluru,Letsventure,Seed/ Angel Funding,6.06,,Karnataka,
2656,2657,Cashkumar,FinTech,Bengaluru,,Seed,5.0,,Karnataka,
2657,2658,CashRich,FinTech,Mumbai,,Seed,0.0,,Maharashtra,
2658,2659,Cell Propulsion,Aerospace,Bengaluru,,Seed,0.7,,Karnataka,
2659,2660,Cellerite Systems,Transportation,Hyderabad,,Seed,0.0,,Telangana,
2660,2661,Chaayos,Food,Delhi,,Series B,81.0,,Delhi,
2661,2662,Chai Kings,Food,Chennai,,Seed,2.0,,Tamil Nadu,
2662,2663,Chakr Innovation,Technology,Delhi,,Seed,0.0,,Delhi,
2663,2664,Charcoal Eats,Food,Mumbai,,Seed,5.0,,Maharashtra,
2664,2665,Chargebee,Technology,Chennai,"Insight venture partners, Accel partners and tiger global management.",Private Equity,148.5,,Tamil Nadu,
2665,2666,Chariot Tech,IoT,Delhi,,Seed,2.0,,Delhi,
2666,2667,Chezuba,Internet,Bengaluru,,Angel,0.14,,Karnataka,
2667,2668,Chizel,Design,Pune,,Seed,0.0,,Maharashtra,
2668,2669,Chrysalis,EdTech,Pune,Menterra venture & artha initiatives,Seed/ Angel Funding,0.0,,Maharashtra,
2669,2670,Chrysalis (EZ Vidya),Education,Chennai,,Seed,0.0,,Tamil Nadu,
2670,2671,Chtrbox,Media,Mumbai,,Angel,1.0,,Maharashtra,
2671,2672,CivilCops,Technology,Gurugram,,Pre-Seed,0.0,,Haryana,
2672,2673,Classworks India,Education,Chennai,,,0.01,,Tamil Nadu,
2673,2674,CleanseCar,Services,Bengaluru,Venture catalysts,Seed/ Angel Funding,4.13,,Karnataka,
2674,2675,CleanseCar,Services,Bengaluru,,Angel,3.5,,Karnataka,
2675,2676,Cleardekho,Internet,Ghaziabad,,Venture - Series Unknown,0.0,,Uttar Pradesh,
2676,2677,ClearTax,FinTech,Delhi,,Series B,400.0,,Delhi,
2677,2678,Clensta,BioTech,Delhi,,Seed,0.0,,Delhi,
2678,2679,CleverTap,Technology,Mumbai,"Recruit holdings, Sequoia capital india, Accel partners",Angel / Seed Funding,0.0,,Maharashtra,
2679,2680,Cloudnine Hospitals,Healthcare,Bengaluru,,Private Equity,0.0,,Karnataka,
2680,2681,CloudSek,IT,Bengaluru,,Seed,14.0,,Karnataka,
2681,2682,CLP India Pvt. Ltd.,Energy,Mumbai,,Private Equity,36.5,,Maharashtra,
2682,2683,Cogoport,Transportation,Mumbai,,Series A,0.6,,Maharashtra,
2683,2684,CoinGeto,FinTech,Delhi,,Seed,12.0,,Delhi,
2684,2685,CoinTribe,Finance,Gurugram,"Sabre partners, Puneet dalmia & others",Private Equity,82.5,,Haryana,
2685,2686,Colive.in,Hospitality,Bengaluru,,Seed,0.18,,Karnataka,
2686,2687,CollegeDekho,EdTech,Gurugram,"Man capital llp, Girnar software, Others",Private Equity,16.5,,Haryana,
2687,2688,CollPoll,Consumer Internet,Bengaluru,,Seed,0.0,,Karnataka,
2688,2689,Connect India,Logistics,Delhi,,Angel,0.0,,Delhi,
2689,2690,Corefactors,Marketing,Bengaluru,,Seed,0.0,,Karnataka,
2690,2691,Coutloot,E-Commerce,Mumbai,,Seed,0.1,,Maharashtra,
2691,2692,CoverFox,FinTech,Mumbai,"International finance corporation, Transamerica and others.",Private Equity,181.5,,Maharashtra,
2692,2693,CoverFox,FinTech,Mumbai,Aegon nv,Private Equity,62.7,,Maharashtra,
2693,2694,Creator’s Gurukul,Education,Gurugram,,Angel,0.0,,Haryana,
2694,2695,Cred,FinTech,Bengaluru,,Seed,0.0,,Karnataka,
2695,2696,Creditas Solutions,Finance,Gurugram,,Seed,0.0,,Haryana,
2696,2697,Credright,Consumer Internet,Hyderabad,"Accion venture lab, Yournest venture capital and other angel investors",Seed/ Angel Funding,10.73,,Telangana,
2697,2698,Credy,IT,Bengaluru,"Y combinator, Khosla ventures, Vy capital and others",Seed / Angel Funding,11.55,,Karnataka,
2698,2699,Credy,IT,Bengaluru,,Seed,0.14,,Karnataka,
2699,2700,Cricnwin,Entertainment,Gurugram,,Seed,0.0,,Haryana,
2700,2701,CropIn Technologies,Technology,Bengaluru,,Series B,58.0,,Karnataka,
2701,2702,Crowdera,Finance,Nagpur,"Anil advani, Pramod jain, Amrendra reddy and manish satnaliwala.",Seed/ Angel Funding,0.0,,Maharashtra,
2702,2703,Cube,FinTech,Mumbai,,Series A,14.0,,Maharashtra,
2703,2704,CureFit,Healthcare,Bengaluru,"Idg ventures, Accel partners, Kalaari capital and others",Private Equity,990.0,,Karnataka,
2704,2705,CureFit,Healthcare,Bengaluru,"Hdfc bank, Axis bank",Debt Funding,82.5,,Karnataka,
2705,2706,CustomerSucessBox,Technology,Gurugram,"Pi ventures, Axilor ventures",Seed / Angel Funding,8.25,,Haryana,
2706,2707,Cyclops Medtech,Healthcare,Bengaluru,,Seed,0.1,,Karnataka,
2707,2708,DAAKI,E-Commerce,Bengaluru,Rohan agila,Angel / Seed Funding,0.0,,Karnataka,
2708,2709,Daaki,Healthcare,Bengaluru,,Angel,0.0,,Karnataka,
2709,2710,Daily Ninja,Consumer Internet,Bengaluru,Saama capital and sequoia capital,Seed/ Angel Funding,24.75,,Karnataka,
2710,2711,DailyHunt,Media,Bengaluru,Falcon edge,Private Equity,52.72,,Karnataka,
2711,2712,DailyHunt,Media,Bengaluru,,Series E,0.6,,Karnataka,
2712,2713,DailyNinja,E-Commerce,Bengaluru,,Series A,0.0,,Karnataka,
2713,2714,Dainik Jagran,Media,Kanpur,,Seed,4.0,,Uttar Pradesh,
2714,2715,DataTrained,EdTech,Bengaluru,,Seed,12.0,,Karnataka,
2715,2716,Dee Dee Labs,Healthcare,Pune,,Seed,0.0,,Maharashtra,
2716,2717,Deftouch,Technology,Bengaluru,,Seed,0.0,,Karnataka,
2717,2718,Design Cafe,Design,Bengaluru,,Series B,200.0,,Karnataka,
2718,2719,Detect Technologies,AI,Chennai,,Series A,0.0,,Tamil Nadu,
2719,2720,DheeYantra Research Labs,AI,Bengaluru,,Seed,0.0,,Karnataka,
2720,2721,Digiconectt,Technology,Bengaluru,Aspire logistics llc,Seed/ Angel Funding,1.03,,Karnataka,
2721,2722,Digiconectt,Technology,Bengaluru,,Seed,0.01,,Karnataka,
2722,2723,Digit,Technology,Bengaluru,Fairfax,Private Equity,371.25,,Karnataka,
2723,2724,dishq,Food,Bengaluru,"Farm to fork, Arts alliance, The syndicate fund, Sven hensen, Zeroth and artesian venture partners",Seed/ Angel Funding,3.3,,Karnataka,
2724,2725,dishq,Food,Bengaluru,,Seed,0.04,,Karnataka,
2725,2726,Disprz,EdTech,Chennai,"Il&fs private equity, Kae capital & others",Seed / Angel Funding,20.63,,Tamil Nadu,
2726,2727,Disprz,EdTech,Chennai,,Debt Financing,0.04,,Tamil Nadu,
2727,2728,DocPrime,Healthcare,Haryana,,Funding Round,5.0,,Haryana,
2728,2729,docturnal,Healthcare,Hyderabad,,Seed,0.0,,Telangana,
2729,2730,DoodhWala,Delivery,Bengaluru,,Seed,0.22,,Karnataka,
2730,2731,Doubtnut,EdTech,Gurugram,,Seed,3.5,,Haryana,
2731,2732,Doxper,Healthcare,Mumbai,Vidal healthcare,Seed / Angel Funding,15.68,,Maharashtra,
2732,2733,Doxper,Healthcare,Mumbai,,Seed,7.2,,Maharashtra,
2733,2734,Dream11,Sports,Mumbai,"Tencent, Kalaari capital and private equity firm multiples alternate asset management",Private Equity,825.0,,Maharashtra,
2734,2735,Dream11,Sports,Mumbai,,Series D,10.0,,Maharashtra,
2735,2736,Drip capital,Finance,Mumbai,"Accel partners, Sequoia india, Y combinator and others.",Private Equity,123.75,,Maharashtra,
2736,2737,DriveU,Transportation,Bengaluru,Amit singhal and unitus seed fund,Private Equity,24.75,,Karnataka,
2737,2738,DriveU,Transportation,Bengaluru,Stevens creek ventures,Mezzanine,8.25,,Karnataka,
2738,2739,DriveU,Transportation,Bengaluru,,Venture - Series Unknown,7.0,,Karnataka,
2739,2740,Drivezy,Transportation,Bengaluru,,Debt Financing,0.0,,Karnataka,
2740,2741,DronaHQ,Technology,Mumbai,,Angel,0.05,,Maharashtra,
2741,2742,Droni Tech,IT,Mumbai,,Seed,3.5,,Maharashtra,
2742,2743,Droom,E-Commerce,Gurugram,Zigexn,Series E,24.75,,Haryana,
2743,2744,Droom,E-Commerce,Gurugram,,Series E,3.0,,Haryana,
2744,2745,Drstore,Healthcare,Mumbai,,Seed,0.0,,Maharashtra,
2745,2746,Dunzo,Delivery,Bengaluru,,Debt Financing,7.0,,Karnataka,
2746,2747,Duroflex Pvt. Ltd.,Households,Alleppey,,Private Equity,2.2,,Kerala,
2747,2748,EarlySalary,FinTech,Pune,Eight roads ventures india,Private,129.53,,Maharashtra,
2748,2749,Earth Food,Food,Pune,,Seed,6.4,,Maharashtra,
2749,2750,Earth Food,Food,Pune,Rairah corporation,Seed / Angel Funding,7.83,,Maharashtra,
2750,2751,EazyDiner,Consumer Internet,Gurugram,Denlow investment trust and beenext,Private Equity,48.26,,Haryana,
2751,2752,Edureka,EdTech,Bengaluru,Leo capital,Seed/ Angel Funding,16.5,,Karnataka,
2752,2753,Edureka,EdTech,Bengaluru,,Series A,0.2,,Karnataka,
2753,2754,Eduvanz,Finance,Mumbai,,Angel,0.05,,Maharashtra,
2754,2755,Edyoo,Education,Bengaluru,Rs shanbag,Seed/ Angel Funding,6.06,,Karnataka,
2755,2756,Edyoo,Education,Bengaluru,,Seed,0.1,,Karnataka,
2756,2757,Eggoz,Food,Indore,,Angel,1.2,,Madhya Pradesh,
2757,2758,EGK Foods,Food,Mumbai,,Seed,2.0,,Maharashtra,
2758,2759,eKincare,Healthcare,Hyderabad,"Ventureast, Endiya partners, Eight roads ventures, Touchstone equities, Bvr mohan reddy",Private Equity,12.38,,Telangana,
2759,2760,eKincare,Healthcare,Hyderabad,,Series A,0.15,,Telangana,
2760,2761,ElasticRun,Transportation,Pune,,Series B,60.0,,Maharashtra,
2761,2762,Elemential,Data Analytics,Mumbai,,Seed,0.1,,Maharashtra,
2762,2763,Elemential,Data Analytics,Mumbai,"Matrix partner, Amrish rau, Investopad, Digital currency group, Hinduja group, Lightspeed india, Eight innovate, Amit ranjan, Prashant malik and others",Seed / Angel Funding,0.0,,Maharashtra,
2763,2764,Elucidata,IT,Delhi,Hyperplane venture capital and several angel investors,Seed/ Angel Funding,14.03,,Delhi,
2764,2765,Em Personal Care,Personal Care,Worli,,Seed,0.0,,Maharashtra,
2765,2766,Emflux Motors,Transportation,Bengaluru,,Seed,0.04,,Karnataka,
2766,2767,Emojifi,Consumer Internet,Bengaluru,,Seed,0.0,,Karnataka,
2767,2768,Enakshi,Personal Care,Ahmedabad,,Seed,0.8,,Gujarat,
2768,2769,Engineer.ai,AI,Gurugram,"Lakestar and jungle ventures, Softbank's deepcore.",Series A,243.38,,Haryana,
2769,2770,ENLYFT DIGITAL SOLUTIONS PRIVATE LIMITED,AI,Pune,,Seed,0.02,,Maharashtra,
2770,2771,Entropik,AI,Bengaluru,"Bharat innovation, Idfc-parampara capital, Arthavida ventures, Jitendra gupta & others",Seed/ Angel Funding,9.08,,Karnataka,
2771,2772,Entropik,AI,Bengaluru,,Seed,0.11,,Karnataka,
2772,2773,Eruditus,Education,Mumbai,,Series C,0.0,,Maharashtra,
2773,2774,eshakti,E-Commerce,Chennai,Paragon partners,Private Equity,83.33,,Tamil Nadu,
2774,2775,Eunimart,E-Commerce,Hyderabad,,Seed,0.0,,Telangana,
2775,2776,Eupheus Learning,EdTech,Delhi,,Seed,0.0,,Delhi,
2776,2777,Events High,Consumer Internet,Bengaluru,Treebo,Private Equity,0.0,,Karnataka,
2777,2778,FabAlley,E-Commerce,Noida,,Series B,60.0,,Uttar Pradesh,
2778,2779,Faclon Labs,Software,Mumbai,,Seed,0.0,,Maharashtra,
2779,2780,Farmers Fresh Zone,AgriTech,Kochi,,Seed,0.0,,Kerala,
2780,2781,FarmTaaza,AgriTech,Bengaluru,,Series A,0.0,,Karnataka,
2781,2782,Fasal,Agriculture,Bengaluru,,Seed,0.01,,Karnataka,
2782,2783,FastFox,Consumer Internet,Gurugram,,Series A,10.0,,Haryana,
2783,2784,FeedMyPockets,Finance,Bengaluru,,Seed,4.4,,Karnataka,
2784,2785,Fincash,Finance,Mumbai,"Mohammed khan, Sameer narayan & others",Seed / Angel Funding,1.24,,Maharashtra,
2785,2786,Fincash,Finance,Mumbai,,Seed,0.02,,Maharashtra,
2786,2787,Fingerlix,Food,Mumbai,Alteria capital,Debt Funding,10.81,,Maharashtra,
2787,2788,Finova Capital,Consumer Internet,Jaipur,Sequoia capital,Private Equity,49.5,,Rajasthan,
2788,2789,Finwego,FinTech,Chennai,,Seed,0.0,,Tamil Nadu,
2789,2790,Finzy,Finance,Bengaluru,,Seed,0.13,,Karnataka,
2790,2791,Fitternity,Consumer Internet,Mumbai,"Exfinity venture, Saha fund partners, Arihant patni of patni family office, Anjali bansal, Shardul amarchand mangaldas, Satish khanna and taparia family office.",Private Equity,16.5,,Maharashtra,
2791,2792,Fitternity,Consumer Internet,Mumbai,,Seed,0.2,,Maharashtra,
2792,2793,Five Star Group,FinTech,Chennai,"Tpg, Norwest venture partners, Sequoia capital & matrix partners",Private Equity,825.0,,Tamil Nadu,
2793,2794,Fixpocket,Marketing,Ahmedabad,,Seed,0.03,,Gujarat,
2794,2795,Flathalt,Real Estate,Gurugram,,Angel,0.01,,Haryana,
2795,2796,FLEECA,Transportation,Jaipur,,Seed,0.0,,Rajasthan,
2796,2797,Flickstree,AI,Mumbai,,Seed,0.0,,Maharashtra,
2797,2798,Flock,Software,Bengaluru,,Seed,0.0,,Karnataka,
2798,2799,Flyrobe,Personal Care,Mumbai,,Series B,26.4,,Maharashtra,
2799,2800,Food Memories,Food,Ahmedabad,,Seed,0.0,,Gujarat,
2800,2801,FoodBuddy,Delivery,Belgaum,,Seed,6.0,,Karnataka,
2801,2802,Foodmemories,Consumer Internet,Ahmedabad,"Bhavesh manglani, Suraj saharan, Darshan upadhyay, Sanjay notani & others",Seed funding,0.0,,Gujarat,
2802,2803,Forum for Innovation Incubation Research and Entrepreneurship,Finance,Goa,,Grant,10.3,,Goa,
2803,2804,Foyr,Design,Hyderabad,,Series A,0.42,,Telangana,
2804,2805,FreightBazaar,Transportation,Bengaluru,,Seed,0.0,,Karnataka,
2805,2806,FreightBro,Logistics,Mumbai,,Seed,0.0,,Maharashtra,
2806,2807,Freightwalla,B2B,Mumbai,,Seed,0.0,,Maharashtra,
2807,2808,Freshboxx,E-Commerce,Hubli,,Seed,0.0,,Karnataka,
2808,2809,Freyr Energy,Energy,Hyderabad,,Series A,0.0,,Telangana,
2809,2810,Fric Bergen,Food,Alwar,,Venture - Series Unknown,0.0,,Rajasthan,
2810,2811,Front Desk AI,Technology,Bengaluru,Speciale invest & others,Seed/ Angel Funding,9.08,,Karnataka,
2811,2812,Furlenco,E-Commerce,Bengaluru,,Series C,0.0,,Karnataka,
2812,2813,Fusion Microfinance,Finance,Delhi,,Series E,520.0,,Delhi,
2813,2814,Fyle,Technology,Bengaluru,Pravega ventures and beenext,Seed / Angel Funding,9.08,,Karnataka,
2814,2815,Fyle,Technology,Bengaluru,,Seed,0.11,,Karnataka,
2815,2816,Fynd,E-Commerce,Mumbai,"Google, Kae capital, Iifl, Singularity ventures, Growx, Tracxn labs, Venture catalyst, Patni family office and axis capital.",Seed / Angel Funding,0.0,,Maharashtra,
2816,2817,Gaana,Entertainment,Gurugram,"Tencent holdings ltd, Times internet",Private Equity,948.75,,Haryana,
2817,2818,Gaia Smart Cities,Technology,Mumbai,,Seed,0.0,,Maharashtra,
2818,2819,GalaxyCard,FinTech,Noida,,Seed,0.0,,Uttar Pradesh,
2819,2820,GamingMonk,Entertainment,Delhi,,Series A,4.0,,Delhi,
2820,2821,Gegadyne Energy,Energy,Mumbai,,Angel,0.0,,Maharashtra,
2821,2822,Generico,Healthcare,Mumbai,,Series A,0.0,,Maharashtra,
2822,2823,Genius Corner,EdTech,Noida,Individual investors,Seed Funding,2.29,,Uttar Pradesh,
2823,2824,GenRobotic,Robotics,Trivandrum,,Seed,0.0,,Kerala,
2824,2825,GigIndia,Gig Economy,Pune,"Jessica wong, Hiro mashita, Xue manzi and yiyun zhang.",Seed / Angel Funding,0.0,,Maharashtra,
2825,2826,Glassic,E-Commerce,Bengaluru,"Chennai angels, Lead angels, Letsventure",Angel / Seed Funding,0.0,,Karnataka,
2826,2827,Go Payments,Services,Mumbai,,Corporate Round,0.0,,Maharashtra,
2827,2828,Goals101,Finance,Delhi,,Seed,0.35,,Delhi,
2828,2829,GoBolt,Logistics,Delhi,,Venture - Series Unknown,40.0,,Delhi,
2829,2830,GoBumpr,Automotive,Chennai,,Seed,0.06,,Tamil Nadu,
2830,2831,GoDesi,Food,Bengaluru,Lead angels network,Seed/ Angel Funding,1.15,,Karnataka,
2831,2832,GoGaga,Consumer Internet,Bengaluru,,Non-equity Assistance,0.0,,Karnataka,
2832,2833,GoZefo,E-Commerce,Bengaluru,,Venture - Series Unknown,21.0,,Karnataka,
2833,2834,Gramophone,Entertainment,Indore,Infoedge,Seed/Angel Funding,8.25,,Madhya Pradesh,
2834,2835,Gramophone,Entertainment,Indore,,Seed,0.1,,Madhya Pradesh,
2835,2836,GreyAtom,Technology,Mumbai,Pravega ventures,Private Equity,8.25,,Maharashtra,
2836,2837,Grofers,E-Commerce,Gurugram,"Softbank, Tiger global and apoletto managers.",Private Equity,511.5,,Haryana,
2837,2838,Grover Zampa,Food,Mumbai,Ravi viswanathan,Private Equity,67.65,,Maharashtra,
2838,2839,Groww,Finance,Bengaluru,"Insignia ventures partners, Lightbridge partners & kairos",Seed/ Angel Funding,9.08,,Karnataka,
2839,2840,Groww,Finance,Bengaluru,,Seed,0.01,,Karnataka,
2840,2841,Guardian.in,Healthcare,Mumbai,,Seed,0.0,,Maharashtra,
2841,2842,Gugu,Electronics,Coimbatore,,Seed,0.0,,Tamil Nadu,
2842,2843,Guiddoo World,Travel,Mumbai,Individual investors,Pre-Series A,6.6,,Maharashtra,
2843,2844,Guiddoo World,Travel,Mumbai,,Seed,0.0,,Maharashtra,
2844,2845,GuruQ,EdTech,Delhi,,Seed,2.5,,Delhi,
2845,2846,Haazri,Food,Mumbai,,Seed,1.25,,Maharashtra,
2846,2847,HalaPlay Technologies,Entertainment,Bengaluru,,Series A,0.0,,Karnataka,
2847,2848,Hansel io,Software,Bengaluru,Vertex ventures,Seed/ Angel Funding,33.0,,Karnataka,
2848,2849,Hansel io,Software,Bengaluru,,Series A,0.4,,Karnataka,
2849,2850,happay,FinTech,Bengaluru,Sequoia and jerry yang,Seed / Angel Funding,2.06,,Karnataka,
2850,2851,Happy Cow Dairy,AgriTech,Mumbai,,Seed,4.0,,Maharashtra,
2851,2852,Happy EMI,FinTech,Bengaluru,Aj ventures and jain international trade organisation (jito),Seed/ Angel Funding,8.25,,Karnataka,
2852,2853,Happyeasygo Group,Travel,Haryana,,Series A,0.0,,Haryana,
2853,2854,HappyEMI,FinTech,Bengaluru,,Seed,0.1,,Karnataka,
2854,2855,HappyGoEasy,Consumer Internet,Gurugram,"Korea investment partners (kip), Samsung and china-based citic capital and others",Private Equity,0.0,,Haryana,
2855,2856,Hashtag Loyalty Private Limited,Marketing,Mumbai,,Seed,0.0,,Maharashtra,
2856,2857,Hasura,Cloud Tech,Bengaluru,,Seed,0.16,,Karnataka,
2857,2858,HealthAssure,Healthcare,Mumbai,,Seed,0.1,,Maharashtra,
2858,2859,HealthCare,Consumer Internet,Mumbai,Hr fund,Seed / Angel Funding,8.25,,Maharashtra,
2859,2860,HealthFin,Finance,Pune,"Axilor, Sprout venture partners and others",Seed/ Angel Funding,0.0,,Maharashtra,
2860,2861,Healthi,Healthcare,Bengaluru,Montane ventures,Private Equity,25.58,,Karnataka,
2861,2862,HealthifyMe,Healthcare,Bengaluru,Sistema asia fund,Private Equity,99.0,,Karnataka,
2862,2863,HealthifyMe,Healthcare,Bengaluru,"Sistema asia fund, Vc samsung next, Chiratae ventures, Inventus capital, Blume ventures and innoven capital.",Series B (Extension),49.5,,Karnataka,
2863,2864,HealthifyMe,Healthcare,Bengaluru,,Series B,0.0,,Karnataka,
2864,2865,Healthkart,E-Commerce,Gurugram,,Venture - Series Unknown,1.0,,Haryana,
2865,2866,HealthPlix,Healthcare,Bengaluru,,Series A,0.3,,Karnataka,
2866,2867,Healthsignz,Healthcare,Hyderabad,Kantilal patel,Seed/ Angel Funding,41.25,,Telangana,
2867,2868,HealWell24,Healthcare,Mumbai,,Seed,0.02,,Maharashtra,
2868,2869,Heelium,Sports,Pune,,Seed,0.0,,Maharashtra,
2869,2870,HelloVerify,Services,Noida,,Seed,0.0,,Uttar Pradesh,
2870,2871,Hero Electric,Manufacturing,Delhi,,Venture - Series Unknown,160.0,,Delhi,
2871,2872,Hey Deedee,Delivery,Mumbai,,Seed,3.3,,Maharashtra,
2872,2873,HeyHolidays,Travel,Bengaluru,,Seed,0.1,,Karnataka,
2873,2874,HighRadius,FinTech,Hyderabad,"Pnc, Citi ventures",Private Equity,0.0,,Telangana,
2874,2875,HipBar,Consumer Internet,Bengaluru,Diageo india,Private Equity,33.0,,Karnataka,
2875,2876,Hippo Video,Software,Chennai,,Seed,0.0,,Tamil Nadu,
2876,2877,hoi foods,Food,Gurugram,,Seed,3.6,,Haryana,
2877,2878,HolaChef,Delivery,Mumbai,Ashok kumar gajera,Seed / Angle Funding,2.57,,Maharashtra,
2878,2879,HomeLane,Design,Bengaluru,Brand capital,Seed/ Angel Funding,28.46,,Karnataka,
2879,2880,Hospals,Healthcare,Delhi,,Seed,0.0,,Delhi,
2880,2881,Hotelogix,Technology,Noida,"Vertex ventures, Accel partners and saama capital",Private Equity,41.25,,Uttar Pradesh,
2881,2882,Housejoy,Services,Bengaluru,,Series B,0.0,,Karnataka,
2882,2883,HousingMan.com,Real Estate,Bengaluru,,Seed,10.3,,Karnataka,
2883,2884,Hubhopper,Internet,Delhi,,Series A,0.05,,Delhi,
2884,2885,Huddle,Consulting,Gurugram,,Seed,0.03,,Haryana,
2885,2886,HungerBox,Food,Bengaluru,Lionrock capital,Private Equity,20.63,,Karnataka,
2886,2887,HungerBox,Food,Bengaluru,,Series A,0.45,,Karnataka,
2887,2888,Hush - Speak Up. Make Work Better,Services,Bengaluru,,Seed,4.5,,Karnataka,
2888,2889,HWell24 Plus,Healthcare,Mumbai,"Prashant mehta, Mitali pawar, Nikhil g and bhavesh p, R ranganathan, Oncotrust and medintel services pvt. ltd",Seed/ Angel Funding,1.65,,Maharashtra,
2889,2890,Hyperdata.IO,Technology,Hyderabad,,Angel,5.0,,Telangana,
2890,2891,HyperXchange,E-Commerce,Pune,,Series A,0.1,,Maharashtra,
2891,2892,i2i Funding,Finance,Noida,Sucseed venture partners,Seed / Angel Funding,6.34,,Uttar Pradesh,
2892,2893,i2i Funding,Finance,Noida,,Angel,5.0,,Uttar Pradesh,
2893,2894,i3 Systems,Technology,Mumbai,"Unitus ventures, Behram vakil and jerxis vandrevala",Seed / Angel Funding,8.25,,Maharashtra,
2894,2895,Iba Halal Care,Personal Care,Ahmedabad,,Series A,15.0,,Gujarat,
2895,2896,icanstay,Consumer Internet,Delhi,Mr. manoj prasad,Seed / Angel Funding,4.13,,Delhi,
2896,2897,Icertis,Consumer Internet,Pune,Meritech capital partners,Private Equity,412.5,,Maharashtra,
2897,2898,iChamp,EdTech,Gurugram,,Seed,0.5,,Haryana,
2898,2899,Ideal Insurance Brokers/ 121Policy.com,Finance,Kolkata,,Seed,0.1,,West Bengal,
2899,2900,Idha Skin Clinic,Healthcare,Bengaluru,,Seed,0.5,,Karnataka,
2900,2901,IMAX Program,EdTech,Bengaluru,"Michael & susan dell foundation, Lgt impact ventures",Private Equity,111.38,,Karnataka,
2901,2902,Impact Guru,FinTech,Mumbai,,Series A,0.0,,Maharashtra,
2902,2903,Inc42,Media,Delhi,,Seed,0.0,,Delhi,
2903,2904,InCred Finance,Finance,Mumbai,"Paragon partners, Individual investors",Private Equity,346.5,,Maharashtra,
2904,2905,InCred Finance,Finance,Mumbai,,Private Equity,0.0,,Maharashtra,
2905,2906,India Accelerator,B2B,Gurugram,,Angel,0.0,,Haryana,
2906,2907,Indiabulls Ventures,Finance,Mumbai,,Post-IPO Equity,1540.0,,Maharashtra,
2907,2908,IndigoLearn,EdTech,Hyderabad,"Maheshwar peri, Founder and chairman of career information portal careers360, And jamshed jeejeebhoy, Director at byramjee jeejeebhoy pvt. ltd were among the angels",Seed / Angel Funding,1.24,,Telangana,
2908,2909,IndigoLearn,EdTech,Hyderabad,,Seed,0.02,,Telangana,
2909,2910,IndiQube,Real Estate,Bengaluru,,Series A,1.5,,Karnataka,
2910,2911,INDwealth,Finance,Gurugram,,Seed,220.0,,Haryana,
2911,2912,Infibeam,E-Commerce,Ahmedabad,Network 18,Private Equity,51.4,,Gujarat,
2912,2913,iNICU,Healthcare,Delhi,Venture catalysts,Seed/ Angel Funding,0.0,,Delhi,
2913,2914,Inner Being Wellness,Healthcare,Hyderabad,,Angel,3.5,,Telangana,
2914,2915,InnerChef,Food,Gurugram,,Venture - Series Unknown,0.18,,Haryana,
2915,2916,Innov8,Real Estate,Delhi,Credence family office,Pre-Series A,33.0,,Delhi,
2916,2917,Innov8,Real Estate,Delhi,,Seed,0.4,,Delhi,
2917,2918,Inntot Technologies,Technology,Kochi,,Seed,0.0,,Kerala,
2918,2919,Inthree,Technology,Chennai,"Ventureast, Orios venture partners and the ian fund",Seed/ Angel Funding,33.0,,Tamil Nadu,
2919,2920,Inthree,Technology,Chennai,,Series A,0.4,,Tamil Nadu,
2920,2921,iNurture Education,EdTech,Bengaluru,Ventureast,Private Equity,36.3,,Karnataka,
2921,2922,ION Energy,Energy,Mumbai,,Venture - Series Unknown,0.0,,Maharashtra,
2922,2923,IQlect,Data Analytics,Bengaluru,Ventureast and exfinity,Seed/ Angel Funding,20.63,,Karnataka,
2923,2924,Jagaran Microfin,Finance,Kolkata,,Debt Financing,55.0,,West Bengal,
2924,2925,Jetbrain Robotics,Healthcare,Gurugram,,Seed,0.01,,Haryana,
2925,2926,Kaleidofin,Finance,Chennai,Omidyar network. blume ventures and professor shlomo ben-haim,Seed / Angel Funding,23.1,,Tamil Nadu,
2926,2927,Kaleidofin,Finance,Chennai,,Seed,0.28,,Tamil Nadu,
2927,2928,Karma Healthcare,Healthcare,Udaipur,"1crowd, Ankur capital",Seed / Angel Funding,4.13,,Rajasthan,
2928,2929,Kashmir Box,E-Commerce,Srinagar,"Bhairavi jani, Alok divatia, Namrata kaul, Sohail hashemi, Aijaz saleem",Seed/ Angel Funding,0.0,,Jammu and Kashmir,
2929,2930,Keito,AI,Pune,,Seed,0.0,,Maharashtra,
2930,2931,Khabri,Media,Haryana,,Seed,0.0,,Haryana,
2931,2932,Khidki,AI,Bengaluru,,Seed,0.0,,Karnataka,
2932,2933,Kidovators (by GyanLab),EdTech,Bengaluru,Gray matters,Seed/ Angel Funding,1.49,,Karnataka,
2933,2934,Kidovators (by GyanLab),EdTech,Bengaluru,,Seed,0.02,,Karnataka,
2934,2935,Kinara Capital,Finance,Bengaluru,Responsability,Private Equity,41.25,,Karnataka,
2935,2936,Kissht,FinTech,Mumbai,"Vertex ventures southeast asia (sea) and india and sistema asia fund, Fosun rz capital, Ventureast, And endiya partners.\\n\\n",Private Equity,247.5,,Maharashtra,
2936,2937,Kissht,FinTech,Mumbai,,Series C,3.0,,Maharashtra,
2937,2938,Knocksense,Media,Lucknow,,Seed,0.0,,Uttar Pradesh,
2938,2939,Kobster,E-Commerce,Chennai,,Seed,0.0,,Tamil Nadu,
2939,2940,Kogta Financial India Limited,Finance,Jaipur,,Series B,154.0,,Rajasthan,
2940,2941,Kriger Campus,Education,Delhi,,Seed,3.0,,Delhi,
2941,2942,Kuants,Finance,Gurugram,"Pankaj chopra, Ankush gupta",Angel / Seed Funding,0.66,,Haryana,
2942,2943,Kuants,Finance,Gurugram,,Seed,0.5,,Haryana,
2943,2944,Kuvera,Finance,Bengaluru,"Baskar subramanian, Saket kumar, Gaurav suri and ankit kesarwani",Seed / Angel Funding,2.06,,Karnataka,
2944,2945,Kuvera,Finance,Bengaluru,,Angel,0.03,,Karnataka,
2945,2946,Lavelle Networks,Cloud Tech,Bengaluru,,Venture - Series Unknown,2.0,,Karnataka,
2946,2947,LearnApp,EdTech,Noida,,Seed,2.0,,Uttar Pradesh,
2947,2948,Leena AI,AI,Gurugram,,Seed,0.2,,Haryana,
2948,2949,Leena AI,AI,Gurugram,Y combinator,Seed/ Angel Funding,0.0,,Haryana,
2949,2950,Lendbox,Finance,Delhi,,Seed,6.0,,Delhi,
2950,2951,LendingKart,FinTech,Ahmedabad,Fullerton financial holdings pte ltd & others,Private Equity,717.75,,Gujarat,
2951,2952,LendingKart,FinTech,Ahmedabad,Nederlandse financierings-maatschappij voor ontwikkelingslanden n.v.,Debt Funding,38.78,,Gujarat,
2952,2953,Lenskart,E-Commerce,Gurugram,Tr capital,Private Equity,0.0,,Haryana,
2953,2954,LetsMD,Healthcare,Delhi,"Sri capital, Waterbridge ventures and thinkuvate",Seed / Angel Funding,8.25,,Delhi,
2954,2955,LetsMD,Healthcare,Delhi,,Seed,0.1,,Delhi,
2955,2956,Letstrack,Technology,Delhi,,Seed,0.17,,Delhi,
2956,2957,LetsTransport,Logistics,Bengaluru,,Series B,100.0,,Karnataka,
2957,2958,LetsTransport,Logistics,Bengaluru,Fosun international,Series C,99.0,,Karnataka,
2958,2959,Licious,E-Commerce,Bengaluru,,Series C,2.5,,Karnataka,
2959,2960,Littlemore,EdTech,Chennai,Kalpavriksh,Private Equity,24.75,,Tamil Nadu,
2960,2961,Livehealth,Healthcare,Pune,Nexus venture partners,Seed / Angel Funding,9.08,,Maharashtra,
2961,2962,Livehealth,Healthcare,Pune,,Seed,0.11,,Maharashtra,
2962,2963,LivQuik,FinTech,Mumbai,,Corporate Round,0.27,,Maharashtra,
2963,2964,LivSpace,Design,Bengaluru,,Series C,7.0,,Karnataka,
2964,2965,Loadshare,Logistics,Bengaluru,,Series A,0.5,,Karnataka,
2965,2966,Loan Tap,Consumer Internet,Mumbai,"Shunwei capital, Tuscan ventures, Ashish goenka, Vc firms india quotient and kae capital",Private Equity,51.56,,Maharashtra,
2966,2967,Loans4SME,Finance,Mumbai,,Seed,0.0,,Maharashtra,
2967,2968,Loanzen,Finance,Bengaluru,Kae capital management,Seed / Angel Funding,0.0,,Karnataka,
2968,2969,Locus,Logistics,Bengaluru,,Series A,0.4,,Karnataka,
2969,2970,Log9 Materials,Technology,Bengaluru,"Metaform ventures, Hemant luthra, Micro venture capital firm gems partners and others",Seed/ Angel Funding,3.6,,Karnataka,
2970,2971,Log9 Materials,Technology,Bengaluru,,Seed,3.0,,Karnataka,
2971,2972,Lollypop,Technology,Bengaluru,Dr devi shetty,Seed / Angel Funding,0.0,,Karnataka,
2972,2973,LT Foods,Food,Delhi,,Post-IPO Equity,140.0,,Delhi,
2973,2974,Lucideus,Cybersecurity,Delhi,,Venture - Series Unknown,0.5,,Delhi,
2974,2975,Mad Street Den,Technology,Chennai,Kddi,Private Equity,0.0,,Tamil Nadu,
2975,2976,MadGuy Labs,EdTech,Bengaluru,,Venture - Series Unknown,0.0,,Karnataka,
2976,2977,Magic Crate,Education,Bengaluru,,Seed,0.0,,Karnataka,
2977,2978,Magicpin,Consumer Internet,Gurugram,,Series C,141.0,,Haryana,
2978,2979,Magicpin,Consumer Internet,Gurugram,Trifecta capital,Debt Funding,8.25,,Haryana,
2979,2980,MakeMyTrip,Consumer Internet,Gurugram,Makemytrip limited,Private Equity,82.5,,Haryana,
2980,2981,MamaEarth,E-Commerce,Gurugram,Stellaris ventures & others,Private Equity,33.0,,Haryana,
2981,2982,MamaEarth,E-Commerce,Gurugram,,Series A,0.4,,Haryana,
2982,2983,MamaEarth,E-Commerce,Gurugram,Shilpa shetty kundra,Private Equity,0.0,,Haryana,
2983,2984,Manch,Social Media,Delhi,Stellaris venture partners,Seed Funding,5.78,,Delhi,
2984,2985,Manjushree Technopack,Manufacturing,Bengaluru,,Private Equity,0.0,,Karnataka,
2985,2986,Mate Labs,AI,Bengaluru,,Seed,0.06,,Karnataka,
2986,2987,Max Healthcare,Healthcare,Delhi,,Corporate Round,0.0,,Delhi,
2987,2988,MCaffeine,Personal Care,Mumbai,,Seed,3.2,,Maharashtra,
2988,2989,McXtra,Finance,Andheri,,Seed,0.13,,Maharashtra,
2989,2990,Mech Mocha,Entertainment,Bengaluru,,Series B,0.0,,Karnataka,
2990,2991,Med365 Healthcare,Healthcare,Jaipur,,Seed,5.0,,Rajasthan,
2991,2992,MedCords,Healthcare,Pune,,Seed,2.64,,Maharashtra,
2992,2993,MedGenome,Healthcare,Bengaluru,"Hdfc life, Hdfc asset management",Private Equity,82.5,,Karnataka,
2993,2994,Medikabazaar,Healthcare,Mumbai,,Series A,0.5,,Maharashtra,
2994,2995,Medimetry,Healthcare,Delhi,,Seed,0.0,,Delhi,
2995,2996,MedTel,Healthcare,Bhubaneswar,British and indian governments,Private Equity,0.0,,Odisha,
2996,2997,Meesho,E-Commerce,Bengaluru,"Shunwei capital, Dst partners and rps ventures",Series C,412.5,,Karnataka,
2997,2998,Meesho,E-Commerce,Bengaluru,"Sequoia capital india, Saif partners, Y combinator and venture highway",Private Equity,94.88,,Karnataka,
2998,2999,Meesho,E-Commerce,Bengaluru,,Series C,0.0,,Karnataka,
2999,3000,MEngage,Healthcare,Jaipur,"Siddharth agarwal, Mahavir sharma, Amit singal, 100 co-founders lab and others.",Seed/ Angel Funding,1.44,,Rajasthan,
3000,3001,MEngage,Healthcare,Jaipur,,Seed,0.02,,Rajasthan,
3001,3002,Metro Bikes,Consumer Internet,Bengaluru,"Sequoia capital india advisors, Accel partners and g raghunandan",Private Equity,100.65,,Karnataka,
3002,3003,mfine,Healthcare,Bengaluru,"Prime venture partners, Stellaris venture partners and mayur abhaya srisrimal",Private Equity,34.65,,Karnataka,
3003,3004,mfine,Healthcare,Bengaluru,,Series A,0.42,,Karnataka,
3004,3005,Microchip Payments,FinTech,Bengaluru,,Seed,0.0,,Karnataka,
3005,3006,Mihuru,Finance,Mumbai,,Seed,0.02,,Maharashtra,
3006,3007,MilkBasket,E-Commerce,Gurugram,"Kalaari capital, Unilever ventures and blume ventures",Private Equity,57.75,,Haryana,
3007,3008,MilkBasket,E-Commerce,Gurugram,Unilever ventures,Private Equity,24.75,,Haryana,
3008,3009,MilkBasket,E-Commerce,Gurugram,Mayfield fund,Series B,10.73,,Haryana,
3009,3010,MilkBasket,E-Commerce,Gurugram,,Series A,0.0,,Haryana,
3010,3011,Mintifi,Finance,Mumbai,Lok capital,Seed / Angel Funding,16.5,,Maharashtra,
3011,3012,Mintifi,Finance,Mumbai,,Seed,0.2,,Maharashtra,
3012,3013,MissMalini Entertainment,Entertainment,Mumbai,,Seed,10.4,,Maharashtra,
3013,3014,Mobikwik,FinTech,Gurugram,,Series E,24.0,,Haryana,
3014,3015,Mobile Premier League (MPL),Entertainment,Bengaluru,,Series A,4.13,,Karnataka,
3015,3016,Mobile Premier League (MPL),Entertainment,Bengaluru,,Series A,0.0,,Karnataka,
3016,3017,Mobycy,Transportation,Gurugram,,Angel,0.0,,Haryana,
3017,3018,Moglix,E-Commerce,Noida,,Series C,0.0,,Uttar Pradesh,
3018,3019,Mojro Technologies,IT,Bengaluru,,Seed,0.07,,Karnataka,
3019,3020,Mombay,Food,Mumbai,,Seed,0.0,,Maharashtra,
3020,3021,MoneyOnMobile,Technology,Mumbai,Undisclosed investors,Private Equity,62.7,,Maharashtra,
3021,3022,MoneyOnMobile,Technology,Mumbai,S7 group,Private Equity,41.25,,Maharashtra,
3022,3023,Moonshine Meadery,Food,Pune,,Seed,0.0,,Maharashtra,
3023,3024,Multibhashi,EdTech,Bengaluru,,Seed,1.0,,Karnataka,
3024,3025,MY CHIRAAG CAB,Travel,Jaipur,,Seed,0.1,,Rajasthan,
3025,3026,MyDentistChoice,Healthcare,Hyderabad,,Seed,0.05,,Telangana,
3026,3027,myHQ,Real Estate,Delhi,,Series A,0.05,,Delhi,
3027,3028,MyLoanCare,Finance,Gurugram,Sar group,Seed / Angel Funding,8.07,,Haryana,
3028,3029,MyLoanCare,Finance,Gurugram,,Series A,6.5,,Haryana,
3029,3030,MyNewCar.in,Automotive,Gurugram,,Venture - Series Unknown,0.0,,Haryana,
3030,3031,Mynvax,Healthcare,Bengaluru,,Angel,0.0,,Karnataka,
3031,3032,Myra,Healthcare,Bengaluru,,Venture - Series Unknown,0.88,,Karnataka,
3032,3033,MySEODoc,Marketing,Delhi,,Seed,0.0,,Delhi,
3033,3034,MyUpchar,Healthcare,Delhi,"Nexus venture partners, Omidyar network and shunwei capital",Private Equity,41.25,,Delhi,
3034,3035,MyUpchar,Healthcare,Delhi,,Series A,0.5,,Delhi,
3035,3036,Naaptol,E-Commerce,Mumbai,,Venture - Series Unknown,1.5,,Maharashtra,
3036,3037,Nagpur Wholesale,E-Commerce,Nagpur,Omphalos ventures india llp,Seed Funding,1.18,,Maharashtra,
3037,3038,Narvar,IT,Bengaluru,Accel (formerly known as accel partners),Private Equity,24.75,,Karnataka,
3038,3039,NeoGrowth,Finance,Mumbai,"Leapfrog investments, Aspada investment, Quona capital",Private Equity,387.75,,Maharashtra,
3039,3040,Netmeds,Healthcare,Chennai,"Sistema asia fund, Sistema jsfc and tanncam investment",Private Equity,288.75,,Tamil Nadu,
3040,3041,Netmeds,Healthcare,Chennai,,Series C,3.5,,Tamil Nadu,
3041,3042,Network Intelligence,Technology,Mumbai,Helix investments,Private Equity,39.6,,Maharashtra,
3042,3043,Newgen Software,Technology,Delhi,"Goldman sachs, Hedge fund & others",Private Equity,165.0,,Delhi,
3043,3044,NewsBytes,Media,Gurugram,,Seed,0.1,,Haryana,
3044,3045,Next Digital Solutions,Marketing,Kota,,Angel,0.01,,Rajasthan,
3045,3046,NicheAI,AI,Hyderabad,,Angel,0.0,,Telangana,
3046,3047,Ninjacart,Agriculture,Bengaluru,,Series B,250.0,,Karnataka,
3047,3048,NIRA,Finance,Bengaluru,,Seed,0.1,,Karnataka,
3048,3049,NIRAMAI Health Analytix,Healthcare,Bengaluru,,Seed,0.0,,Karnataka,
3049,3050,NirogStreet,Healthcare,Gurugram,"Spiral ventures, Subho ray and samir kumar",Seed/ Angel Funding,2.48,,Haryana,
3050,3051,NirogStreet,Healthcare,Gurugram,,Seed,0.03,,Haryana,
3051,3052,Nivesh,Finance,Noida,"Letsventure, Rajan anandan, Basab pradhan, Vivek khare and bijoy george",Seed/ Angel Funding,3.71,,Uttar Pradesh,
3052,3053,Nivesh,Finance,Noida,,Seed,3.0,,Uttar Pradesh,
3053,3054,NiYO Solutions,Finance,Bengaluru,,Series A,1.32,,Karnataka,
3054,3055,NoPaperForms Solutions Pvt. Ltd.,EdTech,Delhi,,Series B,0.0,,Delhi,
3055,3056,Northmist,Personal Care,Delhi,Prashant jaiswal,Seed/ Angel Funding,0.0,,Delhi,
3056,3057,Notesgen,EdTech,Delhi,,Seed,1.25,,Delhi,
3057,3058,Nua,Consumer Goods,Mumbai,,Seed,0.0,,Maharashtra,
3058,3059,Numeroseven,Technology,Kolkata,Shiva gunapu & others,Seed/ Angel Funding,0.0,,West Bengal,
3059,3060,Nutrisattva (Proliva),Healthcare,Anand,,Angel,0.0,,Gujarat,
3060,3061,Nykaa,Consumer Internet,Mumbai,Lighthouse,Private Equity,1296.9,,Maharashtra,
3061,3062,Nykaa,Consumer Internet,Mumbai,"Sunil munjal, Harsh mariwala, Dalip pathak and others",Private Equity,198.0,,Maharashtra,
3062,3063,Nykaa,Consumer Internet,Mumbai,,Secondary Market,113.0,,Maharashtra,
3063,3064,Nykaa,Consumer Internet,Mumbai,"Sunil munjal, Harsh mariwala, Dalip pathak and others",Private Equity,90.75,,Maharashtra,
3064,3065,Observe AI,AI,Bengaluru,"Nexus venture partners, Mgv, Liquid 2 ventures, Hack vc, Emergent ventures and y combinator",Private Equity,66.0,,Karnataka,
3065,3066,OckyPocky,EdTech,Haryana,,Angel,0.0,,Haryana,
3066,3067,OfBusiness,Fintech,Gurugram,"Creation investments, Falcon edge, Matrix partners india and zodius capital",Private Equity,239.25,,Haryana,
3067,3068,Ola,Transportation,Bengaluru,,Venture - Series Unknown,5.0,,Karnataka,
3068,3069,Olly Smart Credit Card,Finance,Delhi,,Seed,0.0,,Delhi,
3069,3070,One Labs,Consumer Internet,Mumbai,Micromax informatics ltd,Private Equity,0.0,,Maharashtra,
3070,3071,OneAssist,Consumer Internet,Mumbai,,Debt Financing,0.0,,Maharashtra,
3071,3072,ONGO Framework,Technology,Bengaluru,,Angel,0.1,,Karnataka,
3072,3073,Ontrack Technologies Pvt. Ltd,Technology,Bengaluru,,Seed,0.0,,Karnataka,
3073,3074,OPEN,Banking,Bengaluru,,Seed,0.0,,Karnataka,
3074,3075,OpenTap,Software,Bengaluru,Unknown high net-worth individuals,Seed / Angel Funding,3.71,,Karnataka,
3075,3076,OptaCredit,Finance,Chennai,Dmi finance,Private Equity,33.0,,Tamil Nadu,
3076,3077,Ora,Healthcare,Kolkata,,Seed,0.0,,West Bengal,
3077,3078,Orbo.ai,AI,Mumbai,,Seed,0.0,,Maharashtra,
3078,3079,Origo Commodities India Pvt. Ltd,AgriTech,Gurugram,"Cooperative oikocredit, Caspian and hivos-triodos fund",Seed/ Angel Funding,90.75,,Haryana,
3079,3080,Origo Commodities India Pvt. Ltd,AgriTech,Gurugram,,Venture - Series Unknown,80.0,,Haryana,
3080,3081,ORO Wealth,FinTech,Mumbai,,Series A,0.16,,Maharashtra,
3081,3082,OTO Capital,Automotive,Mumbai,,Seed,5.0,,Maharashtra,
3082,3083,OYO,Hospitality,Gurugram,Didi chuxing,Equity,825.0,,Haryana,
3083,3084,OYO,Hospitality,Gurugram,,Series E,0.0,,Haryana,
3084,3085,PaisaDukan,Finance,Mumbai,,Seed,0.07,,Maharashtra,
3085,3086,Pando,Logistics,Chennai,,Seed,0.2,,Tamil Nadu,
3086,3087,Pandorum Technologies,Technology,Bengaluru,,Series A,0.36,,Karnataka,
3087,3088,Paperflite,Technology,Chennai,The chennai angels,Angel / Seed Funding,3.3,,Tamil Nadu,
3088,3089,Parkwheels,Transportation,Haryana,,Seed,1.2,,Haryana,
3089,3090,Paymatrix,Finance,Mumbai,,Seed,0.0,,Maharashtra,
3090,3091,PayMe India,Finance,Noida,,Angel,0.2,,Uttar Pradesh,
3091,3092,PaySense,Consumer Internet,Mumbai,Payu & others,Private Equity,148.5,,Maharashtra,
3092,3093,Paytm,E-Commerce,Bengaluru,One 97 communications,Private Equity,73.84,,Uttar Pradesh,
3093,3094,PeeSafe,Healthcare,Gurugram,"Shivani singh, Rahul maroli, Mitesh shah, Venture catalysts, Alfa capital, Green shots capital, Real time ventures.",Private Equity,8.25,,Haryana,
3094,3095,Pentation Analytics,Data Analytics,Mumbai,,Seed,0.0,,Maharashtra,
3095,3096,Pepperfry,E-Commerce,Mumbai,State street global advisors,Private Equity,316.8,,Maharashtra,
3096,3097,PerkFinance,Finance,Bengaluru,,Seed,0.0,,Karnataka,
3097,3098,Perpule,Software,Bengaluru,,Series A,34.0,,Karnataka,
3098,3099,Perspectico,Education,Delhi,,Seed,0.0,,Delhi,
3099,3100,PetSutra,Consumer Internet,Gurugram,Michael patrick hickey,Seed / Angel Funding,1.22,,Haryana,
3100,3101,PetSutra,Consumer Internet,Gurugram,,Seed,0.95,,Haryana,
3101,3102,PharmEasy,Healthcare,Mumbai,Innoven capital,Debt Funding,45.38,,Maharashtra,
3102,3103,PharmEasy,Healthcare,Mumbai,,Series C,8.0,,Maharashtra,
3103,3104,PharmEasy,Healthcare,Mumbai,"Bessemer venture partners and orios venture partners, Jm financials and memg",Private Equity,0.0,,Maharashtra,
3104,3105,Phone Pe,FinTech,Bengaluru,Flipkart,Private Equity,544.5,,Karnataka,
3105,3106,pi Ventures,Finance,Bengaluru,"Sunil kant munjal, Hero electronix's corporate financing arm, Electronic development fund",Private Equity,206.25,,Karnataka,
3106,3107,Pi Ventures,Finance,Bengaluru,Cdc group plc,Private Equity,49.5,,Karnataka,
3107,3108,Picture TIme,Entertainment,Delhi,,Seed,25.0,,Delhi,
3108,3109,Picxy,Internet,Guntur,,Seed,0.01,,Andhra Pradesh,
3109,3110,Pine Labs,FinTech,Noida,"Actis, Altimeter capital",Private Equity,676.5,,Uttar Pradesh,
3110,3111,PinkBlue,Healthcare,Bengaluru,,Seed,0.03,,Karnataka,
3111,3112,Pipa Bella,E-Commerce,Mumbai,,Series A,0.1,,Maharashtra,
3112,3113,Pipabella,Consumer Internet,Mumbai,Fireside ventures,Seed / Angel Funding,8.25,,Maharashtra,
3113,3114,Pitstop,Consumer Internet,Bengaluru,,Seed,10.0,,Karnataka,
3114,3115,PivotRoots,Marketing,Mumbai,,Series A,0.0,,Maharashtra,
3115,3116,Pixr9,Media,Ghaziabad,,Seed,0.01,,Uttar Pradesh,
3116,3117,Placio,Hospitality,Noida,,Seed,0.2,,Uttar Pradesh,
3117,3118,Planet11 eCommerce Solutions India (Avenue11),E-Commerce,Bengaluru,,Corporate Round,26.0,,Karnataka,
3118,3119,PlanetSpark,EdTech,Gurugram,,Seed,1.6,,Haryana,
3119,3120,Planys Technologies,Technology,Chennai,,Series A,14.0,,Tamil Nadu,
3120,3121,Planys Technologies,Technology,Chennai,"Kris gopalakrishnan, Pratithi investment trust, Memg family office, S gopal",Private Equity,8.58,,Tamil Nadu,
3121,3122,Playtoome,Entertainment,Bengaluru,,Seed,2.0,,Karnataka,
3122,3123,Plum Goodness,Personal Care,Thane,,Series A,0.0,,Maharashtra,
3123,3124,PolicyBazaar,FinTech,Gurugram,Softbank vision fund & info edge (india) ltd,Private Equity,1650.0,,Haryana,
3124,3125,PolicyBazaar,FinTech,Gurugram,Info edge (india) ltd and temasek,Private Equity,228.53,,Haryana,
3125,3126,Pooltoo,Transportation,Delhi,,Seed,0.0,,Delhi,
3126,3127,POPxo,Technology,Delhi,"Neoplux, Oppo, Idg ventures india, Kalaari capital, Gree ventures and summit media",Private Equity,45.38,,Delhi,
3127,3128,Portea Medical,Healthcare,Bengaluru,,Debt Financing,25.0,,Karnataka,
3128,3129,Poshmiles Online Solutions Private Limited,Travel,Bengaluru,,Seed,0.0,,Karnataka,
3129,3130,PratiLipi,Consumer Internet,Bengaluru,Omidyar network,Private Equity,35.48,,Karnataka,
3130,3131,PratiLipi,Consumer Internet,Bengaluru,,Series A,0.43,,Karnataka,
3131,3132,Predible Health,Healthcare,Bengaluru,,Seed,0.0,,Karnataka,
3132,3133,Pregbuddy,Healthcare,Bengaluru,"Rajan anandan, Madhusudhan kannan, Jayant kadambi, Puneet gupta and pradeep k jaisingh",Seed / Angel Funding,0.0,,Karnataka,
3133,3134,PregBuddy,Healthcare,Bengaluru,,Seed,0.0,,Karnataka,
3134,3135,PrestLoans,Finance,Delhi,,Seed,0.01,,Delhi,
3135,3136,Printline Media(ThePrint),Media,Delhi,,Seed,3.49,,Delhi,
3136,3137,Propelld,FinTech,Bengaluru,,Seed,0.03,,Karnataka,
3137,3138,Propshop24,E-Commerce,Mumbai,,Seed,0.05,,Maharashtra,
3138,3139,Qandle,Software,Gurugram,,Seed,0.12,,Haryana,
3139,3140,Qbera,Finance,Bengaluru,,Venture - Series Unknown,14.0,,Karnataka,
3140,3141,Quikr,Marketing,Bengaluru,,Debt Financing,55.0,,Karnataka,
3141,3142,quizizz,EdTech,Bengaluru,"Nexus venture partners, Prime venture partners and others",Seed/ Angel Funding,24.75,,Karnataka,
3142,3143,Racetrack,AI,Bengaluru,,Seed,34.2,,Karnataka,
3143,3144,RAHI Care,Healthcare,Chandigarh,,Venture - Series Unknown,0.0,,Chandigarh,
3144,3145,RailYatri,Travel,Noida,"Omidyar network, Nandan nilekani, Blume ventures, Helion venture partners",Private Equity,0.0,,Uttar Pradesh,
3145,3146,Rao IIT Academy,Education,Mumbai,Avendus finance,Structured Debt,70.95,,Maharashtra,
3146,3147,RawPressery,Consumer Internet,Mumbai,Alteria capital,Debt Funding,39.6,,Maharashtra,
3147,3148,Rays Power Infra,Energy,Jaipur,,Venture - Series Unknown,200.0,,Rajasthan,
3148,3149,Razorpay,FinTech,Bengaluru,"Tiger global, Y combinator",Private Equity,165.0,,Karnataka,
3149,3150,Reculta,Education,Noida,,Seed,0.0,,Uttar Pradesh,
3150,3151,RentSher,Consumer Internet,Bengaluru,"Shorooq investments, Letsventure & others",Seed/ Angel Funding,9.08,,Karnataka,
3151,3152,RevFin,Finance,Delhi,,Seed,0.0,,Delhi,
3152,3153,Revv,Consumer Internet,Gurugram,"Hyundai, Edelweiss and beenext, Dream incubator, Sunjay kapoor and telama investment",Private Equity,117.73,,Haryana,
3153,3154,Roadcast,Logistics,Delhi,,Angel,0.03,,Delhi,
3154,3155,Rocketium,Technology,Bengaluru,Blume ventures,Seed/ Angel Funding,2.48,,Karnataka,
3155,3156,Rocketium,Technology,Bengaluru,,Seed,2.0,,Karnataka,
3156,3157,Rockmetric,IT,Mumbai,,Grant,0.0,,Maharashtra,
3157,3158,Rooter,Sports,Delhi,,Seed,4.5,,Delhi,
3158,3159,Roposo,Social Media,Gurugram,Bertelsmann india investments,Series B,14.03,,Haryana,
3159,3160,Roposo,Social Media,Gurugram,,Series C,0.0,,Haryana,
3160,3161,Royal Sundaram General Insurance Co. Limited,Finance,Kalpakkam,,Corporate Round,0.0,,Tamil Nadu,
3161,3162,Rubique,Consumer Internet,Mumbai,"Emery capital, Blacksoil and kalaari capital",Private Equity,0.0,,Maharashtra,
3162,3163,Rubix,Technology,Pune,Polaris fund,Private Equity,8.25,,Maharashtra,
3163,3164,Rubix,Technology,Pune,,Seed,0.1,,Maharashtra,
3164,3165,RupeeCircle,Finance,Mumbai,,Seed,4.0,,Maharashtra,
3165,3166,Rupeek,Finance,Bengaluru,,Series A,0.68,,Karnataka,
3166,3167,Rupeek,FinTech,Bengaluru,"Accel partners, Sequoia capital",Private Equity,56.35,,Karnataka,
3167,3168,SaffronStays,Hospitality,Mumbai,,Seed,0.2,,Maharashtra,
3168,3169,Sahajanand Medical Technologies,Technology,Surat,Morgan stanley private equity asia,Private Equity,298.9,,Gujarat,
3169,3170,Sambandh,Healthcare,Delhi,Base of pyramid asia (bopa) pte ltd,Private Equity,20.63,,Delhi,
3170,3171,Samco,Consumer Internet,Mumbai,Bay capital investments and others,Private Equity,61.88,,Maharashtra,
3171,3172,Samosa Labs,Consumer Internet,Hyderabad,Xiaomi and sequoia capital india,Private Equity,57.75,,Telangana,
3172,3173,Samunnati Financial Intermediation & Services Pvt. Ltd,Finance,Chennai,"Responsability, Elevar equity and accel partners",Private Equity,193.88,,Tamil Nadu,
3173,3174,Satin Creditcare,Finance,Delhi,,Post-IPO Debt,0.0,,Delhi,
3174,3175,Sattviko,E-Commerce,Delhi,,Angel,0.0,,Delhi,
3175,3176,Satvacart,E-Commerce,Gurugram,,Seed,0.0,,Haryana,
3176,3177,SATYA Microcapital,Finance,Delhi,,Venture - Series Unknown,40.0,,Delhi,
3177,3178,SBI Life,Finance,Mumbai,,Private Equity,0.0,,Maharashtra,
3178,3179,Scale Labs,Technology,Delhi,,Seed,0.1,,Delhi,
3179,3180,Scapic,Cloud Tech,Bengaluru,"Axilor ventures, Newfort capital",Angel / Seed Funding,4.13,,Karnataka,
3180,3181,Scapic,Cloud Tech,Bengaluru,,Seed,0.05,,Karnataka,
3181,3182,Scholify,EdTech,Bengaluru,,Pre-Seed,0.0,,Karnataka,
3182,3183,SectorQube,Data Analytics,Ernakulam,,Seed,0.0,,Kerala,
3183,3184,SEDEMAC Mechatronics,Automotive,Mumbai,,Venture - Series Unknown,0.0,,Maharashtra,
3184,3185,Sensibull,FinTech,Bengaluru,,Seed,2.5,,Karnataka,
3185,3186,Sequretek,Cybersecurity,Mumbai,,Venture - Series Unknown,0.37,,Maharashtra,
3186,3187,ShakeDeal,B2B,Bengaluru,,Seed,0.0,,Karnataka,
3187,3188,Shape,Healthcare,Pune,Sandeep mathur,Seed / Angle Funding,825.0,,Maharashtra,
3188,3189,Shape,Healthcare,Pune,,Seed,0.02,,Maharashtra,
3189,3190,ShareChat,Social Media,Bengaluru,"Xiaomi singapore, Shunwei capital",Private Equity,150.15,,Karnataka,
3190,3191,ShareChat,Social Media,Bengaluru,,Series C,9.92,,Karnataka,
3191,3192,Shirsa Labs,EdTech,Mumbai,"Dewang neralla, Mahesh kothurkar, Atul agarwal",Private Equity,4.13,,Maharashtra,
3192,3193,Shirsa Labs,EdTech,Mumbai,,Seed,0.05,,Maharashtra,
3193,3194,Shop 101,E-Commerce,Mumbai,"Stellaris venture partners, Vy capital, Raghunandan g, And ramakant sharma",Private Equity,41.25,,Maharashtra,
3194,3195,Shop101,E-Commerce,Mumbai,,Series B,0.0,,Maharashtra,
3195,3196,ShopKirana,E-Commerce,Indore,"Info edge, Aet fund, Akatsuki and incubate fund from japan and better capital angellist syndicate.",Seed Funding,16.5,,Madhya Pradesh,
3196,3197,Shopkirana,E-Commerce,Indore,,Venture - Series Unknown,0.0,,Madhya Pradesh,
3197,3198,ShopX,E-Commerce,Bengaluru,Fung strategic holdings,Private Equity,288.75,,Karnataka,
3198,3199,Shubh Loans,FinTech,Bengaluru,"Saama capital, Sri capital, Beenext, And pravega ventures",Private Equity,34.65,,Karnataka,
3199,3200,Shuttl,Transportation,Gurugram,Amazon alexa fund & dentsu ventures,Private Equity,90.75,,Haryana,
3200,3201,Shuttl,Transportation,Gurugram,,Debt Financing,0.1,,Haryana,
3201,3202,Signzy,FinTech,Bengaluru,"Stellaris venture partners and kalaari capital, Rajan anandan from google, Dilip khandwelwal from sap labs india, And amrish rau from payu india",Series A,28.05,,Karnataka,
3202,3203,Signzy,FinTech,Bengaluru,,Series A,24.0,,Karnataka,
3203,3204,Sigtuple,Healthcare,Bengaluru,"Accel partners, Idg venture, Endiya partners, Pi ventures, Vh capital, Axilor ventures and binny bansal",Private Equity,156.75,,Karnataka,
3204,3205,Silversparro Technologies Pvt. Ltd,Technology,Gurugram,,Seed,0.03,,Haryana,
3205,3206,Simulanis,Technology,Delhi,,Seed,0.05,,Delhi,
3206,3207,Singularity Dynamics,AI,Bengaluru,,Seed,0.0,,Karnataka,
3207,3208,Skillate,Technology,Bengaluru,"Incubate fund india, Anuj agrawal",Private Equity,0.0,,Karnataka,
3208,3209,Skillbox,EdTech,Gurugram,Individual investors,Seed Funding,0.0,,Haryana,
3209,3210,Slang Labs,Technology,Bengaluru,Endiya partners,Seed / Angel Funding,10.23,,Karnataka,
3210,3211,Sleepy Owl Coffee,Food,Delhi,,Seed,3.5,,Delhi,
3211,3212,SlicePay,FinTech,Bengaluru,,Series A,1.49,,Karnataka,
3212,3213,Smartcoin,Finance,Bengaluru,"Accion venture lab, Unicorn india ventures and isme ace.",Seed / Angel Funding,16.5,,Karnataka,
3213,3214,Smartcoin,Finance,Bengaluru,,Seed,0.2,,Karnataka,
3214,3215,Smartivity,EdTech,Delhi,"Ashish kacholi, S chand group",Seed/ Angel Funding,16.5,,Delhi,
3215,3216,SmartVizX,Technology,Noida,,Seed,0.15,,Uttar Pradesh,
3216,3217,Snapmint,Finance,Mumbai,,Seed,0.0,,Maharashtra,
3217,3218,Spinny,E-Commerce,Gurugram,,Series A,0.0,,Haryana,
3218,3219,Spoofin,Technology,Delhi,,Venture - Series Unknown,0.0,,Delhi,
3219,3220,Sportido,Sports,Delhi,,Seed,0.1,,Delhi,
3220,3221,Sportido,Sports,Delhi,,Seed,0.0,,Delhi,
3221,3222,Sqqrl,Finance,Gurugram,Equanimity venture fund,Seed/ Angel Funding,8.25,,Haryana,
3222,3223,Sqrrl FinTech,FinTech,Gurugram,,Seed,0.1,,Haryana,
3223,3224,Square Off,IoT,Mumbai,,Seed,0.0,,Maharashtra,
3224,3225,srJna,Education,Jaipur,,Seed,0.0,,Rajasthan,
3225,3226,Stanza Living,Technology,Delhi,,Venture - Series Unknown,73.0,,Delhi,
3226,3227,Stelis Biopharma,Healthcare,Bengaluru,,Series B,0.0,,Karnataka,
3227,3228,Stellaps,Technology,Bengaluru,"Indusage partners, Bill & melinda gates foundation, Qualcomm venture, Abb technology ventures, Omnivore, Blume ventures, Venture highway and beenext",Private Equity,115.5,,Karnataka,
3228,3229,Steradian Semiconductors,Electronics,Bengaluru,,Seed,0.0,,Karnataka,
3229,3230,StockEdge,Data Analytics,Kolkata,,Seed,0.11,,West Bengal,
3230,3231,Stones2Milestones,EdTech,Gurugram,,Seed,0.0,,Haryana,
3231,3232,Streak,Finance,Bengaluru,"Indian fintech fund, Rainmatter",Angel / Seed Funding,2.93,,Karnataka,
3232,3233,Streak,Finance,Bengaluru,,Seed,2.25,,Karnataka,
3233,3234,Streo,Entertainment,Gurugram,,Seed,0.0,,Haryana,
3234,3235,Strom Motors,Automotive,Mumbai,,Angel,0.0,,Maharashtra,
3235,3236,Studds Accessories,E-Commerce,Faridabad,,Private Equity,100.0,,Haryana,
3236,3237,Stumagz,Media,Hyderabad,,Seed,0.0,,Telangana,
3237,3238,Sukkhi Jewellery,Personal Care,Mumbai,,Venture - Series Unknown,51.0,,Maharashtra,
3238,3239,Survaider,Data Analytics,Bengaluru,,Seed,0.05,,Karnataka,
3239,3240,Swiggy,Food,Bengaluru,Naspers,Private Equity,825.0,,Karnataka,
3240,3241,Swiggy,Food,Bengaluru,,Series H,0.0,,Karnataka,
3241,3242,Syncremedies Healthcare Pvt Ltd,Healthcare,Bengaluru,,Seed,0.0,,Karnataka,
3242,3243,Synctag,Technology,Coimbatore,Subhkam ventures and mohit khadaria,Seed / Angel Funding,2.54,,Tamil Nadu,
3243,3244,Tabono,Sports,Gurugram,,Seed,0.0,,Haryana,
3244,3245,Tapzo,Technology,Bengaluru,Runet & other,Private Equity,15.92,,Karnataka,
3245,3246,Taru Naturals,Agriculture,Mumbai,,Seed,0.0,,Maharashtra,
3246,3247,TECHBOOZE,Education,Delhi,,Seed,0.0,,Delhi,
3247,3248,Technology 9 Labs (T9L),IT,Delhi,,Corporate Round,0.0,,Delhi,
3248,3249,The Healthy Billions,Healthcare,Gurugram,"Blume ventures, Healthquad and fireside ventures",Private Equity,17.33,,Haryana,
3249,3250,The Ken,Consumer Internet,Bengaluru,Omidyar network & others,Seed/ Angel Funding,12.38,,Karnataka,
3250,3251,The Ken,Consumer Internet,Bengaluru,,Series A,0.15,,Karnataka,
3251,3252,The Print,Media,Delhi,Ratan tata,Seed / Angel Funding,4.41,,Delhi,
3252,3253,The Social Hook,Marketing,Bengaluru,,Seed,0.0,,Karnataka,
3253,3254,The Souled Store,Personal Care,Mumbai,,Venture - Series Unknown,0.0,,Maharashtra,
3254,3255,The Wedding Brigade,Consumer Internet,Mumbai,Blume ventures,Private Equity,8.25,,Maharashtra,
3255,3256,TheCapitalNet,FinTech,Hyderabad,Lindwall family investments llc (lfi),Private Equity,4.13,,Telangana,
3256,3257,TheCollegeFever,Marketing,Bengaluru,,Seed,0.03,,Karnataka,
3257,3258,Theranosis,Healthcare,Hyderabad,Mumbai angels network,Seed/ Angel Funding,0.0,,Telangana,
3258,3259,Theranosis Life Sciences,BioTech,Bengaluru,,Seed,0.0,,Karnataka,
3259,3260,Toffee,FinTech,Gurugram,"Kalaari capital, Omidyar network and accion venture labs",Seed/ Angel Funding,12.38,,Haryana,
3260,3261,Toffee,FinTech,Gurugram,,Seed,0.15,,Haryana,
3261,3262,Togedr,Technology,Gurugram,,Venture - Series Unknown,0.0,,Haryana,
3262,3263,Tolet for Students,Hospitality,Jodhpur,,Seed,0.5,,Rajasthan,
3263,3264,Tonetag,Technology,Bengaluru,Amazon inc. and mastercard,Private Equity,66.0,,Karnataka,
3264,3265,Toppr,EdTech,Mumbai,Axis capital partners,Private Equity,0.83,,Maharashtra,
3265,3266,Toppr,EdTech,Mumbai,,Series C,0.0,,Maharashtra,
3266,3267,Tranzmeo,AI,Cochin,,Pre-Seed,0.0,,Kerala,
3267,3268,TravelTriangle,Consumer Internet,Gurugram,"Fundamentum, Saif partners, Bessemer venture partners, Rb investments & others",Private Equity,99.0,,Haryana,
3268,3269,Traveo Soft Pvt. Ltd.,Software,Bengaluru,,,0.12,,Karnataka,
3269,3270,Trell,Social Media,Bengaluru,"Beenext, Weh ventures and sprout ventures",Seed/ Angel Funding,10.31,,Karnataka,
3270,3271,Trell,Social Media,Bengaluru,,Seed,0.13,,Karnataka,
3271,3272,Trendlyne Technologies,Finance,Bengaluru,,Seed,0.02,,Karnataka,
3272,3273,Tricog Health Services Pvt Ltd,Healthcare,Bengaluru,,Series A,0.4,,Karnataka,
3273,3274,Trilyo,Technology,Mumbai,"Startup buddy, Amit manocha and others",Seed / Angel Funding,2.06,,Maharashtra,
3274,3275,Trip shelf,Consumer Internet,Delhi,"Gems advisory, Alok mittal and sachin bhatia",Seed / Angel Funding,2.03,,Delhi,
3275,3276,Tripeur,IT,Bengaluru,,Seed,0.06,,Karnataka,
3276,3277,Tripshelf,Marketing,Delhi,,Seed,1.6,,Delhi,
3277,3278,True Balance,Healthcare,Gurugram,"Line ventures corporation, Line corp, Naver, Shinhan bank and ts investment",Private Equity,189.75,,Haryana,
3278,3279,True Elements,Healthcare,Pune,,Seed,5.0,,Maharashtra,
3279,3280,Truebil,Automotive,Mumbai,,Series A,0.2,,Maharashtra,
3280,3281,TrustCheckr,IT,Bengaluru,,Angel,0.01,,Karnataka,
3281,3282,Try & Buy,E-Commerce,Delhi,,Seed,0.0,,Delhi,
3282,3283,Twenty Two Motors,Technology,Haryana,,Corporate Round,6.5,,Haryana,
3283,3284,Tynor Othontics,Healthcare,Chandigarh,Lighthouse funds & thuasne participations,Private Equity,173.25,,Chandigarh,
3284,3285,UClean,Consumer Internet,Bengaluru,,Seed,4.0,,Karnataka,
3285,3286,Udaan,B2B,Bengaluru,Dst global and lightspeed venture partners' global fund.,Private Equity,1856.25,,Karnataka,
3286,3287,Udaan,B2B,Bengaluru,Lightspeed & yuri milner,Private Equity,412.5,,Karnataka,
3287,3288,Udaan,B2B,Bengaluru,,Series C,22.5,,Karnataka,
3288,3289,Ultraviolette Automotive,Automotive,Bengaluru,,Series A,0.01,,Karnataka,
3289,3290,Ummeed Housing Finance Private Limited,Finance,Haryana,,Series C,60.0,,Haryana,
3290,3291,University Living,Education,Delhi,,Seed,0.0,,Delhi,
3291,3292,UnoTag,AI,Bengaluru,,Pre-Seed,0.0,,Karnataka,
3292,3293,UpCyclersLab,Technology,Mumbai,,Seed,0.0,,Maharashtra,
3293,3294,Upwards,Banking,Mumbai,,Series A,0.5,,Maharashtra,
3294,3295,Upwards,FinTech,Mumbai,"Shunwei capital, Quotient, Mayfield & others",Private Equity,41.25,,Maharashtra,
3295,3296,Urban Ladder,E-Commerce,Bengaluru,"Sequoia capital, Saif partners and kalaari capital",Private Equity,99.0,,Karnataka,
3296,3297,Urban Ladder,E-Commerce,Bengaluru,,Debt Financing,0.56,,Karnataka,
3297,3298,UrbanClap,Services,Gurugram,Steadview capital and vy capital.,Series D,412.5,,Haryana,
3298,3299,UrbanClap,Services,Gurugram,,Series D,0.0,,Haryana,
3299,3300,UrbanPiper,Software,Bengaluru,"Kumar vembu, Axilor ventures",Seed / Angel Funding,0.0,,Karnataka,
3300,3301,Vahdam Teas,E-Commerce,Delhi,,Series B,0.25,,Delhi,
3301,3302,Varthana,EdTech,Bengaluru,"Chryscapital, Existing investors, Elevar equity, Lgt impact, Omidyar network and kaizen private equity also participated in the round",Private Equity,453.75,,Karnataka,
3302,3303,Vebbler,Consumer Internet,Bengaluru,,Seed,0.0,,Karnataka,
3303,3304,Vedantu,EdTech,Bengaluru,"Accel partners, Tiger global and others",Private Equity,82.5,,Karnataka,
3304,3305,Vedantu,EdTech,Bengaluru,,Series B,0.0,,Karnataka,
3305,3306,Veritas Finance,Finance,Chennai,,Venture - Series Unknown,3.0,,Tamil Nadu,
3306,3307,Veritas Finance,FinTech,Chennai,"Norwest venture partners, Cdc group, The uk's development finance institution and p surendra pai",Series D,229.34,,Tamil Nadu,
3307,3308,Verloop,Services,Bengaluru,,Series A,0.0,,Karnataka,
3308,3309,Verzeo,EdTech,Bengaluru,,Series A,0.5,,Karnataka,
3309,3310,Virtual Logic,Technology,Bengaluru,,Angel,0.07,,Karnataka,
3310,3311,Visit,Healthcare,Delhi,"Biz stone, Kunal bahl, Rohit bansal, Alagu periyannan and karthee madasamy",Private Equity,0.0,,Delhi,
3311,3312,Vistara,Airlines,Haryana,,Private Equity,2000.0,,Haryana,
3312,3313,Vivish Technologies (myGate),IT,Bengaluru,,Series A,65.0,,Karnataka,
3313,3314,Vivriti Capital,FinTech,Chennai,,Venture - Series Unknown,0.0,,Tamil Nadu,
3314,3315,Vizzbee,AI,Bhopal,,Pre-Seed,0.0,,Madhya Pradesh,
3315,3316,Vogo,Transportation,Bengaluru,,Debt Financing,8.0,,Karnataka,
3316,3317,Vokal,Internet,Bengaluru,,Series A,0.15,,Karnataka,
3317,3318,Vola,Finance,Bengaluru,Credika and unnamed angel investors,Seed/ Angel Funding,4.13,,Karnataka,
3318,3319,VTION,Technology,Gurugram,"Angellist, Rahul khanna, Rajeev arora and ram ramsundar.",Seed/ Angel Funding,2.31,,Haryana,
3319,3320,VTION,Technology,Gurugram,,Seed,1.92,,Haryana,
3320,3321,WakeFit,Households,Bengaluru,,Venture - Series Unknown,65.0,,Karnataka,
3321,3322,WalMart India,Retail,Gurugram,,Venture - Series Unknown,0.0,,Haryana,
3322,3323,Wealthtrust,Finance,Mumbai,,Seed,0.05,,Maharashtra,
3323,3324,WebEngage,Technology,Mumbai,Social capital,Private Equity,0.0,,Maharashtra,
3324,3325,Wedeterna,Event Management,Bengaluru,,Angel,0.0,,Karnataka,
3325,3326,Wellthy Therapeutics Pvt Ltd,Healthcare,Mumbai,"Ranjan pai, Apoorva patni, Beenext ventures, Growx ventures",Private Equity,17.33,,Maharashtra,
3326,3327,Wellthy Therapeutics Pvt Ltd,Healthcare,Mumbai,,Seed,13.5,,Maharashtra,
3327,3328,What's Up Life,Consumer Internet,Gurugram,Rannvijay singha,Seed/ Angel Funding,0.0,,Haryana,
3328,3329,WheelsEMI,FinTech,Pune,,Series B,0.0,,Maharashtra,
3329,3330,Wholesome Habits (EAT Anytime),Food,Mumbai,,Seed,0.05,,Maharashtra,
3330,3331,WHR,Healthcare,Pune,,Seed,0.0,,Maharashtra,
3331,3332,Wicked Ride Adventure Services Private Limited,Automotive,Bengaluru,,Venture - Series Unknown,0.0,,Karnataka,
3332,3333,WickedRide,Consumer Internet,Bengaluru,"Sequoia capital, Accel partners & raghunandan gangappa",Private Equity,75.08,,Karnataka,
3333,3334,Wide Mobility Mechatronics,Technology,Bengaluru,,Seed,0.0,,Karnataka,
3334,3335,Wimoxez,Internet,Hyderabad,,Seed,0.0,,Telangana,
3335,3336,Wishberry,Finance,Mumbai,,Series A,10.0,,Maharashtra,
3336,3337,Wishfie,Social Media,Bengaluru,,Seed,0.0,,Karnataka,
3337,3338,Wishup,Careers,Azadpur,,Seed,0.0,,Delhi,
3338,3339,Wooden Street,E-Commerce,Jaipur,,Series A,0.1,,Rajasthan,
3339,3340,Workflexi,Services,Bengaluru,,Seed,1.0,,Karnataka,
3340,3341,Worxogo,IT,Bengaluru,,Series A,16.5,,Karnataka,
3341,3342,WOTU,E-Commerce,Bengaluru,"Claris capital, Mumbai angels network",Angel / Seed Funding,0.0,,Karnataka,
3342,3343,Wow Express,Technology,Mumbai,Undisclosed existing investors as well as the tamarind family trust,Private Equity,37.13,,Maharashtra,
3343,3344,Wow Express,Technology,Mumbai,,Series A,0.45,,Maharashtra,
3344,3345,Wow Venue,Event Management,Mumbai,,Venture - Series Unknown,0.0,,Maharashtra,
3345,3346,Wydr,E-Commerce,Gurugram,"Bessemer venture partners, Stellaris venture partners, Axis capital, Singapore, Jungle venture partners",Private Equity,0.0,,Haryana,
3346,3347,Xplorabox,E-Commerce,Noida,,Seed,0.0,,Uttar Pradesh,
3347,3348,Yaantra,IT,Delhi,,Debt Financing,0.0,,Delhi,
3348,3349,YourOwnROOM,Hospitality,Bengaluru,,Seed,0.08,,Karnataka,
3349,3350,Yumlane,Food,Mumbai,,Series A,0.4,,Maharashtra,
3350,3351,ZAMROO,Internet,Noida,,Seed,0.0,,Uttar Pradesh,
3351,3352,Zappfresh,Food,Gurugram,"Amit burman, Sidbi venture capital",Seed / Angel Funding,24.75,,Haryana,
3352,3353,Zestl,Software,Pune,,Seed,0.0,,Maharashtra,
3353,3354,ZestMoney,FinTech,Bengaluru,"Xiaomi, Payu, Ribbit capital and omidyar network",Private Equity,110.55,,Karnataka,
3354,3355,ZestMoney,FinTech,Bengaluru,,Series A,1.34,,Karnataka,
3355,3356,ZiffyHomes,Consumer Internet,Delhi,Y combinator,Private Equity,0.99,,Delhi,
3356,3357,ZiffyHomes,Marketing,Delhi,,Seed,0.01,,Delhi,
3357,3358,ZippServe,Consumer Internet,Bengaluru,Info edge (india) ltd,Seed/ Angel Funding,3.63,,Karnataka,
3358,3359,Zoctr,Healthcare,Mumbai,Nb ventures and others,Seed/ Angel Funding,0.0,,Maharashtra,
3359,3360,Zoctr Health,Healthcare,Mumbai,,Seed,0.0,,Maharashtra,
3360,3361,Zomato,Food,Gurugram,,Secondary Market,21.0,,Haryana,
3361,3362,Zomato,Food,Gurugram,Ant financials,Private Equity,1650.0,,Haryana,
3362,3363,ZunRoof,Energy,Gurugram,,Angel,1.66,,Haryana,
3363,3364,Zyla Health,Healthcare,Delhi,,Seed,0.0,,Delhi,
3364,3365,3rdFlix,Software,Hyderabad,Exfinity venture partners,pre-series A,41.25,,Telangana,
3365,3366,AdmitKard,EdTech,Noida,Growth dna,Seed Round,8.25,,Uttar Pradesh,
3366,3367,Afinoz,FinTech,Noida,Fintech innovation lab,,0.0,,Uttar Pradesh,
3367,3368,Agara Labs,Technology,Bengaluru,Blume ventures and rtp global,pre-Series A,20.63,,Karnataka,
3368,3369,Alteria Capital,Finance,Mumbai,"Azim premji, Binny bansal",Single Venture,1155.0,,Maharashtra,
3369,3370,Appnomic,Technology,Bengaluru,Avataar Ventures,,0.0,,Karnataka,
3370,3371,Asteria Aerospace,Aerospace,Bengaluru,,,0.0,,Karnataka,
3371,3372,Ather Energy,EV,Bengaluru,Sachin bansal,Series C,420.75,,Karnataka,
3372,3373,Atomberg,Households,Mumbai,A91 partners,Series A,82.5,,Maharashtra,
3373,3374,Avail Finance,FinTech,Bengaluru,Matrix partners,Series A,74.25,,Karnataka,
3374,3375,Awign Enterprises,Services,Bengaluru,"Work10M, Michael and Susan Dell Foundation, Eagle10, Unitus Ventures.",,0.0,,Karnataka,
3375,3376,Aye Finance,Finance,Gurugram,Fintech,Debt Funding,143.64,,Haryana,
3376,3377,Azah,Personal Care,Gurugram,Unnamed angel investors,Seed Funding,1.65,,Haryana,
3377,3378,Azah,Personal Care,Gurugram,"Kunal Bahl, Rohit Bansal.",,0.0,,Haryana,
3378,3379,BharatPe,FinTech,Delhi,Insight partners,Series B,618.75,,Delhi,
3379,3380,Bijak,AgriTech,Gurugram,"Omnivore and Omidyar Network India, Sequoia Capital",,0.0,,Haryana,
3380,3381,Binca Games,Entertainment,Mumbai,Sunil Gavaskar,,0.0,,Maharashtra,
3381,3382,Bira91,Food,Delhi,Anicut capital,Debt Funding,82.5,,Delhi,
3382,3383,Bira91,Food,Delhi,Sixth sense ventures,Series B,46.2,,Delhi,
3383,3384,Biz2Credit,FinTech,Gurugram,Westbridge capital,Series B,429.0,,Haryana,
3384,3385,BlackBuck,Logistics,Bengaluru,"Goldman sachs investment partners and silicon valley-based accel, Wellington, Sequoia capital, B capital, Lightstreet, Sands capital and international finance corporation,",Series D,1237.5,,Karnataka,
3385,3386,Board Infinity,EdTech,Chembur,Multiple angel investors,Angel Round,2.64,,Maharashtra,
3386,3387,Bolo App,Media,Bengaluru,Nexus venture partners,Seed Funding,3.55,,Karnataka,
3387,3388,Bombay Shaving,Personal Care,Mumbai,Sixth Sense Ventures,,0.0,,Maharashtra,
3388,3389,Bombay Shirt Company,Personal Care,Mumbai,Lightbox Ventures,,0.0,,Maharashtra,
3389,3390,Box8,Delivery,Mumbai,Trifecta Capital,,0.0,,Maharashtra,
3390,3391,Burger Singh,Food,Gurugram,Rb investments,Venture,0.0,,Haryana,
3391,3392,BYJU'S,EdTech,Bengaluru,Qatar investment authority,Private Equity,1237.5,,Karnataka,
3392,3393,BYJU'S,EdTech,Bengaluru,"South Africa’s Naspers Ventures, the CPP Investment Board",,0.0,,Karnataka,
3393,3394,CarDekho,Automotive,Jaipur,"Sequoia india, Hillhouse capital, Alphabet's growth investment arm capital g and axis bank",Series C,907.5,,Rajasthan,
3394,3395,CarDekho,Automotive,Gurugram,Ping an global voyager fund,Series D,577.5,,Haryana,
3395,3396,CarDekho,Automotive,Gurugram,Sc gg india mobility holdings llc,Series C,165.0,,Haryana,
3396,3397,CarDekho,Automotive,Jaipur,"Ping An Global Voyager Fund, Hillhouse Capital, Sequoia Capital",,0.0,,Rajasthan,
3397,3398,CARS26,Automotive,Gurugram,Ms dhoni,Series D,90.75,,Haryana,
3398,3399,Cashflo,FinTech,Mumbai,Saif partners,Series A,27.23,,Maharashtra,
3399,3400,Chakr Innovation,Technology,Delhi,Ian fund,Series A,214.5,,Delhi,
3400,3401,CleverTap,Technology,Mumbai,"Sequoia india, Tiger global management, Accel partners",Series B,214.5,,Maharashtra,
3401,3402,Clumio,Software,Bengaluru,"Altimeter capital, Sutter hill ventures",Series C,1113.75,,Karnataka,
3402,3403,Craftsvilla,E-Commerce,Mumbai,Supera pte ltd,Inhouse Funding,20.16,,Maharashtra,
3403,3404,CredR,Automotive,Bengaluru,"Omidyar Network, Eight Roads Ventures, GrowthStory, AngelList",,0.0,,Karnataka,
3404,3405,Cub McPaws,E-Commerce,Mumbai,Venture Catalysts,,0.0,,Maharashtra,
3405,3406,Cubical Labs,IoT,Noida,Rockstud Capital,,0.0,,Uttar Pradesh,
3406,3407,CueMath,EdTech,Bengaluru,"Manta Ray Ventures Limited, Google’s Capital G, Sequoia India.",,0.0,,Karnataka,
3407,3408,Daalchini Technologies,Food,Delhi,Artha venture,Seed Round,4.13,,Delhi,
3408,3409,Dhruva Space,Aerospace,Bengaluru,"Mumbai angels, Ravikanth reddy",Seed,412.5,,Karnataka,
3409,3410,Digital F5,Marketing,Mumbai,Tiw private equity,Private Equity,49.5,,Maharashtra,
3410,3411,Digital Mall Asia,E-Commerce,Delhi,Amour infrastructure,Seed Funding,1815.0,,Delhi,
3411,3412,DROR Labs Pvt. Ltd,Technology,Delhi,Inflection Point Ventures,,0.0,,Delhi,
3412,3413,Dunzo,Delivery,Bengaluru,Lightbox,Series D,371.25,,Karnataka,
3413,3414,eBikeGo,Transportation,Amritsar,Startup buddy,Seed,2.48,,Punjab,
3414,3415,Ecom Express,Logistics,Gurugram,CDC Group,,0.0,,Haryana,
3415,3416,Ecozen,AgriTech,Pune,Sathguru catalyzer advisors,Series A,49.5,,Maharashtra,
3416,3417,Ecozen,AgriTech,Pune,Innovation in Food & Agriculture Fund (IFA Fund),,0.0,,Maharashtra,
3417,3418,Eduisfun,EdTech,Mumbai,"Deepak Parekh, Amitabh Bachchan, Piyush Pandey",,0.0,,Maharashtra,
3418,3419,eJOHRI,Personal Care,Mumbai,Rajesh Ranavat,,0.0,,Maharashtra,
3419,3420,Ess Kay Fincorp,Banking,Jaipur,"TPG, Norwest Venture Partners, Evolvence India",,0.0,,Rajasthan,
3420,3421,Euler Motors,Automotive,Delhi,"Blume Ventures, Emergent Ventures",,0.0,,Delhi,
3421,3422,Finly,Technology,Bengaluru,"Social Capital, AngelList India, Gemba Capital, Omphalos Ventures, 91springboard via Atal Innovation Mission, Niti Aayog.",,88.69,,Karnataka,
3422,3423,Fireflies .ai,AI,Bengaluru,Canaan Partners,,0.0,,Karnataka,
3423,3424,FleetX,Logistics,Gurugram,India quotient and letsventure's angel fund,Pre Series A,0.0,,Haryana,
3424,3425,FlytBase,Technology,Pune,,,38.78,,Maharashtra,
3425,3426,FPL Technologies,FinTech,Pune,"Matrix partners india, Sequoia india",Maiden Round,37.13,,Maharashtra,
3426,3427,Freightwalla,B2B,Mumbai,"Amplo, FJ Labs, Rogue One Capital",,0.0,,Maharashtra,
3427,3428,Freshokartz,Food,Jaipur,ThinkLab,,0.0,,Rajasthan,
3428,3429,FreshVnF,AgriTech,Mumbai,Equanimity ventures,Seed Round,1155.0,,Maharashtra,
3429,3430,Freshworks,Software,Chennai,"Sequoia, Capitalg, Accel",Series H,1237.5,,Tamil Nadu,
3430,3431,Froogal,Marketing,Delhi,US-based angel investors,,0.0,,Delhi,
3431,3432,Glowroad,E-Commerce,Bengaluru,"Korea investment partners, Vertex ventures",Series B,94.88,,Karnataka,
3432,3433,GoMechanic,Automotive,Gurugram,Sequoia Capital,,0.0,,Haryana,
3433,3434,GOQii,Healthcare,Mumbai,Bennett coleman and company ltd (bccl),Series C,3712.5,,Maharashtra,
3434,3435,Grofers,E-Commerce,Gurugram,Softbank vision fund,Series F,577.5,,Haryana,
3435,3436,HappyEasyGo,Travel,Gurugram,"Korea Investment Partners (KIP), Samsung Venture Investment Corporation (SVIC), UOB Venture, 10 Fund, CVCapital, Zero2IPO Ventures, M&S Partners",,0.0,,Haryana,
3436,3437,HealthAssure,Healthcare,Mumbai,Blume ventures,Series A,20.63,,Maharashtra,
3437,3438,Healthians,Healthcare,Gurugram,"Dg daiwa ventures, Dg incubation",Series B,99.0,,Haryana,
3438,3439,HomeLane,Design,Bengaluru,"Evolvence India Fund (EIF), Pidilite Group, FJ Labs",,0.0,,Karnataka,
3439,3440,House of Msasaba,Personal Care,Mumbai,Binny bansal,Series A,8.25,,Maharashtra,
3440,3441,HungerBox,Food,Bengaluru,"Paytm, Asian VC fund NPTK, Sabre Partners, Neoplux.",,0.0,,Karnataka,
3441,3442,HungerBox,Food,Bengaluru,One97 communications ltd.,Series C,54.37,,Karnataka,
3442,3443,Increff,Technology,Bengaluru,"021 capita, Binny bansal",Series A,24.75,,Karnataka,
3443,3444,Indus OS,Technology,Mumbai,Ventureast,Series B,47.44,,Maharashtra,
3444,3445,INDwealth,Finance,Gurugram,Tiger global management,Venture Round,123.75,,Haryana,
3445,3446,IndyFint,FinTech,Bengaluru,Saravanan Adiseshan,,0.0,,Karnataka,
3446,3447,Infra.Market,IT,Thane,"Tiger Global, Nexus Venture Partners, Accel Partners, Dhruv Agarwala",,0.0,,Maharashtra,
3447,3448,JobSquare,Careers,Delhi,Titan Capital,,0.0,,Delhi,
3448,3449,Kabadiwala,E-Commerce,Bhopal,"Unilever, Beehive capital advisor, Abcom investments, Parekh marine transport,",Private Equity,3.55,,Madhya Pradesh,
3449,3450,Kaleidofin,Finance,Chennai,Oikocredit,,0.0,,Tamil Nadu,
3450,3451,Kratikal,Technology,Noida,"Gilda VC, Art Venture, Rajeev Chitrabhanu.",,21.45,,Uttar Pradesh,
3451,3452,Kratikal,Technology,Noida,"Gilda VC, Art Venture, Rajeev Chitrabhanu",,0.0,,Uttar Pradesh,
3452,3453,KrazyBee,E-Commerce,Bengaluru,"Bac acquisitions, Unifi aif, Brd securities, Northern r capital",Debt,118.32,,Karnataka,
3453,3454,KredX,E-Commerce,Bengaluru,Tiger Global Management,,0.0,,Karnataka,
3454,3455,Kuvera,Finance,Bengaluru,Eight roads,Series A,371.25,,Karnataka,
3455,3456,Lawyered,Technology,Gurugram,"Pramendra Tomar, Ratish Pandey, Munish Bhatia, Sumit Aggarwal",,0.0,,Haryana,
3456,3457,Leegality,Technology,Mumbai,Mumbai angels,Series A,28.05,,Maharashtra,
3457,3458,Lenskart,E-Commerce,Gurugram,Softbank vision fund,Series G,1905.75,,Haryana,
3458,3459,Lenskart,E-Commerce,Gurugram,SoftBank,,4.13,,Haryana,
3459,3460,Licious,E-Commerce,Bengaluru,Vertex growth fund,Series E,247.5,,Karnataka,
3460,3461,Licious,E-Commerce,Bengaluru,Vertex Growth Fund,,0.0,,Karnataka,
3461,3462,Lil’ Goodness and sCool meal,Food,Bengaluru,"Sajan Pillai, Muthu Krishnan,",,0.0,,Karnataka,
3462,3463,LivFin,FinTech,Delhi,German development finance institution DEG,,0.0,,Delhi,
3463,3464,Lo! Foods,Food,Bengaluru,"Rashmi daga (founder, Freshmenu), Raveen sastry (co-founder, Myntra) and mitesh shah (finance chief, Bookmyshow)",Seed Round,4.13,,Karnataka,
3464,3465,m.paani,Consumer Internet,Mumbai,"AC Ventures, Henkel",,0.0,,Maharashtra,
3465,3466,Medikabazaar,Healthcare,Mumbai,"Ackermans & van haaren, Healthquad, Rebright partners, Toppan printing",Series B,130.35,,Maharashtra,
3466,3467,Medlife,Healthcare,Bengaluru,Prasid uno family trust,Private Equity,140.25,,Karnataka,
3467,3468,Medlife,Healthcare,Bengaluru,Wilson Global Opportunities Fund,,0.0,,Karnataka,
3468,3469,Meesho,E-Commerce,Bengaluru,Naspers,Series D,1031.25,,Karnataka,
3469,3470,Mishry Reviews,Media,Gurugram,Vir sanghvi,Series A,0.0,,Haryana,
3470,3471,Misters,Personal Care,Gurugram,"Sauce.vc, Rainforest ventures",Series B,4.01,,Haryana,
3471,3472,Moms Co,E-Commerce,Gurugram,"Saama Capital, DSG Consumer Partners",,0.0,,Haryana,
3472,3473,My Healthcare,E-Commerce,Bengaluru,Sixth sense ventures,Series A,24.75,,Karnataka,
3473,3474,Myelin Foundry,IT,Bengaluru,Endiya partners,Seed,8.25,,Karnataka,
3474,3475,MyGameMate,Entertainment,Delhi,"Jindagi Live Angels,",,0.0,,Delhi,
3475,3476,NanoClean Global,Technology,Delhi,"Letsventure, Pitchright venture, 91springboard, Al nour international holdings and mark v investments",Series A,4.95,,Delhi,
3476,3477,Ninjacart,AgriTech,Bengaluru,Trifecta capital advisors,Debt Funding,214.5,,Karnataka,
3477,3478,Ninjacart,AgriTech,Bengaluru,"Walmart, Flipkart",,0.0,,Karnataka,
3478,3479,Nivesh,Finance,Noida,Windrose Capital,,0.0,,Delhi,
3479,3480,NoBroker,Consumer Internet,Bengaluru,General atlantic,Series C,420.75,,Karnataka,
3480,3481,Nu Genes,AgriTech,Bengaluru,Innovation in Food and Agriculture (IFA),,51.4,,Karnataka,
3481,3482,Observe.AI,AI,Bengaluru,Scale Venture Partners,,0.0,,Karnataka,
3482,3483,OkCredit,FinTech,Haryana,Tiger global management,Series A,127.88,,Haryana,
3483,3484,Ola,Transportation,Bengaluru,"Dig investment ab, Deshe holdings, Samih toukan and hussam khoury",Series J,8.25,,Karnataka,
3484,3485,Ola,Transportation,Bengaluru,"Kia Motors, Hyundai",,0.0,,Karnataka,
3485,3486,Open Secret,Food,Mumbai,Matrix Partners,,0.0,,Maharashtra,
3486,3487,Origo Commodities India Pvt. Ltd,AgriTech,Gurugram,"Oikocredit, Caspian SME Impact Fund IV, Triodos Investment Management",,0.0,,Haryana,
3487,3488,OYO,Hospitality,Gurugram,"MyPreferred Transformation, Avendus Finance, SoftBank",,0.0,,Haryana,
3488,3489,Paytm,E-Commerce,Bengaluru,Vijay shekhar sharma,Funding Round,82.5,,Karnataka,
3489,3490,Phable,Healthcare,Bengaluru,"LetsVenture, 91 Springboard, IKP Knowledge, Angel investors, AbInbev-Serge DeVos, Wouter Peeters.",,0.0,,Karnataka,
3490,3491,PiBeam,Automotive,Chennai,GAIL (India) Ltd,,0.0,,Tamil Nadu,
3491,3492,Pine Labs,FinTech,Noida,Pine labs pte ltd,Corporate Round,314.16,,Uttar Pradesh,
3492,3493,PratiLipi,Consumer Internet,Bengaluru,Qiming venture partners,Series B,124.65,,Karnataka,
3493,3494,Pristyn Care,Healthcare,Gurugram,"Sequoia India, Hummingbird Ventures, Greenoaks Capital, AngelList.",,0.0,,Haryana,
3494,3495,Progcap,Finance,Delhi,Sequoia india,Series A,41.25,,Delhi,
3495,3496,Pumpkart,Food,Chandigarh,Dinesh Dua,,0.0,,Chandigarh,
3496,3497,Purplle,E-Commerce,Mumbai,Goldman Sachs,,0.0,,Maharashtra,
3497,3498,Quantiphi,AI,Mumbai,Multiples Alternate Asset Management,,64.35,,Maharashtra,
3498,3499,Rapido,Transportation,Bengaluru,Westbridge capital,Series B,321.75,,Karnataka,
3499,3500,Recykal,Waste Management,Hyderabad,"Triton investment advisors, Pidilite industries director ajay parekh",pre-Series A,214.5,,Telangana,
3500,3501,Rein Games,Technology,Delhi,Manipal education and medical group (memg),Seed Round,412.5,,Delhi,
3501,3502,Rein Games,Technology,Delhi,"Manipal Education and Medical Group (MEMG) family office, Titan Capital",,0.0,,Delhi,
3502,3503,RenewBuy,Finance,Gurugram,"Lok capital, Iifl wealth",Series B,156.75,,Haryana,
3503,3504,Rivigo,Logistics,Gurugram,"Saif partners, Spring canter investment ltd.",Series F,165.0,,Haryana,
3504,3505,Rivigo,Logistics,Gurugram,"SAIF Partners India VI Ltd, Spring Canter Investment Ltd",,0.0,,Haryana,
3505,3506,Ruangguru,EdTech,Delhi,General Atlantic,,0.0,,Delhi,
3506,3507,Saahas Zero Waste,Services,Bengaluru,C4d partners,Venture - Series Unknown,7.17,,Karnataka,
3507,3508,SalaryFits,FinTech,Bengaluru,Brazilian VC Fund Confrapar,,0.0,,Karnataka,
3508,3509,Samunnati Financial Intermediation & Services Pvt. Ltd,Finance,Chennai,"Massif, A dutch government fund",Debt-Funding,41.25,,Tamil Nadu,
3509,3510,Sarva,Sports,Mumbai,"Venture fund, Fireside Ventures.",,0.0,,Maharashtra,
3510,3511,Seekify,Technology,Delhi,Sequoia Capita,,0.0,,Delhi,
3511,3512,Setu,FinTech,Bengaluru,Lightspeed india partners,Seed Funding,28.88,,Karnataka,
3512,3513,Shadowfax,Services,Gurugram,"Flipkart, Eight Roads Ventures, NGP Capital, Qualcomm Ventures, Mirae Asset Naver Fund, World Bank-backed IFC",,0.0,,Haryana,
3513,3514,Shuttl,Transportation,Gurugram,New atlantic ventures,Venture Round,41.25,,Haryana,
3514,3515,Slintel,SaaS,Bengaluru,Stellaris Ventures,,0.0,,Karnataka,
3515,3516,Smart Institute,EdTech,Bengaluru,HNI investors,,0.0,,Karnataka,
3516,3517,Spinny,E-Commerce,Gurugram,"Norwest Venture Partners, General Catalyst, Fundamentum, Accel Partners",,0.0,,Haryana,
3517,3518,Sportido,Sports,Delhi,"Inflection Point Ventures, SucSEED Venture Partners.",,0.0,,Delhi,
3518,3519,Springboard,Data Analytics,Bengaluru,Reach Capital,,0.0,,Karnataka,
3519,3520,Stanza Living,Technology,Delhi,Alteria Capital,,0.0,,Delhi,
3520,3521,StyleDotMe,Personal Care,Delhi,"Indian angel network and other angel investors, Innov8 founder ritesh malik, Josh talks founders supriya paul and shobha banga, And former hero corporate president rohit chanana",Bridge Round,0.0,,Delhi,
3521,3522,Sunstone Eduversity Pvt. Ltd,Education,Gurugram,"Prime venture partners, Letsventure, Ps1 venture and globallogic co-founder rajul garg",Seed,12.38,,Haryana,
3522,3523,SuperGaming,Entertainment,Pune,Dream incubator,Seed Funding,10.73,,Maharashtra,
3523,3524,Tala,FinTech,Bengaluru,Rps ventures,Series D,907.5,,Karnataka,
3524,3525,TapChief,Consumer Internet,Bengaluru,Blume Ventures.,,0.0,,Karnataka,
3525,3526,The Man Company,Personal Care,Gurugram,Ayushmann khurana,Corporate Round,0.0,,Haryana,
3526,3527,Toffee,Finance,Gurugram,IVM Intersurer,,0.0,,Haryana,
3527,3528,Toppr,EdTech,Mumbai,Milestone,Debt and Preference capital,52.15,,Maharashtra,
3528,3529,Trell,Social Media,Bengaluru,Ruizheng investment,Seed Round,16.5,,Karnataka,
3529,3530,Trell,Social Media,Bengaluru,"Ruizheng Investment, Tej Kapoor, Krinshavataram Venkata Vinjamuri, Harsh Shah",,0.0,,Karnataka,
3530,3531,Tripoto,Travel,Delhi,"Orchid india, Hornbill orchid india fund, Chiratae ventures (formerly idg ventures), 3one4 capital, Lasmer nv",Series B,29.63,,Delhi,
3531,3532,truMe,IoT,Gurugram,Rajan Kaistha,,0.0,,Haryana,
3532,3533,Udaan,B2B,Bengaluru,"Altimeter capital, Dst global",Series D,4826.25,,Karnataka,
3533,3534,Unacademy,EdTech,Bengaluru,Kalyan krishnamurthy,Seed/ Angel Funding,2.53,,Karnataka,
3534,3535,Uniphore,AI,Chennai,March capital partners,Series C,420.75,,Tamil Nadu,
3535,3536,Uniphore,AI,Taramani,March capital partners,Series C,314.16,,Tamil Nadu,
3536,3537,VMate,Social Media,Delhi,Alibaba,,0.0,,Delhi,
3537,3538,Vogo,Transportation,Bengaluru,"Matrix partners, Stellaris venture partners, Kalaari capital",Series B,2334.75,,Karnataka,
3538,3539,Vogo,Transportation,Bengaluru,Alteria capital,Debt Funding,29.57,,Karnataka,
3539,3540,Vyapar App,FinTech,Bengaluru,"India quotient, Axilor ventures",Series A,41.25,,Karnataka,
3540,3541,Vyome Therapeutics Inc.,Healthcare,Delhi,"Iron pillar, Perceptive advisors, Romulus capital and kalaari capital",Series D,181.5,,Delhi,
3541,3542,WishADish,Food,Bengaluru,,,0.0,,Karnataka,
3542,3543,Witblox,EdTech,Mumbai,Mumbai Angels Network,,0.0,,Maharashtra,
3543,3544,WizCounsel,Technology,Delhi,Kapil dev,Angel,1.2,,Delhi,
3544,3545,Zebu,FinTech,Chennai,,,0.0,,Tamil Nadu,
3545,3546,Zendrive,Automotive,Bengaluru,Xl innovate,Series B,305.25,,Karnataka,
3546,3547,Zenoti,Software,Hyderabad,Tiger global management,Series C,412.5,,Telangana,
3547,3548,Zest Money,FinTech,Bengaluru,Goldman Sachs.,,0.0,,Karnataka,
3548,3549,Zetwerk,Manufacturing,Bengaluru,"Lightspeed and Greenoaks Capital, Sequoia India, Accel and Kae Capital",,0.0,,Karnataka,
3549,3550,Zilingo,E-Commerce,Bengaluru,"Sequoia capital and temasek holdings, Edbi, Burda principal investments, And sofina",Series D,1864.5,,Karnataka,
3550,3551,Zolostays,Real Estate,Bengaluru,Trifecta Capital,,0.0,,Karnataka,
3551,3552,Zoomcar,Transportation,Bengaluru,Zoomcar Inc,,0.0,,Karnataka,
3552,3553,1mg,Healthcare,Gurugram,Bill & Melinda Gates Foundation,,81.0,,Haryana,
3553,3554,3one4 Capital,Finance,Bengaluru,,,830.0,,Karnataka,
3554,3555,5C Network,Software,Bengaluru,"Axilor Ventures, Unitus Ventures",,996.0,,Karnataka,
3555,3556,6Degree,Networking,Mumbai,"Keiretsu Forum, SucSEED Venture Partners",,28.0,,Maharashtra,
3556,3557,91springboard,Careers,Delhi,"Pearl Brook Holdings Ltd, Al Nour International Holdings Co.",,49.0,,Delhi,
3557,3558,Aadhar,FinTech,Mumbai,"Sprout Venture Partners, JITO Angel Network, LetsVenture",,0.0,,Maharashtra,
3558,3559,Aagey,EdTech,Bengaluru,"JITO Angel Network, Ketan Kothari, Girish Jain, Sunil Singhvi, Vinay Jain",,0.0,,Karnataka,
3559,3560,Aavenir,SaaS,Ahmedabad,Accel,,16.0,,Gujarat,
3560,3561,Able Jobs,Careers,Bengaluru,"SAIF Partners, Y Combinator, Neeraj Arora, Titan Capital, First Cheque.",,16.0,,Karnataka,
3561,3562,Acculi Labs,Healthcare,Bengaluru,"Mercer Investments, Bessemer Venture Partners",,332.0,,Karnataka,
3562,3563,Acko,FinTech,Mumbai,"RPS Ventures, Intact Ventures",,498.0,,Maharashtra,
3563,3564,AdonMo,FinTech,Bengaluru,Ant Financial,,25.0,,Karnataka,
3564,3565,Aerostrovilos,Aerospace,Chennai,Mumbai Angels Network,,0.0,,Tamil Nadu,
3565,3566,Aesthetic Nutrition,Personal Care,Delhi,DSG Consumer Partners,,0.0,,Delhi,
3566,3567,Aether Biomedical,BioTech,Delhi,Chiratae Ventures,,0.0,,Delhi,
3567,3568,AFK Gaming,Entertainment,Mumbai,,,17.0,,Maharashtra,
3568,3569,Agnikul,Aerospace,Chennai,pi Ventures,,26.0,,Tamil Nadu,
3569,3570,Agrix,AgriTech,Patna,Vikram Sud,,498.0,,Bihar,
3570,3571,Agro2o,AgriTech,Delhi,Mumbai Angels Network,,0.0,,Delhi,
3571,3572,AgroWave,AgriTech,Gurugram,Sekhar Puli,,42.0,,Haryana,
3572,3573,Ahaguru,EdTech,Chennai,"GenNext Ventures, Contrarian Drishti Partners",,448.0,,Tamil Nadu,
3573,3574,Aibono,Agriculture,Bengaluru,"Menterra Venture Advisors, Rianta Capital",,166.0,,Karnataka,
3574,3575,Airmeet,Technology,Bengaluru,"Global Founders Capital, Redpoint",,996.0,,Karnataka,
3575,3576,Airmeet,Technology,Bengaluru,Accel India,,25.0,,Karnataka,
3576,3577,AjnaLens,Technology,Thane,"Hercules Capital, Inc.Bertelsmann",,6230.0,,Maharashtra,
3577,3578,AjnaLens,Technology,Thane,"Maharashtra Defence, Aerospace Venture Fund (MDAVF)",,12.0,,Maharashtra,
3578,3579,Aker Foods,Food,Pune,Mumbai Angels Network,,0.0,,Maharashtra,
3579,3580,Akna Medical,Healthcare,Gurugram,LGT Lightstone Aspada,,57.0,,Haryana,
3580,3581,AlgoBulls,FinTech,Mumbai,Venture Catalysts,,17.0,,Maharashtra,
3581,3582,AlphaVector,FinTech,Bengaluru,"Avaana Capital, Titan Capital",,0.0,,Karnataka,
3582,3583,Altor,FinTech,Kolkata,Venture Catalysts,,0.0,,West Bengal,
3583,3584,Ameliorate Biotech,Healthcare,Bengaluru,"PadUp, Villgro USA, Vinners, LetsVenture, SINE IIT Bombay, DERBI",,2.0,,Karnataka,
3584,3585,AnalytIQSports's SuperCric,Sports,Bengaluru,,,0.0,,Karnataka,
3585,3586,Anaxee Digital Runner,Marketing,Indore,Orios Venture Partners,,0.0,,Madhya Pradesh,
3586,3587,Anveshan,EdTech,Bengaluru,"Better Capital, Kunal Shah, Gaurav Munjal",,8.0,,Karnataka,
3587,3588,Apna.co,Careers,Bengaluru,"Lightspeed India, Sequoia Capital India",,664.0,,Karnataka,
3588,3589,AppsFlyer,Marketing,Bengaluru,General Atlantic,,154.0,,Karnataka,
3589,3590,Aqgromalin,AgriTech,Chennai,Angel investors,,166.0,,Tamil Nadu,
3590,3591,Arata,Entertainment,Delhi,"Nexus Venture Partners, Dream Incubator",,2499.0,,Delhi,
3591,3592,Arrival,Transportation,Bengaluru,Sequoia Capital India,,581.0,,Karnataka,
3592,3593,Arth Designbuild,Technology,Hyderabad,"Startup-O, Eden Ventures",,9.0,,Telangana,
3593,3594,Artivatic.ai,AI,Bengaluru,"SenseAI Ventures, Saurabh Chugh",,0.0,,Karnataka,
3594,3595,Arya,AgriTech,Noida,Quona Capital,,332.0,,Uttar Pradesh,
3595,3596,Arya,AgriTech,Noida,LGT Lightstone Aspada,,49.0,,Uttar Pradesh,
3596,3597,Arzooo,E-Commerce,Bengaluru,"Base Partners, Sequoia Capital India",,1249.0,,Karnataka,
3597,3598,Arzooo,E-Commerce,Bengaluru,AngelList India,,0.0,,Karnataka,
3598,3599,AsknBid,FinTech,Bengaluru,Ravikanth Reddy & Mumbai Angel Network,,0.0,,Karnataka,
3599,3600,Assiduus,E-Commerce,Bengaluru,VC Firm K Partners,,83.0,,Karnataka,
3600,3601,Astrogate Labs,Technology,Bengaluru,"Venture Catalysts, Speciale Invest",,0.0,,Karnataka,
3601,3602,Ather Energy,EV,Bengaluru,Hero MotoCorp,,92.0,,Karnataka,
3602,3603,Ather Energy,EV,Bengaluru,Global Ascent Partners,,0.0,,Karnataka,
3603,3604,Atomberg,Households,Mumbai,"Sandeep Tandon, Survam Partners",,747.0,,Maharashtra,
3604,3605,Avail Finance,FinTech,Bengaluru,"Alphawave, Matrix Partners",,0.0,,Karnataka,
3605,3606,AvalonMeta,EdTech,Bengaluru,Peerplays,,3.0,,Karnataka,
3606,3607,Avanse Financial Services,FinTech,Mumbai,International Finance Corporation,,1249.0,,Maharashtra,
3607,3608,Avataa Me,AI,Bengaluru,Venture Catalysts,,0.0,,Karnataka,
3608,3609,Aviom,Finance,Delhi,"Insitor Partners, C4D Partners",,5.0,,Delhi,
3609,3610,Awifs,E-Commerce,Delhi,"Bisque Limited, Link Investment Trust.",,43.0,,Delhi,
3610,3611,Awign,Careers,Bengaluru,"Unitus Ventures, Work10M",,0.0,,Karnataka,
3611,3612,Awign Enterprises,FinTech,Bengaluru,"Unitus Ventures, Work10M",,42.0,,Karnataka,
3612,3613,Axio Biosolutions,BioTech,Bengaluru,Omidyar Network India,,0.0,,Karnataka,
3613,3614,Ayana,FinTech,Bengaluru,"NIIF Ltd, CDC Group",,581.0,,Karnataka,
3614,3615,Aye Finance,FinTech,Gurugram,"Capital G, Alphabet's Independent growth fund",,227.0,,Haryana,
3615,3616,Aye Finance,FinTech,Gurugram,,,196.0,,Haryana,
3616,3617,Aye Finance,FinTech,Gurugram,Invest in Vision,,137.0,,Haryana,
3617,3618,Bambrew,Healthcare,Bengaluru,"Wavemaker Partners, Subho Ray",,166.0,,Karnataka,
3618,3619,BankBazaar,FinTech,Chennai,"Ramesh Srinivasan, Amazon",,748.0,,Tamil Nadu,
3619,3620,BankBazaar,FinTech,Chennai,WSV Capital,,49.0,,Tamil Nadu,
3620,3621,BankBazaar,FinTech,Chennai,"Amazon, Sequoia, Walden SKT Venture Fund",,31.0,,Tamil Nadu,
3621,3622,BASIC Home Loan,FinTech,Gurugram,"Nishant Rao, Jonathan Boutelle",,374.0,,Haryana,
3622,3623,BestDoc,Healthcare,Kochi,,,174.0,,Kerala,
3623,3624,Betterplace,Services,Bengaluru,"Samyakth Capital, Venture Catalysts",,415.0,,Karnataka,
3624,3625,BharatAgri,AgriTech,Pune,Maple Capital Advisors,,0.0,,Maharashtra,
3625,3626,BharatPe,FinTech,Delhi,Coatue Management,,820.0,,Delhi,
3626,3627,BharatPe,FinTech,Delhi,Ribbit Capital,,615.0,,Delhi,
3627,3628,BHIVE,Hospitality,Bengaluru,Blume Ventures,,83.0,,Karnataka,
3628,3629,Biddano,E-Commerce,Mumbai,Jungle Ventures,,830.0,,Maharashtra,
3629,3630,Big Bang Boom Solutions,Entertainment,Chennai,"Mumbai Angels, Defence Innovation Organisation",,83.0,,Tamil Nadu,
3630,3631,Big Bang Boom Solutions,Entertainment,Chennai,Mumbai Angels Network,,8.0,,Tamil Nadu,
3631,3632,Big Basket,E-Commerce,Bengaluru,Alibaba Holdings,,492.0,,Karnataka,
3632,3633,Big Basket,E-Commerce,Bengaluru,Trifecta Capital,,29.0,,Karnataka,
3633,3634,BigHaat,Agriculture,Bengaluru,"Ankur Capital, Beyond Next Ventures",,16.0,,Karnataka,
3634,3635,BigSpoon Foods,Healthcare,Ahmedabad,"Urmin Family Office, Lemonade Ventures, TrueValue Group MD Yash Shah",,16.0,,Gujarat,
3635,3636,Bijak,AgriTech,Gurugram,RTP Global,,98.0,,Haryana,
3636,3637,Bijnis,E-Commerce,Delhi,"Sequoia Capital India, Matrix Partners India, InfoEdge, Waterbridge Ventures",,82.0,,Delhi,
3637,3638,Bikayi,E-Commerce,Hyderabad,Mantis ventures,,166.0,,Telangana,
3638,3639,Biocon,BioTech,Bengaluru,,,830.0,,Karnataka,
3639,3640,Biomoneta,FinTech,Bengaluru,"Beyond Next Ventures, ArthaVida Ventures, Dr Aniruddha Malpani",,0.0,,Karnataka,
3640,3641,Bira91,Food,Delhi,Anicut Capital,,6375.0,,Delhi,
3641,3642,Bira91,Food,Bengaluru,"Sequoia Capital, Sofina",,164.0,,Karnataka,
3642,3643,Biryani By Kilo,Food,Delhi,"Devanshu Dolat Desai, Anand M Khatau, Debasish Priyadarshi Purohit, Kaushik Shanghvi",,6.0,,Delhi,
3643,3644,BitClass,EdTech,Bengaluru,"Navus Ventures, Rockstart",,42.0,,Karnataka,
3644,3645,BiteSpeed,Food,Gurugram,Whiteboard Capital,,1665.0,,Haryana,
3645,3646,Bizlog,Logistics,Bengaluru,"Alan Patricof, Jim Moffatt",,664.0,,Karnataka,
3646,3647,Bizongo,B2B,Mumbai,Schroder Adveq,,22.0,,Maharashtra,
3647,3648,Blackbuck,Logistics,Bengaluru,Trifecta Venture,,0.0,,Karnataka,
3648,3649,BlackSoil,Finance,Mumbai,Small Industries Development Bank of India,,6640.0,,Maharashtra,
3649,3650,BLive,Transportation,Panaji,Mumbai Angels Network,,0.0,,Goa,
3650,3651,Blowhorn,AI,Bengaluru,Trifecta Capital,,0.0,,Karnataka,
3651,3652,Blue Sky Analytics,Data Analytics,Gurugram,"Beenext, Rainmatter CApital Pvt Ltd, Stanford Angels & Entrepreneurs",,10.0,,Haryana,
3652,3653,BluSmart,Electronics,Gurugram,"Kalpavriksh, JITO Angel Network",,581.0,,Haryana,
3653,3654,Bold Care,Food,Mumbai,"Rajesh Ranavat, Abhishek Shah, Sheetal Bahl, Manu Rikhye, Ashish Taneja, Kabir Kochhar, Mohit Satyanand",,0.0,,Maharashtra,
3654,3655,Bolo Indya,Entertainment,Gurugram,"India Accelerator, Sunil Kamath",,33.0,,Haryana,
3655,3656,Bolo Indya,HR Tech,Gurugram,"Eagle10 Ventures, India Accelerator, HNIs",,2.0,,Haryana,
3656,3657,Bombay Play,Entertainment,Bengaluru,"Ramakant Sharma, Leo Capital India",,83.0,,Karnataka,
3657,3658,Bombay Play,Entertainment,Bengaluru,"Leo capital, Ramakant Sharma",,12.0,,Karnataka,
3658,3659,Bounce,Transportation,Bengaluru,"Accel Partners, B Capital",,78.0,,Karnataka,
3659,3660,Bounce,Transportation,Bengaluru,"Accel Partners, B Capital",,72.0,,Karnataka,
3660,3661,Bounce,Transportation,Bengaluru,InnoVen Capital,,53.0,,Karnataka,
3661,3662,Box8,Delivery,Mumbai,"IIFL Seed Ventures Fund, Menlo park",,33.0,,Maharashtra,
3662,3663,Brainwired,AI,Kochi,"Kritik Abiram, Parthiv Rokadia, Gaurav Saraogi",,0.0,,Kerala,
3663,3664,Brick&Bolt,Construction,Bengaluru,"Meghna Agarwal, Navin Dhanuka",,166.0,,Karnataka,
3664,3665,Brick&Bolt,Construction,Bengaluru,Surge,,12.0,,Karnataka,
3665,3666,Brila 91,Food,Delhi,"Sequoia Capital India, Sixth Sense Ventures",,996.0,,Delhi,
3666,3667,Brinton,Healthcare,Pune,"India Alternatives Private Equity Fund, Tata Capital",,107.0,,Maharashtra,
3667,3668,Bugworks,BioTech,Bengaluru,"University of Tokyo Edge Capital, Global Brain Corporation",,62.0,,Karnataka,
3668,3669,BuildPan,Construction,Indore,"Sunil Kumar Singhvi, Yusho Kawata",,42.0,,Madhya Pradesh,
3669,3670,BuildPan,Construction,Indore,"HNIs in India, Japan, and the US",,0.0,,Madhya Pradesh,
3670,3671,BulBul,Social Media,Gurugram,Info Edge,,71.0,,Haryana,
3671,3672,Bulk MRO,Logistics,Mumbai,Stride Ventures,,27.0,,Maharashtra,
3672,3673,Burgerama,Food,Gurugram,"Madison, Anicut",,0.0,,Haryana,
3673,3674,BYJU'S,EdTech,Bengaluru,"Owl Ventures, Tiger Global Management",,16650.0,,Karnataka,
3674,3675,BYJU'S,EdTech,Bengaluru,"Owl Ventures, Tiger Global Management",,4150.0,,Karnataka,
3675,3676,BYJU'S,EdTech,Bengaluru,Tiger global management,Private Equity,1650.0,,Karnataka,
3676,3677,BYJU'S,EdTech,Bengaluru,DST Global,,914.0,,Karnataka,
3677,3678,BYJU'S,EdTech,Bengaluru,BOND,,0.0,,Karnataka,
3678,3679,Callido Learning,EdTech,Mumbai,Education Catalyst Fund,,0.0,,Maharashtra,
3679,3680,Callify.ai,AI,Mumbai,Malpani Ventures,,0.0,,Maharashtra,
3680,3681,CamCom,AI,Bengaluru,"Triton Investment Advisors,",,0.0,,Karnataka,
3681,3682,Camp K12,EdTech,Gurugram,"Matrix Partners, SAIF Partners",,33.0,,Haryana,
3682,3683,Capital Float,Finance,Bengaluru,"Ribbit Capital, SAIF Partners, Sequoia Capital India, Amazon",,123.0,,Karnataka,
3683,3684,Capital Float,Finance,Bengaluru,"Amazon Inc`, Dinesh J Hinduja",,39.0,,Karnataka,
3684,3685,Capital Float,Finance,Bengaluru,"Sequoia Capital, Ribbit Capital, Amazon, Saif Partners",,11.0,,Karnataka,
3685,3686,Capital Quotient,Finance,Bengaluru,,,0.0,,Karnataka,
3686,3687,Captain Fresh,Food,Bengaluru,Ankur Capital,,19.0,,Karnataka,
3687,3688,Carbon Clean,Technology,Mumbai,"WAVE Equity Partners, Chevron Technology Ventures, Marubeni Corporation.",,131.0,,Maharashtra,
3688,3689,CARS27,Automotive,Gurugram,Vivriti Capital,,11.0,,Haryana,
3689,3690,CarTrade,Automotive,Mumbai,"Pincus, JP Morgan, Temasek, March Capital",,3542.0,,Maharashtra,
3690,3691,CashFree,FinTech,Bengaluru,"George Osborne, Smilegate Investment",,2900.0,,Karnataka,
3691,3692,Cashify,FinTech,Gurugram,"Bessemer Venture Partners, CDH Investments",,249.0,,Haryana,
3692,3693,CashKaro,FinTech,Gurugram,"Ratan Tata, Kalaari Capital",,830.0,,Haryana,
3693,3694,Cell Propulsion,Automotive,Bengaluru,"growX ventures, Sangam Ventures",,0.0,,Karnataka,
3694,3695,Chaayos,Food,Gurugram,Think Investment,,176.0,,Haryana,
3695,3696,Chai Kings,Food,Chennai,The Chennai Angels (TCA),,1.0,,Tamil Nadu,
3696,3697,Chai Waale,Food,Chennai,"Tharun Dhariwal, Sunil Kumar Singhvi, Arun Ostwal, Vishal Ostwal, Gunavanth Vaid, Bharat Kumar",,2.0,,Tamil Nadu,
3697,3698,Charcoal Eats,Food,Mumbai,"Kae Capital, Whiteboard Capital",,0.0,,Maharashtra,
3698,3699,CHARGE+ZONE,EV,Vadodara,Endiya Partners.,,0.0,,Gujarat,
3699,3700,Chargebee,Finance,Chennai,Venture Catalysts,,498.0,,Tamil Nadu,
3700,3701,Chingari,Healthcare,Bengaluru,"LogX Ventures, AngelList’s Utsav Somani, NowFloats’ Jasminder Singh Gulati, AL Trust (Vistra ITCL), Village Global.",,8.0,,Karnataka,
3701,3702,Chingari,Households,Bengaluru,"AngelList India, Utsav Somani, Village Global, LogX Ventures, Jasminder Singh Gulati",,11.0,,Karnataka,
3702,3703,Chiratae Ventures,Finance,Bengaluru,,,0.0,,Karnataka,
3703,3704,ChitMonks,Marketing,Hyderabad,Unicorn India Ventures,,5.0,,Telangana,
3704,3705,Chqbook,FinTech,Gurugram,Aavishkaar Capital,,41.0,,Haryana,
3705,3706,Circle of Angels,EdTech,Gurugram,,,249.0,,Haryana,
3706,3707,CityCash,Real Estate,Mumbai,Orios Venture Partners,,8.0,,Maharashtra,
3707,3708,CityFlo,Transportation,Mumbai,"Anupam Mittal, India Quotient",,581.0,,Maharashtra,
3708,3709,Clair,Healthcare,Chennai,"SOSV, Artesian",,0.0,,Tamil Nadu,
3709,3710,Clairvolex,AI,Gurugram,"JF Mauritius SPV, IndusAge Partners",,166.0,,Haryana,
3710,3711,ClanConnect,Entertainment,Delhi,,,50.0,,Delhi,
3711,3712,ClassMonitor,EdTech,Indore,Ashwin Khorana,,0.0,,Madhya Pradesh,
3712,3713,Classplus,EdTech,Noida,"Spiral Ventures, Surge",,830.0,,Uttar Pradesh,
3713,3714,Classplus,EdTech,Delhi,RTP Global,,67.0,,Delhi,
3714,3715,Classplus,EdTech,Noida,"Blume Ventures, Sequoia",,21.0,,Uttar Pradesh,
3715,3716,Clientjoy,SaaS,Ahmedabad,Goldman Sachs,,1249.0,,Gujarat,
3716,3717,Clover,AgriTech,Bengaluru,"Omnivore, Accel Partners, Mayfield",,45.0,,Karnataka,
3717,3718,Clover,AgriTech,Bengaluru,Alteria Capital,,8.0,,Karnataka,
3718,3719,Clovia,Personal Care,Noida,"Golden Birch Investments, She Capital",,332.0,,Uttar Pradesh,
3719,3720,Codeninja,EdTech,Bengaluru,"Hari Balasubramanian, EaSyndicate",,0.0,,Karnataka,
3720,3721,Codeyoung,EdTech,Bengaluru,Guild Capital,,0.0,,Karnataka,
3721,3722,Codingal,EdTech,Bengaluru,"Pras Hanuma, Rebright Partners, Java Capital, and GSF Accelerator.",,46.0,,Karnataka,
3722,3723,CodingNinjas,EdTech,Delhi,Info Edge Ltd,,43.0,,Delhi,
3723,3724,CoinDCX,Finance,Mumbai,"Coinbase Ventures, Polychain",,830.0,,Maharashtra,
3724,3725,CoinDCX,Finance,Mumbai,"Polychain Capital, Bain Capital Ventures, HDR Group",,25.0,,Maharashtra,
3725,3726,CoinDCX,Finance,Mumbai,Polychain Capital,,21.0,,Maharashtra,
3726,3727,CollegeKhabri,EdTech,Bhopal,Vishal Dixit,,0.0,,Madhya Pradesh,
3727,3728,ConnectedH,Healthcare,Gurugram,,,0.0,,Haryana,
3728,3729,Consure Medical,Healthcare,Delhi,"Accel Partners, Jungle Ventures",,4.0,,Delhi,
3729,3730,Convosight,Communication,Hyderabad,"IvyCap Ventures, Sequoia Capital",,33.0,,Telangana,
3730,3731,Coralogix,Log Management,Bengaluru,Terwilliger Centre,,1574.0,,Karnataka,
3731,3732,CoreStack,Cloud Tech,Chennai,Naya Ventures,,70.0,,Tamil Nadu,
3732,3733,Countingwell,EdTech,Bengaluru,"New Delhi Private School, UAE, Interstar",,46.0,,Karnataka,
3733,3734,Country Delight,Food,Gurugram,"IIFL Asset Management, Matrix Partners",,2075.0,,Haryana,
3734,3735,Cover it Up,FinTech,Chennai,Angel investors,,23.0,,Tamil Nadu,
3735,3736,Craftsvilla,E-Commerce,Mumbai,Supera Investments,,32.0,,Maharashtra,
3736,3737,Craftsvilla,E-Commerce,Mumbai,Supera Investments,,5.0,,Maharashtra,
3737,3738,Cred,FinTech,Bengaluru,"General Catalyst, Ribbit Capital",,6640.0,,Karnataka,
3738,3739,Credgenics,FinTech,Delhi,"Accel India, Breadlake Ventures",,249.0,,Delhi,
3739,3740,Credgenics,FinTech,Delhi,9Unicorns,,17.0,,Delhi,
3740,3741,Credgenics,FinTech,Delhi,Titan Capital,,0.0,,Delhi,
3741,3742,Credit Mantri,FinTech,Chennai,"Ranjit Punja, R Sudarshan, Gowri Mukherjee",,7.0,,Tamil Nadu,
3742,3743,Credit Mantri,FinTech,Chennai,"IDG Ventures, Elevar Equity, Accion",,6.0,,Tamil Nadu,
3743,3744,Credit Wise Capital,FinTech,Mumbai,"Lightspeed India Partners, Accel India",,1540.0,,Maharashtra,
3744,3745,CredR,Automotive,Mumbai,"Lightspeed, Matrix Partners.",,166.0,,Maharashtra,
3745,3746,CredR,Automotive,Mumbai,Stride Ventures,,0.0,,Maharashtra,
3746,3747,Crimson Healthcare,Healthcare,Delhi,Mumbai Angels Network,,2.0,,Delhi,
3747,3748,Crio,EdTech,Bengaluru,021 Capital,,8.0,,Karnataka,
3748,3749,CroFarm,AgriTech,Gurugram,Smile group,,8.0,,Haryana,
3749,3750,CrowdPouch,Media,Bengaluru,Elina Investments,,0.0,,Karnataka,
3750,3751,Crysta,Construction Tech,Delhi,"Green Shots Capital, Alfa Ventures, Real Time Venture, Petrotech, Steel City Securities, Lalit Wadhwa, Dr Kriti Maroli",,1.0,,Delhi,
3751,3752,Cub McPaws,Pet Care,Mumbai,Venture Catalysts,,66.0,,Maharashtra,
3752,3753,Cube,FinTech,Mumbai,"Beenext, Asuka Holding",,4.0,,Maharashtra,
3753,3754,CueMath,EdTech,Bengaluru,"Sequoia Capital India, CapitalG",,3320.0,,Karnataka,
3754,3755,Cuemath,EdTech,Bengaluru,Trifecta Capital,,24.0,,Karnataka,
3755,3756,CureFit,Healthcare,Bengaluru,Temasek,,943.0,,Karnataka,
3756,3757,CureSkin,Healthcare,Bengaluru,SenseAI Ventures,,4.0,,Karnataka,
3757,3758,CUSMAT,AI,Warangal,"Venture Catalysts, Raveen Sastry",,0.0,,Telangana,
3758,3759,Customfit ai,AI,Bengaluru,,,0.0,,Karnataka,
3759,3760,CYFIRMA,FinTech,Bengaluru,Z3 Partners,,0.0,,Karnataka,
3760,3761,Daalchini,Delivery,Noida,Artha Venture Fund,,5.0,,Uttar Pradesh,
3761,3762,Daily Ninja,Consumer Internet,Bengaluru,Big Basket,,3.0,,Karnataka,
3762,3763,DailyHunt,Media,Bengaluru,Lupa India,,292.0,,Karnataka,
3763,3764,DaMENSCH,Technology,Bengaluru,"Whiteboard Capital, Matrix Partners India",,498.0,,Karnataka,
3764,3765,Data Sutram,IoT,Kolkata,"Uday Sodhi, Mitesh Shah, Nitin Jain",,2.0,,West Bengal,
3765,3766,DatStop,Data Analytics,Delhi,"Shabir Momin, OneDigital Entertainment, Saurabh Pathak.",,0.0,,Delhi,
3766,3767,DaveAI,AgriTech,Bengaluru,Mumbai Angels Network,,0.0,,Karnataka,
3767,3768,Dealberg,E-Commerce,Bengaluru,,,0.0,,Karnataka,
3768,3769,DealShare,E-Commerce,Jaipur,"Falcon Edge Capital, Omidyar Network",,1743.0,,Rajasthan,
3769,3770,DebugsBunny,FinTech,Pune,India Angel Fund,,83.0,,Maharashtra,
3770,3771,Decentro,FinTech,Bengaluru,Y Combinator,,127.0,,Karnataka,
3771,3772,DeepSync,AI,Noida,Venkat Raju,,25.0,,Uttar Pradesh,
3772,3773,DeepSync,AI,Noida,"Grand Anicut Angel Fund (GAAF), AL Trust, Beeline Impex Private Limited, 9Unicorns, Accelerator Fund",,3.0,,Uttar Pradesh,
3773,3774,DeepTek,Healthcare,Pune,GHV Accelerator,,0.0,,Maharashtra,
3774,3775,DeHaat,AgriTech,Patna,Sequoia Capital India,,98.0,,Bihar,
3775,3776,Design X,EV,Noida,ThinkNext LLC,,2.0,,Uttar Pradesh,
3776,3777,Dhurnia,Logistics,Dhingsara,"Niren Shah, Rukam Capital Trust",,66.0,,Haryana,
3777,3778,Digit,Technology,Bengaluru,"A91 Partners, Faering Capital, TVS Capital",,63.0,,Karnataka,
3778,3779,Digit,Technology,Bengaluru,"Virat Kohli, Anushka Sharma",,3.0,,Karnataka,
3779,3780,Disprz,EdTech,Chennai,NABVENTURES,,915.0,,Tamil Nadu,
3780,3781,DMI Group,IT,Delhi,NXC Corporation,,1011.0,,Delhi,
3781,3782,DocsApp,Healthcare,Bengaluru,"Bessemer Venture Partners India, Fusian Capital, Rebright Partners, Milliways Fund LLC",,78.0,,Karnataka,
3782,3783,DocSumo,AI,Mumbai,"Better Capital, TechStars, Barclays.",,2.0,,Maharashtra,
3783,3784,Dot Pvt. Ltd,SaaS,Gurugram,"PayU, Fosun RZ Capital",,66.0,,Haryana,
3784,3785,Doubtnut,EdTech,Gurugram,Tencent,,123.0,,Haryana,
3785,3786,Dozee,Healthcare,Bengaluru,,,132.0,,Karnataka,
3786,3787,Dream11,Sports,Mumbai,"Steadview Capital, Tencent Holdings",,1867.0,,Maharashtra,
3787,3788,Driftly Electric,Electronics,Bengaluru,MG Motor India,,0.0,,Karnataka,
3788,3789,DrinkPrime,Food,Bengaluru,Sequoia Surge,,24.0,,Karnataka,
3789,3790,DrinkPrime,Food,Bengaluru,"Abhishek Goyal, Bharat Jaisinghani, FirstCheque",,0.0,,Karnataka,
3790,3791,Drishti Technologies,EdTech,Bengaluru,Sozo Ventures,,205.0,,Karnataka,
3791,3792,Drum Food,Food,Mumbai,"Danone Manifesto, Mousse Partners",,43.0,,Maharashtra,
3792,3793,Dukaan,E-Commerce,Mumbai,"Kora, Tiger Global Management",,498.0,,Maharashtra,
3793,3794,Dunzo,Delivery,Bengaluru,"Wes Schwalje, Alteria Capital",,2320.0,,Karnataka,
3794,3795,Dunzo,Delivery,Bengaluru,,,451.0,,Karnataka,
3795,3796,Dunzo,Delivery,Bengaluru,Alteria Capital,,90.0,,Karnataka,
3796,3797,Earth Energy EV,EV,Mumbai,LR Joshi,,0.0,,Maharashtra,
3797,3798,ECOSTP,FinTech,Bengaluru,"Core91 Fund, Anupam Mittal",,0.0,,Karnataka,
3798,3799,Eden Smart Homes,Households,Kota,Inflection Point Ventures,,0.0,,Rajasthan,
3799,3800,Edhusk,EdTech,Jaipur,Mumbai Angel Network,,0.0,,Rajasthan,
3800,3801,Eduvanz,Finance,Mumbai,Sequoia India,,41.0,,Maharashtra,
3801,3802,Edvizo,EdTech,Bengaluru,Inflection Point Ventures,,1.0,,Karnataka,
3802,3803,Eggoz,Food,Kurawar,"Tracxn Labs, Angellist, Tri-Deep Capital",,3.0,,Madhya Pradesh,
3803,3804,Eggoz,Food,Indore,Mumbai Angels Network,,0.0,,Madhya Pradesh,
3804,3805,EkAnek,E-Commerce,Delhi,"Lightspeed India Partners, Sequoia Capital India",,418.0,,Delhi,
3805,3806,ElecTorq,EV,Delhi,AdvantEdge,,0.0,,Delhi,
3806,3807,Eloelo,Social Media,Bengaluru,,,4.0,,Karnataka,
3807,3808,EM3 Agri,FinTech,Noida,"Global Innovation Fund, Soros Economic Development Fund",,83.0,,Uttar Pradesh,
3808,3809,Embibe,EdTech,Mumbai,Reliance Industries Limited (RIL),,104.0,,Maharashtra,
3809,3810,Ensuredit,Logistics,Gurugram,Venture Catalysts,,25.0,,Haryana,
3810,3811,Entri,EdTech,Kochi,Good Capital,,14.0,,Kerala,
3811,3812,Entri,EdTech,Kochi,Good Capital,,11.0,,Kerala,
3812,3813,Entropik,AI,Bengaluru,"IDFC-Parampara Fund, Bharat Innovation Fund",,664.0,,Karnataka,
3813,3814,EpiFi,FinTech,Bengaluru,"Sequoia India, Ribbit Capital",,11.0,,Karnataka,
3814,3815,Epigamia,Food,Mumbai,KA Enterprise,,20.96,,Maharashtra,
3815,3816,Ergos,AgriTech,Bengaluru,,,124.0,,Karnataka,
3816,3817,Ergos,AgriTech,Bengaluru,Aavishkar Capital,,38.0,,Karnataka,
3817,3818,ERPNext,SaaS,Mumbai,Rainmatter,,83.0,,Maharashtra,
3818,3819,Eruditus,Education,Mumbai,"Bertelsmann India Investments, Sequoia Capital India",,1.0,,Maharashtra,
3819,3820,Ethereum Push Notification Service,AI,Mumbai,Prolific angel investors,,62.0,,Maharashtra,
3820,3821,Etrio,EdTech,Hyderabad,HNIs,,415.0,,Telangana,
3821,3822,Euler Motors,Automotive,Delhi,Inventus III India Fund,,21.0,,Delhi,
3822,3823,Eupheus Learning,EdTech,Delhi,Yuj Ventures,,3.0,,Delhi,
3823,3824,Evage,Electronics,Chandigarh,Anand Shah,,0.0,,Chandigarh,
3824,3825,EWar,Entertainment,Bengaluru,"Jindal Steels, Jeet Banerjee",,2.0,,Karnataka,
3825,3826,EWar,Entertainment,Bengaluru,"Jindal Steels, Jeet Banerjee",,0.0,,Karnataka,
3826,3827,Excess2Sell,E-Commerce,Mumbai,Gautham Madhavan,,8.0,,Maharashtra,
3827,3828,Exotel,FinTech,Bengaluru,"A91 Partners, Artha India Ventures",,415.0,,Karnataka,
3828,3829,Expertrons,EdTech,Mumbai,"Chandigarh Angels Network, Modulor Capital",,8.0,,Maharashtra,
3829,3830,Expertrons,EdTech,Mumbai,"Nikhil Vora, Iceland Venture Studio, LetsVenture, Samyakth Capital",,0.0,,Maharashtra,
3830,3831,Exprs,Logistics,Hyderabad,"Sweta Rau, Sandeep Kapoor",,468.0,,Telangana,
3831,3832,ExtraaEdge,Software,Pune,"Sprout Venture Partners, Indian Angel Network",,0.0,,Maharashtra,
3832,3833,EzeRx,Healthcare,Kolkata,Tandem,,448.0,,West Bengal,
3833,3834,F5,Cloud Tech,Mumbai,LetsVenture investors,,0.0,,Maharashtra,
3834,3835,FabAlley,E-Commerce,Noida,Trifecta Capital,,1.0,,Uttar Pradesh,
3835,3836,FabHotels,Hospitality,Gurugram,"RB Investments Pte. Ltd, Goldman Sachs",,85.0,,Haryana,
3836,3837,FabHotels,Hospitality,Gurugram,AIM Smart City,,83.0,,Haryana,
3837,3838,FamPay,FinTech,Bengaluru,"Y Combinator, Venture Highway, Sequoia India, Global Founders Capital",,39.0,,Karnataka,
3838,3839,Fanball XI,Hospitality,Delhi,"Saurabh Arora, LD Sharma",,0.0,,Delhi,
3839,3840,FanPlay,Technology,Delhi,I2I Capitals,,83.0,,Delhi,
3840,3841,Fanspole,Sports,Mumbai,Better Capital,,0.0,,Maharashtra,
3841,3842,FarEye,Logistics,Delhi,"M12, Honeywell venture capital, Eight Roads Venture",,201.0,,Delhi,
3842,3843,FarmERP,AgriTech,Pune,TechnoGen,,0.0,,Maharashtra,
3843,3844,Farmers Fresh Zone,AgriTech,Kochi,"Artha India Ventures, Nagaraja Prakasam",,39.0,,Kerala,
3844,3845,Fasal,Agriculture,Bengaluru,"Omnivore, Zeroth.AI",,2.0,,Karnataka,
3845,3846,Fashor,Personal Care,Chennai,Sprout venture partners,Seed Round,14.85,,Tamil Nadu,
3846,3847,Fashor,Personal Care,Chennai,Sprout venture partners,,1.0,,Tamil Nadu,
3847,3848,Fedo,Healthcare,Bengaluru,"9Unicorns, Titan Capital, FirstCheque",,25.0,,Karnataka,
3848,3849,Financepeer,E-Commerce,Mumbai,"Ravi Sanghvi, PitchRight Venture",,830.0,,Maharashtra,
3849,3850,Finaureus Technologies,FinTech,Pune,Pinetree Capital,,0.0,,Maharashtra,
3850,3851,Finelistings,FinTech,Delhi,"Accel, Sunder Nookala",,274.0,,Delhi,
3851,3852,Fingerlix,Food,Mumbai,"Accel, Zephyr Peacock, Swiggy, RB Investments.",,15.0,,Maharashtra,
3852,3853,Fingpay,FinTech,Mumbai,IvyCap Ventures,,29.0,,Maharashtra,
3853,3854,Finn,FinTech,Bengaluru,"Unicorn India, PointOne Capital, Astir Ventures",,0.0,,Karnataka,
3854,3855,Finova Capital,Consumer Internet,Jaipur,"Roots Ventures, Better Capital",,415.0,,Rajasthan,
3855,3856,Fintso,FinTech,Mumbai,"Rajeev Juneja, Pratul Shroff, Dilip Khandelwal, Piyush Gupta",,21.0,,Maharashtra,
3856,3857,Firescore,Sports,Mumbai,Crazy Labs,,4.0,,Maharashtra,
3857,3858,FirstCry,E-Commerce,Pune,Softbank’s Vision Fund,,2427.0,,Maharashtra,
3858,3859,Fisdom,EdTech,Bengaluru,"PayU Finance India, Quona Capital",,0.0,,Karnataka,
3859,3860,Fitphilia,Healthcare,Mumbai,Angel investors,,0.0,,Maharashtra,
3860,3861,Fittr,Healthcare,Pune,Surge,,166.0,,Maharashtra,
3861,3862,Fittr,Healthcare,Pune,"Sequoia Capital Surge, Better Capital",,16.0,,Maharashtra,
3862,3863,Fleeca India,FinTech,Jaipur,Bridgestone India,,0.0,,Rajasthan,
3863,3864,FleetX,Logistics,Gurugram,"Lead Angels Network, Roots Ventures",,249.0,,Haryana,
3864,3865,FleetX,Logistics,Gurugram,Beenext,,11.0,,Haryana,
3865,3866,FlexiLoans,FinTech,Mumbai,"Rajasthan Venture Capital Fund, Innovana Thinklabs",,83.0,,Maharashtra,
3866,3867,Flick Stree,Media,Mumbai,Samsung Venture Investment,,25.0,,Maharashtra,
3867,3868,Flickstree,AI,Mumbai,"MOX, Venture Catalysts",,1.0,,Maharashtra,
3868,3869,Flinto,EdTech,Chennai,"Sinai Ventures, Y Combinator",,581.0,,Tamil Nadu,
3869,3870,Flinto,EdTech,Chennai,Lightbox Ventures,,59.0,,Tamil Nadu,
3870,3871,Flipkart,E-Commerce,Bengaluru,"Tencent Holdings, Walmart",,5146.0,,Karnataka,
3871,3872,FoodyBuddy,Food,Belgaum,Rebel Foods,,498.0,,Karnataka,
3872,3873,Forbidden Foods,Food,Delhi,"Globevestor, Secocha Ventures, First Cheque VC, Kashyap Deorah, Vijay Sivaram",,8.0,,Delhi,
3873,3874,Fourth Partner Energy,Energy,Hyderabad,"responsAbility, Grameen Impact India (GIII)",,1324.0,,Telangana,
3874,3875,Fourth Partner Energy,Energy,Bengaluru,ResponsAbility Investments AG,,123.0,,Karnataka,
3875,3876,Fox Capital,FinTech,Jaipur,Institutional Investors,,21.0,,Rajasthan,
3876,3877,FPL Technologies,FinTech,Pune,"Matrix Partners India, Hummingbird Ventures",,830.0,,Maharashtra,
3877,3878,FPL Technologies,FinTech,Pune,"Matrix Partners India, Sequoia Capital India, Hummingbird Ventures",,82.0,,Maharashtra,
3878,3879,Freshokartz,Food,Jaipur,"RB Investments Pte. Ltd, Goldman Sachs",,83.0,,Rajasthan,
3879,3880,FreshtoHome,Food,Bengaluru,"021 Capital, India Quotient",,0.0,,Karnataka,
3880,3881,FreshToHome,Food,Bengaluru,Investment Corporation of Dubai (ICD),,0.0,,Karnataka,
3881,3882,Friyey,Food,Pune,Tarun Bhalla,,0.0,,Maharashtra,
3882,3883,Frontier Markets,AgriTech,Jaipur,"ENGIE RAssembleurs d'Energies, The Rise Fund, and The Singh Family Trusts,Teja Ventures, Beyond Capital Fund.",,18.0,,Rajasthan,
3883,3884,FrontRow,EdTech,Bengaluru,"Ratan Tata, Inflection Point Ventures, Ankur Mittal",,0.0,,Karnataka,
3884,3885,Fullife,Food,Mumbai,Amansa Capital,,54.0,,Maharashtra,
3885,3886,Furlenco,E-Commerce,Bengaluru,"Chowdry Associates, Lightbox",,82.0,,Karnataka,
3886,3887,Furlenco,E-Commerce,Bengaluru,Chowdry Associates,,18.0,,Karnataka,
3887,3888,Gaana,Entertainment,Gurugram,"Tencent Holdings, Times Internet",,422.0,,Haryana,
3888,3889,GabbarDeals,E-Commerce,Pune,Venture Catalysts,,0.0,,Maharashtra,
3889,3890,GalaxyCard,FinTech,Gurugram,"Alibaba Group, InnoVen Capital",,8300.0,,Haryana,
3890,3891,Gamerji,Entertainment,Ahmedabad,La Gajjar Group,,0.0,,Gujarat,
3891,3892,Gamezop,Entertainment,Gurugram,"Powerhouse ventures, Tracxn,",,747.0,,Haryana,
3892,3893,Generic Aadhaar,FinTech,Mumbai,Ratan Tata,,0.0,,Maharashtra,
3893,3894,Generico,Healthcare,Mumbai,Alteria Capital,,1.0,,Maharashtra,
3894,3895,GenieTalk,AI,Indore,,,62.0,,Madhya Pradesh,
3895,3896,Genius Corner,EdTech,Noida,"Mahesh Mohta, Jyoti Arora, Nachu Subramanian, Srivats",,2.0,,Uttar Pradesh,
3896,3897,Genius Teacher,EdTech,Mumbai,Tech Mahindra,,249.0,,Maharashtra,
3897,3898,Genius Teacher,EdTech,Mumbai,"Exfinity Venture Partners, Shesh Kondi",,0.0,,Maharashtra,
3898,3899,GenRobotic,Robotics,Trivandrum,"Amit Lakhotia, Akash Gehani",,166.0,,Kerala,
3899,3900,GeoIQ,AgriTech,Bengaluru,"Ankur Mittal, Mitesh Shah",,25.0,,Karnataka,
3900,3901,GetVantage,FinTech,Mumbai,Northern Arc Capital,,332.0,,Maharashtra,
3901,3902,GetVantage,FinTech,Mumbai,"Samyakth Capital, Venture Catalysts",,0.0,,Maharashtra,
3902,3903,GetWork,Careers,Gurugram,India Accelerator,,3.0,,Haryana,
3903,3904,Gig India,Gig Economy,Pune,"Shantanu Deshpande, Subramaniam Ramadorai",,83.0,,Maharashtra,
3904,3905,Gigforce,Gig Economy,Bengaluru,Unitus Venture,,7.0,,Karnataka,
3905,3906,GigIndia,Gig Economy,Pune,Incubate Fund India,,8.0,,Maharashtra,
3906,3907,Go Desi,Food,Delhi,Rukam Capital,,5.0,,Delhi,
3907,3908,Gobbly,Food,Gurugram,Sauce vc,,4.0,,Haryana,
3908,3909,goDutch,Media,Mumbai,"Matrix India, Y Combinator, Global Founders Capital, Soma Capital, VentureSouq",,14.0,,Maharashtra,
3909,3910,GogoBus,Transportation,Delhi,Ixigo,,0.0,,Delhi,
3910,3911,GoldenPi,Healthcare,Bengaluru,Rainmatter Capital,,4.0,,Karnataka,
3911,3912,GoMechanic,Automotive,Gurugram,"Chiratae Ventures, Sequoia Capital, Orios Venture Partners",,15.0,,Haryana,
3912,3913,GoMechanic,Automotive,Gurugram,Pawan Munjal,,0.0,,Haryana,
3913,3914,Gonuts,Food,Mumbai,"AET Japan, Figure Eight Investments, Waterbridge Ventures",,166.0,,Maharashtra,
3914,3915,GoodGamer,Entertainment,Bengaluru,Venture Catalysts,,207.0,,Karnataka,
3915,3916,Goodmylk,SaaS,Bengaluru,"Ginni International, Elisa Khong, Sandeep Singh, VegInvest",,0.0,,Karnataka,
3916,3917,goStops,Transportation,Delhi,Atraxn Partners.,,0.0,,Delhi,
3917,3918,Gourmet Garden,Food,Bengaluru,"Upfront Ventures, Walkabout Ventures",,374.0,,Karnataka,
3918,3919,GPS Renewables,Technology,Bengaluru,"Ramesh Mangaleswaran, Saikiran Krishnamurthy",,498.0,,Karnataka,
3919,3920,Gradeup,Education,Noida,"Times Internet, TLabs",,71.0,,Uttar Pradesh,
3920,3921,Gram Cover,Finance,Noida,"EMVC, Flourish, Omidyar Network India",,0.0,,Uttar Pradesh,
3921,3922,Gramophone,Entertainment,Indore,"Siana Capital Management, Info Edge",,282.0,,Madhya Pradesh,
3922,3923,GrayQuest,FinTech,Mumbai,Foundation Holdings,,8.0,,Maharashtra,
3923,3924,Green Cure,Healthcare,Delhi,Venture Catalysts,,0.0,,Delhi,
3924,3925,Grinntech,Automotive,Chennai,"Ashok Leyland, V Lakshmi Narayanan",,166.0,,Tamil Nadu,
3925,3926,Grip Invest,Finance,Gurugram,Gemba Capital,,0.0,,Haryana,
3926,3927,GroCurv,Logistics,Gurugram,Unicorn Investments Pte Ltd,,0.0,,Haryana,
3927,3928,Groww,Finance,Bengaluru,"Y Combinator, Ribbit Capital",,2499.0,,Karnataka,
3928,3929,Gully Network,Social Media,Bengaluru,"Mohsin Hani Al Bahrani, MoD",,83.0,,Karnataka,
3929,3930,GullyBuy Software,FinTech,Pune,,,45.0,,Maharashtra,
3930,3931,GUVI,Education,Chennai,"CBA Capital, Gray Matters Capital",,66.0,,Tamil Nadu,
3931,3932,Guvi Geek Network Pvt Ltd,EdTech,Chennai,Education Catalyst Fund,,6.0,,Tamil Nadu,
3932,3933,Habbit Health,Healthcare,Delhi,"3one4 Capital, Angel list India",,0.0,,Delhi,
3933,3934,Habitat,Healthcare,Mumbai,"Unitus Ventures, Whiteboard Capital",,50.0,,Maharashtra,
3934,3935,HaikuJAM,Social Media,Mumbai,"Lightbox. Social Capital, Dunce Capital",,3.0,,Maharashtra,
3935,3936,Hapramp,Social Media,Gurugram,Anand Mahindra,,8.0,,Haryana,
3936,3937,Harappa Education,EdTech,Delhi,James Murdoch-led Lupa Systems,,0.0,,Delhi,
3937,3938,Harmonizer India,Healthcare,Bengaluru,"Flourish Ventures, Lonsdale Capital",,0.0,,Karnataka,
3938,3939,Hasura,Cloud Tech,Bengaluru,"Nexus Venture Partners, Sam Lambert",,207.0,,Karnataka,
3939,3940,HealthPlix,Healthcare,Bengaluru,"JSW Ventures, Chiratae Ventures, Kalaari Capital",,49.0,,Karnataka,
3940,3941,HempStreet,Marketing,Delhi,Pharmacon Holdings,,8.0,,Delhi,
3941,3942,Hevo,Hospitality,Bengaluru,"Qualgro, Lachy Groom",,66.0,,Karnataka,
3942,3943,High Street Essentials,EdTech,Delhi,"SAIF Partners, India Quotient",,22.0,,Delhi,
3943,3944,HighRadius,FinTech,Hyderabad,ICONIQ Capital,,94.0,,Telangana,
3944,3945,Hire Me Car,Automotive,Noida,"MOX, SOSV",,0.0,,Uttar Pradesh,
3945,3946,HobSpace,Real Estate,Mumbai,,,17.0,,Maharashtra,
3946,3947,hoi foods,Food,Delhi,Crowd Fund,,16.0,,Delhi,
3947,3948,HomeCapital,FinTech,Mumbai,Varanium NexGen Fund,,0.0,,Maharashtra,
3948,3949,HomeLane,Design,Bengaluru,"Accel Partners, Sequoia Capital, Evolvence India, JSW Ventures",,664.0,,Karnataka,
3949,3950,HomeLane,Design,Chennai,"Evolvence India Fund (EIF), Pidilite Group, FJ Labs",,8.0,,Tamil Nadu,
3950,3951,HooLiv,Real Estate,Delhi,Kolte-Patil Family Office,,0.0,,Delhi,
3951,3952,Hopscotch,E-Commerce,Mumbai,"Marc Lore, Rise Capital",,2075.0,,Maharashtra,
3952,3953,Hubilo,Event Management,Ahmedabad,"3Lines, Jabbar Internet Group",,623.0,,Gujarat,
3953,3954,Huddle,Consulting,Gurugram,Survam Partners,,33.0,,Haryana,
3954,3955,Humus,Food,Bengaluru,"Venture Catalysts, 9Unicorns, We Founders Circle.",,0.0,,Karnataka,
3955,3956,HungerBox,Food,Bengaluru,IIFL Income Opportunities Fund,,55.0,,Karnataka,
3956,3957,i3 Systems,Technology,Mumbai,"Hatanaka Yosuke, Minomiya Takeo",,83.0,,Maharashtra,
3957,3958,IDfy,FinTech,Mumbai,"Millenna FVCI III, NB Ventures, Dream Incubator",,17.0,,Maharashtra,
3958,3959,iKure,Healthcare,Kolkata,,,21.0,,West Bengal,
3959,3960,Illumnus,Education,Pune,23 High Networth Individuals (HNIs).,,8.0,,Maharashtra,
3960,3961,Illumnus,Education,Pune,Angel investors. HNI,,1.0,,Maharashtra,
3961,3962,iMerit,AI,Kolkata,CDC Group Plc,,164.0,,West Bengal,
3962,3963,Imstrong,E-Commerce,Bengaluru,Rainmatter,,3.0,,Karnataka,
3963,3964,IncNut Digital,Media,Hyderabad,RPSG Ventures,,33.0,,Telangana,
3964,3965,InCred Finance,Finance,Mumbai,"Pushpak Credit, Fiscal",,415.0,,Maharashtra,
3965,3966,IncubateHub,SaaS,Bengaluru,Venture Catalysts,,0.0,,Karnataka,
3966,3967,Indian School Finance Company,FinTech,Hyderabad,Gray Matters Capital,,43.0,,Telangana,
3967,3968,Indusface,Cybersecurity,Bengaluru,Tata Capital Growth Fund II,,41.0,,Karnataka,
3968,3969,Industry Buying,E-Commerce,Delhi,"BlackSoil, BEENEXT",,1249.0,,Delhi,
3969,3970,INDwealth,Finance,Gurugram,"Tiger Global, Steadview Capital, DF International Private Partners",,9.0,,Haryana,
3970,3971,Infeedo,Technology,Gurugram,"Asha Impact, Aavishkaar Venture Capital",,1490.0,,Haryana,
3971,3972,Infeedo,Technology,Gurugram,Y Combinator,,6.0,,Haryana,
3972,3973,Infilect,Automotive,Bengaluru,"Mela Ventures, 1Crowd",,125.0,,Karnataka,
3973,3974,Infinite Uptime,Technology,Pune,"Infrastructure Leasing & Financial Services Limited, Dorm Room Fund",,42.0,,Maharashtra,
3974,3975,Inflexor Ventures,Finance,Mumbai,,,830.0,,Maharashtra,
3975,3976,Info Edge Venture,E-Commerce,Noida,Lightbox,,4150.0,,Uttar Pradesh,
3976,3977,Infra.Market,IT,Thane,"Trifecta Capital Advisors, Nexus Venture Partners",,1665.0,,Maharashtra,
3977,3978,Infurnia,Software,Bengaluru,"Pallav Nadhani, Idein Ventures",,20.0,,Karnataka,
3978,3979,InnAccel,SaaS,Bengaluru,,,124.0,,Karnataka,
3979,3980,InnerChef,Food,Gurugram,Mistletoe,,8.0,,Haryana,
3980,3981,Innoviti,FinTech,Bengaluru,FMO,,41.0,,Karnataka,
3981,3982,Innoviti,FinTech,Bengaluru,"Entrepreneurial Development Bank, Bessemer Venture Partners",,0.0,,Karnataka,
3982,3983,Inntot Technologies,Technology,Kochi,Unicorn India Ventures,,0.0,,Kerala,
3983,3984,Inspektlabs,SaaS,Delhi,"Better Capital, Titan Capital",,5.0,,Delhi,
3984,3985,Instamojo,FinTech,Bengaluru,,,249.0,,Karnataka,
3985,3986,Instasolv,FinTech,Noida,,,16.0,,Uttar Pradesh,
3986,3987,Instoried,Entertainment,Bengaluru,"Rajasthan Venture Capital Fund, AIM Smart City",,50.0,,Karnataka,
3987,3988,Instoried,Entertainment,Bengaluru,"SOSV, Chinaccelerator",,0.0,,Karnataka,
3988,3989,InsuranceDekho,FinTech,Jaipur,GirnarSoft,,1660.0,,Rajasthan,
3989,3990,Intello Labs,AgriTech,Gurugram,Saama Capital,,48.0,,Haryana,
3990,3991,Interviewbit,EdTech,Pune,"Tiger Global Management, Sequoia Capital India, Singapore’s Economic Development Board (EBD)",,1640.0,,Maharashtra,
3991,3992,iNurture Education,EdTech,Bengaluru,Kimera Ltd,,33.0,,Karnataka,
3992,3993,iNurture Education,EdTech,Bengaluru,BlackSoil Capital,,11.0,,Karnataka,
3993,3994,Invento,Robotics,Bengaluru,"Chiripal Group, Ratish Kumar Nair",,0.0,,Karnataka,
3994,3995,InVideo,Technology,Mumbai,Windrose Capital,,50.0,,Maharashtra,
3995,3996,IPHM Services,Healthcare,Mumbai,Indian Angel Fund,,0.0,,Maharashtra,
3996,3997,ITILITE,Transportation,Bengaluru,"Greenoaks Capital, Vy Capital. Matrix Partners India",,107.0,,Karnataka,
3997,3998,IVF Access,Healthcare,Bengaluru,Vertex Ventures SEA & India,,41.0,,Karnataka,
3998,3999,Jade Forest,AgriTech,Delhi,Rajasthan Venture Capital Fund,,75.0,,Delhi,
3999,4000,Jai Kisan,AgriTech,Mumbai,"Arkam Ventures, Nabventures",,32.0,,Maharashtra,
4000,4001,Janani,Healthcare,Bengaluru,"CESC Ventures, Brun Raschle",,249.0,,Karnataka,
4001,4002,JetSynthesys,Entertainment,Pune,"Adar C. Poonawalla, Kris Gopalakrishnan",,332.0,,Maharashtra,
4002,4003,JetSynthesys,Entertainment,Pune,"Adar Poonawalla, Kris Gopalakrishnan",,328.0,,Maharashtra,
4003,4004,Jiffy ai,AI,Bengaluru,Nexus Venture Partners,,148.0,,Karnataka,
4004,4005,Josh Talks,EdTech,Gurugram,Media Development Investment Fund,,12.0,,Haryana,
4005,4006,Juicy Chemistry,Personal Care,Coimbatore,Akya Ventures,,5.0,,Tamil Nadu,
4006,4007,Jumbotail,E-Commerce,Bengaluru,"Ascent Capital, Iron Pillar",,1320.0,,Karnataka,
4007,4008,Jumbotail,E-Commerce,Bengaluru,"Alia Bhatt, Katrina Kaif",,0.0,,Karnataka,
4008,4009,JusPay,FinTech,Bengaluru,Vostok Emerging Finance,,177.0,,Karnataka,
4009,4010,Kaagaz Scanner,FinTech,Gurugram,Pravega Ventures,,48.0,,Haryana,
4010,4011,Karbon Card,FinTech,Bengaluru,"Kunal Shah, Amrish Rau, Jitendra Gupta",,16.0,,Karnataka,
4011,4012,Karfa,FinTech,Delhi,,,0.0,,Delhi,
4012,4013,Keito,AI,Pune,Suma Soft Pvt Ltd,,0.0,,Maharashtra,
4013,4014,Ken42,EdTech,Bengaluru,Turbostart,,12.0,,Karnataka,
4014,4015,Ketto,Crowdfunding,Mumbai,"Mumbai Angels, Redcliffe Capital",,637.0,,Maharashtra,
4015,4016,Khatabook,FinTech,Bengaluru,B Capital Group,,492.0,,Karnataka,
4016,4017,Khatabook,FinTech,Bengaluru,Mahendra Singh Dhoni,,0.0,,Karnataka,
4017,4018,KIKO TV,EdTech,Mumbai,"9Point8 Capital, Sunil Kumar Singhvi",,0.0,,Maharashtra,
4018,4019,Kirana King,E-Commerce,Jaipur,"Rajul Garg, Purvi Capital",,166.0,,Rajasthan,
4019,4020,Kisan Network,FinTech,Gurugram,Atsushi Taira,,25.0,,Haryana,
4020,4021,Kitchens Centre,Food,Delhi,AngelList India,,4.0,,Delhi,
4021,4022,Kitchens Centre,Food,Delhi,"Whiteboard Capital, Ahimsa Capital",,0.0,,Delhi,
4022,4023,Klub,FinTech,Bengaluru,Sequoia Surge,,2.0,,Karnataka,
4023,4024,Knorish,EdTech,Delhi,100x VC,,3.0,,Delhi,
4024,4025,Konfinity,EdTech,Noida,Angel investors,,0.0,,Uttar Pradesh,
4025,4026,KopyKitab,EdTech,Bengaluru,"Paula Mariwala, Siddharth Anand",,0.0,,Karnataka,
4026,4027,Krayonnz,EdTech,Bengaluru,GSF Accelerator,,83.0,,Karnataka,
4027,4028,Krimanshi Feeds,AgriTech,Jodhpur,"Canaan Partners, NewView Capital",,8300.0,,Rajasthan,
4028,4029,Krimanshi Feeds,AgriTech,Jodhpur,"Sandeep Tandon, Daniel Lapus",,166.0,,Rajasthan,
4029,4030,Krimanshi Feeds,AgriTech,Jodhpur,"Techstars, Techstars Bangalore Accelerator",,25.0,,Rajasthan,
4030,4031,Krimanshi Feeds,AgriTech,Jodhpur,Arunachal Pradesh Social Entrepreneurship Meet,,0.0,,Rajasthan,
4031,4032,Krishitantra,AgriTech,Hyderabad,"Aavishkaar Venture Capital, Chiratae Ventures",,415.0,,Telangana,
4032,4033,Kristal AI,AI,Bengaluru,Chiratae Ventures,,1.0,,Karnataka,
4033,4034,Kuku FM,Entertainment,Mumbai,Vertex Ventures,,45.0,,Maharashtra,
4034,4035,Kyt,EdTech,Chennai,Sequoia Capital India’s Surge,,207.0,,Tamil Nadu,
4035,4036,Lal10,E-Commerce,Noida,Sorenson Impact,,9.0,,Uttar Pradesh,
4036,4037,Lancify,Healthcare,Bengaluru,"9Unicorns, 3Lines VC, Hyderabad Angels",,66.0,,Karnataka,
4037,4038,Lattu Kids,EdTech,Mumbai,"Accel, Alteria Capital",,0.0,,Maharashtra,
4038,4039,LAVAL,Finance,Bengaluru,9Unicorns,,0.0,,Karnataka,
4039,4040,LEAD School,Education,Mumbai,"Westbridge Capital, Elevar Equity",,2320.0,,Maharashtra,
4040,4041,LEAD School,Education,Mumbai,"WestBridge Capital, Elevar Equity",,230.0,,Maharashtra,
4041,4042,Leap Club,Communication,Gurugram,"Whiteboard Capital, FirstCheque, Artha India Ventures, Sweta Rau, Deepak Abbot, Amrish Rau, Harpreet Singh Grover",,3.0,,Haryana,
4042,4043,Leap Club,Communication,Gurugram,Titan Capital,,0.0,,Haryana,
4043,4044,Leap Finance,FinTech,Bengaluru,Sequoia India,,45.0,,Karnataka,
4044,4045,Leap India,Logistics,Surabardi,Neev Fund,,246.0,,Maharashtra,
4045,4046,Leena AI,AI,Gurugram,"Rohit Chanana, Sukanta Ganguly",,0.0,,Haryana,
4046,4047,Legal Salah,Technology,Kolkata,"Lee Fixel's Addition, SIG Global, Tanglin Venture Partners",,2499.0,,West Bengal,
4047,4048,LendingKart,FinTech,Ahmedabad,"Fullerton Financial Holdings, Bertelsmann India Investments, Sistema Asia Fund, IndiaQuotient",,132.0,,Gujarat,
4048,4049,LendingKart,FinTech,Ahmedabad,"Fullerton Financial Holdings, Bertelsmann India Investments, Sistema Asia Fund, IndiaQuotient",,93.0,,Gujarat,
4049,4050,Let's Dive,AI,Bengaluru,Surge,,141.0,,Karnataka,
4050,4051,LetsTransport,Logistics,Bengaluru,Innoven Capital,,14.0,,Karnataka,
4051,4052,LetsTransport,Logistics,Bengaluru,Black Soil,,11.0,,Karnataka,
4052,4053,LetsUp,Healthcare,Mumbai,,,0.0,,Maharashtra,
4053,4054,Leverage Edu,EdTech,Delhi,"DSG Consumer Partners, Blume Ventures",,2.0,,Delhi,
4054,4055,Lido Learning,EdTech,Mumbai,Bace Capital,,62.0,,Maharashtra,
4055,4056,Lido Learning,EdTech,Mumbai,"Pecus Capital, Madhur Deora",,25.0,,Maharashtra,
4056,4057,LightSpeedAI,AI,Bengaluru,"YourNest, growX ventures",,0.0,,Karnataka,
4057,4058,LivFin,FinTech,Delhi,"VAMM Ventures, Naresh Malhotra",,166.0,,Delhi,
4058,4059,LivSpace,Design,Bengaluru,"Mercer Investments, Nicholas Cator",,747.0,,Karnataka,
4059,4060,LivSpace,Design,Bengaluru,"Alok Mittal, Manan Maheshwari",,349.0,,Karnataka,
4060,4061,LivSpace,Design,Bengaluru,"Tahoe Investment Group, Mercer Investment",,45.0,,Karnataka,
4061,4062,Livve,Healthcare,Cochin,Unicorn India Ventures,,25.0,,Kerala,
4062,4063,Loadshare,Logistics,Bengaluru,CDC Group,,16.0,,Karnataka,
4063,4064,Locale ai,AI,Bengaluru,Better Capital,,0.0,,Karnataka,
4064,4065,LogiNext,Logistics,Mumbai,"Tiger Global, Steadview Capital",,29.0,,Maharashtra,
4065,4066,Loop Health,Healthcare,Pune,"Y Combinator, Sierra Ventures",,0.0,,Maharashtra,
4066,4067,M1xchange,FinTech,Gurugram,"BEENEXT, Mayfield Fund",,374.0,,Haryana,
4067,4068,Magicpin,Consumer Internet,Gurugram,Samsung Venture Investment Corporation,,57.0,,Haryana,
4068,4069,Magicpin,Consumer Internet,Gurugram,Lightspeed Venture Partners,,32.0,,Haryana,
4069,4070,MamaEarth,E-Commerce,Gurugram,Sequoia capital india,Series B,151.46,,Haryana,
4070,4071,MamaEarth,E-Commerce,Gurugram,Sequoia India,,14.0,,Haryana,
4071,4072,Masai School,Education,Bengaluru,"Unitus Ventures, India Quotient, AngelList India",,21.0,,Karnataka,
4072,4073,MasterG,EdTech,Delhi,Acumen Fund's angel programme,,0.0,,Delhi,
4073,4074,MaxWholesale,E-Commerce,Delhi,"IAN Fund-I, Al Falaj Investment Company (AFI)",,25.0,,Delhi,
4074,4075,MaxWholesale,E-Commerce,Delhi,"Al Falaj Commercial Investment Co, Vistra ITCL India",,6.0,,Delhi,
4075,4076,MCaffeine,Personal Care,Mumbai,"RPSG Ventures, Amicus Capital",,241.0,,Maharashtra,
4076,4077,MCaffeine,Personal Care,Mumbai,"Makers Fund, Courtside Ventures",,166.0,,Maharashtra,
4077,4078,MechMocha,Entertainment,Bengaluru,"Accel India, Blume Ventures, 3F Ventures, Akatsuki Inc",,4.0,,Karnataka,
4078,4079,Medfin,Healthcare,Bengaluru,"Axilor Ventures, S.D. Shibulal",,0.0,,Karnataka,
4079,4080,MedGenome,Healthcare,Bengaluru,LeapFrog Investments,,451.0,,Karnataka,
4080,4081,Medicus,Healthcare,Mumbai,Angel investors,,0.0,,Maharashtra,
4081,4082,Medlife,Healthcare,Bengaluru,Ivy Icon,,570.0,,Karnataka,
4082,4083,Medlife,Healthcare,Bengaluru,Hero Fincorp,,127.0,,Karnataka,
4083,4084,Melorra,E-Commerce,Bengaluru,"Jamshed Jeejeebhoy, Symphony International Holdings",,1041.0,,Karnataka,
4084,4085,Melorra,E-Commerce,Bengaluru,"Shadows Holdings, Lightbox",,670.0,,Karnataka,
4085,4086,Mera Cashier,FinTech,Noida,"Sukhbir Singh, India Accelerator, Boudhik Ventures, Shankar Nath, Shaurya Garg",,1.0,,Uttar Pradesh,
4086,4087,Mera Cashier,FinTech,Noida,"Amit Singal, Manish Aggarwal",,0.0,,Uttar Pradesh,
4087,4088,MergerDomo,Logistics,Noida,"Nadir Godrej, Individual Investors",,2.0,,Uttar Pradesh,
4088,4089,MetaMerphoSys,IT,Pune,Good Capital,,0.0,,Maharashtra,
4089,4090,Metvy,EdTech,Gurugram,HostelFund,,0.0,,Haryana,
4090,4091,Mihup,B2B,Kolkata,"Ideaspring Capital, Accel",,124.0,,West Bengal,
4091,4092,MikeLegal,Technology,Gurugram,,,191.0,,Haryana,
4092,4093,Miko,EdTech,Mumbai,Advent Partners,,0.0,,Maharashtra,
4093,4094,Milk Mantra,Food,Bhubaneswar,US International Development Finance Corporation,,82.0,,Odisha,
4094,4095,MilkBasket,E-Commerce,Gurugram,Inflection Point Ventures,,45.0,,Haryana,
4095,4096,Mindhouse,Healthcare,Gurugram,"GGV Capital, Sahi Barual",,2.0,,Haryana,
4096,4097,MindTickle,EdTech,Pune,"3Lines, Jabbar Internet Group",,0.0,,Maharashtra,
4097,4098,MinionLabs,AI,Bengaluru,Indian Angel Network,,0.0,,Karnataka,
4098,4099,Mintoak,Finance,Mumbai,Pravega Ventures,,16.0,,Maharashtra,
4099,4100,Mitron TV,Entertainment,Bengaluru,Lokmat Investments,,166.0,,Karnataka,
4100,4101,Mitron TV,Entertainment,Bengaluru,Nexus Venture Partners,,41.0,,Karnataka,
4101,4102,Mitron TV,Entertainment,Bengaluru,"3One4 Capital, LetsVenture",,2.0,,Karnataka,
4102,4103,MobiGarage,AgriTech,Delhi,,,0.0,,Delhi,
4103,4104,Mobikwik,FinTech,Gurugram,"Hindustan Media Venture, Nicolas Jarrosson",,8.0,,Haryana,
4104,4105,Mobile Premier League (MPL),Entertainment,Bengaluru,"Base Partners, GO Ventures",,747.0,,Karnataka,
4105,4106,Mobile Premier League (MPL),Entertainment,Bengaluru,"Sequoia Capital India, Times Internet",,614.0,,Karnataka,
4106,4107,Mobile Premier League (MPL),Entertainment,Bengaluru,"Sequoia Capital India, Times Internet",,415.0,,Karnataka,
4107,4108,Mobile Premier League (MPL),Entertainment,Bengaluru,DSG Consumer Partners,,83.0,,Karnataka,
4108,4109,Mobile Premier League (MPL),Entertainment,Bengaluru,"Pegasus Tech Ventures, Base Partners",,42.0,,Karnataka,
4109,4110,MoEngage,SaaS,Bengaluru,Eight Roads Ventures,,205.0,,Karnataka,
4110,4111,Moms Co,E-Commerce,Gurugram,"DSG Consumer Partners, Saama Capital",,664.0,,Haryana,
4111,4112,Monech,FinTech,Mumbai,Angel investors,,0.0,,Maharashtra,
4112,4113,Monet Networks,FinTech,Delhi,Java Capital,,0.0,,Delhi,
4113,4114,Moneyboxx Finance,FinTech,Delhi,"BlackSoil, Caspian",,83.0,,Delhi,
4114,4115,MoneyTap,FinTech,Bengaluru,"Aquiline Technology Growth (ATG), RTP Global, Sequoia India",,52.0,,Karnataka,
4115,4116,MoooFarm,AgriTech,Gurugram,"Poonawalla, Allana Group",,8300.0,,Haryana,
4116,4117,Morning Context,Media,Delhi,Angel investors,,0.0,,Delhi,
4117,4118,MPowered,FinTech,Gurugram,"Ashok Nichani, Shelly Nichani",,172.0,,Haryana,
4118,4119,Multi Living,Real Estate,Mumbai,Lodha Ventures,,49.0,,Maharashtra,
4119,4120,Muse Wearables,Personal Care,Chennai,Dr. Bhaskar Rao Bollineni,,25.0,,Tamil Nadu,
4120,4121,MyClassboard,EdTech,Hyderabad,ICICI Bank.,,498.0,,Telangana,
4121,4122,Myelin Foundry,IT,Bengaluru,Pratithi,,0.0,,Karnataka,
4122,4123,MyGlamm,Personal Care,Mumbai,Bessemer Venture Partners,,83.0,,Maharashtra,
4123,4124,MyGlamm,Personal Care,Mumbai,"Tano India, L’Occitane, Bessemer",,35.0,,Maharashtra,
4124,4125,MyKaam,Careers,Bengaluru,"Dr Apoorva Ranjan Sharma, Mrunal Jhaveri, Nirav Panchmatia, Vikas Kapoor, Karan Garg",,0.0,,Karnataka,
4125,4126,MySUN,Energy,Noida,,,35.0,,Uttar Pradesh,
4126,4127,NCOME,FinTech,Delhi,"Venture Catalysts, PointOne Capital",,332.0,,Delhi,
4127,4128,Near Store,E-Commerce,Mumbai,Sauce.vc,,2.0,,Maharashtra,
4128,4129,Neeman,Personal Care,Hyderabad,Anicut Angel Fund,,8.0,,Telangana,
4129,4130,NEETprep,EdTech,Delhi,IndiaQuotient,,0.0,,Delhi,
4130,4131,NeoDocs,Aerospace,Mumbai,9Unicorns Accelerator Fund,,0.0,,Maharashtra,
4131,4132,Nepra,AgriTech,Ahmedabad,Titan Capital,,8.0,,Gujarat,
4132,4133,New Delhivery,Logistics,Gurugram,"Steadview Capital, Canada Pension Plan Investment Board",,1743.0,,Haryana,
4133,4134,News Reach,Media,Ahmedabad,Mumbai Angels Network,,0.0,,Gujarat,
4134,4135,NewsBytes,Media,Gurugram,North Base Media,,12.0,,Haryana,
4135,4136,NewsReach,Media,Ahmedabad,"Mumbai Angels, JITO Angel Network.",,124.0,,Gujarat,
4136,4137,Newton School,Event Management,Bengaluru,Nexus Venture Partners,,54.0,,Karnataka,
4137,4138,Nimesa,AI,Bengaluru,Ideaspring capital,,0.0,,Karnataka,
4138,4139,Ninjacart,AgriTech,Bengaluru,"Tiger Global Management, Sequoia Capital India",,8300.0,,Karnataka,
4139,4140,Ninjacart,AgriTech,Bengaluru,"Flipkart India, Singapore-based GEC3",,8.0,,Karnataka,
4140,4141,NIRA,Finance,Bengaluru,"Techstars Bangalore Accelerator, Techstars",,83.0,,Karnataka,
4141,4142,NIRA,Finance,Bengaluru,Angel investors,,17.0,,Karnataka,
4142,4143,NirogStreet,Healthcare,Gurugram,"Sriharsha Majety, Rahul Jaimini",,0.0,,Haryana,
4143,4144,Nium,FinTech,Mumbai,"VisaVentures, BRI Ventures",,0.0,,Maharashtra,
4144,4145,NoBroker,Consumer Internet,Bengaluru,General Atlantic,,246.0,,Karnataka,
4145,4146,NOTO,Food,Mumbai,WEH Ventures,,0.0,,Maharashtra,
4146,4147,NuNu TV,Media,Delhi,Risers Accelerators,,5.0,,Delhi,
4147,4148,Nupay,FinTech,Gurugram,Venture Catalysts,,0.0,,Haryana,
4148,4149,Nutrova,Healthcare,Mumbai,DSG Consumer Partners,,0.0,,Maharashtra,
4149,4150,NWNT (No Worry No Tension Healthcare),Healthcare,Delhi,Amit Burman,,0.0,,Delhi,
4150,4151,Nykaa,Consumer Internet,Mumbai,"Nexus Venture Partners, Capria Ventures",,915.0,,Maharashtra,
4151,4152,Nykaa,Consumer Internet,Mumbai,Steadview Capital,,204.0,,Maharashtra,
4152,4153,Nykaa,Consumer Internet,Mumbai,Steadview capital,,108.0,,Maharashtra,
4153,4154,Nykaa,Consumer Internet,Mumbai,Steadview capital,,72.0,,Maharashtra,
4154,4155,Nykaa,Consumer Internet,Mumbai,"Alia Bhatt, Katrina Kaif",,0.0,,Maharashtra,
4155,4156,OckyPocky,EdTech,Haryana,"SucSEED Venture Partners, ah! Ventures",,33.0,,Haryana,
4156,4157,Oda Class,EdTech,Bengaluru,Yuanfudao,,0.0,,Karnataka,
4157,4158,Odwen,AgriTech,Noida,Prospect Partners.,,5.0,,Uttar Pradesh,
4158,4159,Oga Fit,Healthcare,Bengaluru,"Sanjay Ramakrishnan, Ravi Garikipati",,25.0,,Karnataka,
4159,4160,Oga Fit,Healthcare,Bengaluru,"Inflection Point Ventures, Mitesh Shah",,17.0,,Karnataka,
4160,4161,Oga Fit,Healthcare,Bengaluru,Inflection Point Ventures,,3.0,,Karnataka,
4161,4162,Ola,Transportation,Bengaluru,Matrix Partners,,221.0,,Karnataka,
4162,4163,Ola,Transportation,Bengaluru,Pawan Munjal Family Trust Fund,,8.0,,Karnataka,
4163,4164,OM Bhakti,E-Commerce,Bengaluru,Venture Catalysts,,0.0,,Karnataka,
4164,4165,Omatra Hotels,Hospitality,Kolkata,Capify,,0.0,,West Bengal,
4165,4166,OneCode,E-Commerce,Gurugram,WaterBridge Ventures,,166.0,,Haryana,
4166,4167,Onsitego,Services,Mumbai,"Accel, Zodius Capital",,2499.0,,Maharashtra,
4167,4168,Onsitego,Services,Mumbai,Zodius Growth Fund,,156.0,,Maharashtra,
4168,4169,OpenApp,Software,Bengaluru,Unicorn India Ventures,,4.0,,Karnataka,
4169,4170,Origa,E-Commerce,Andheri,"500 Startups, ah! Ventures",,166.0,,Maharashtra,
4170,4171,Origo Commodities India Pvt. Ltd,AgriTech,Gurugram,"Rajasthan Venture Capital Fund, AIM Smart City",,42.0,,Haryana,
4171,4172,Otipy,E-Commerce,Delhi,Inflection Point Ventures,,83.0,,Delhi,
4172,4173,OurEye.ai,Food,Bengaluru,"100X VC, Amara Ventures",,99.0,,Karnataka,
4173,4174,Oye! Rickshaw,Transportation,Delhi,Chiratae Ventures,,82.0,,Delhi,
4174,4175,Oziva,Personal Care,Mumbai,Matrix Partners,,41.0,,Maharashtra,
4175,4176,PadCare Labs,Healthcare,Pune,Venture Center,,0.0,,Maharashtra,
4176,4177,PagarBook,FinTech,Bengaluru,"Sequoia Capital, India Quotient",,1249.0,,Karnataka,
4177,4178,PakkaProfile,Social Media,Bengaluru,"NABVENTURES, Omnivore",,83.0,,Karnataka,
4178,4179,Pando,Logistics,Chennai,Chiratae ventures,Series A,74.25,,Tamil Nadu,
4179,4180,Pando,Logistics,Chennai,Chiratae Ventures,,9.0,,Tamil Nadu,
4180,4181,Pandorum,BioTech,Bengaluru,"021 Capital, Karnataka Information Technology Venture Capital Fund",,420.0,,Karnataka,
4181,4182,Paper Boat,Food,Bengaluru,"Advent Management, A91 Emerging Fund, Trifecta Venture",,33.0,,Karnataka,
4182,4183,Paper Boat,Food,Gurugram,"Sofina Ventures, A91 Emerging fund, SCI Growth Investment II, Catamarann Ventures",,30.0,,Haryana,
4183,4184,Pariksha,EdTech,Pune,"INSEAD Angels, IIT Kanpur Angels, Sixth Sense Ventures, Saahil Bhatia",,0.0,,Maharashtra,
4184,4185,Park+,Food,Gurugram,"Sequoia Capital, Matrix Partners India",,8.0,,Haryana,
4185,4186,ParkSmart,Transportation,Delhi,Ah! Ventures,,2.0,,Delhi,
4186,4187,PayMart,FinTech,Chandigarh,"IIM Ahmedabad’s incubator (CIIE.CO),Chandigarh Angels Network",,0.0,,Chandigarh,
4187,4188,Paytm,E-Commerce,Bengaluru,One97 Communications,,46.0,,Karnataka,
4188,4189,Pedagogy,EdTech,Ahmedabad,Inflection Point Ventures,,3.0,,Gujarat,
4189,4190,Peel Works,Logistics,Mumbai,CESC Ventures,,0.35,,Maharashtra,
4190,4191,Peel-Works,Logistics,Mumbai,Lightspeed India,,290.0,,Maharashtra,
4191,4192,Pepperfry,Content Creation,Mumbai,"Tiger Global Management, William Bissell",,415.0,,Maharashtra,
4192,4193,Pepperfry,E-Commerce,Mumbai,Pidilite Industries,,328.0,,Maharashtra,
4193,4194,Pepperfry,Healthcare,Mumbai,"Kunal Bahl, Rohit Bansal",,3.0,,Maharashtra,
4194,4195,Peppermint,E-Commerce,Mumbai,"Venture Catalysts, Naveen Kshatriya,",,0.0,,Maharashtra,
4195,4196,Pesto,Healthcare,Delhi,"Digital Finance Group, FundersClub",,0.0,,Delhi,
4196,4197,PetPooja,Pet Care,Ahmedabad,Udaan,,16.0,,Gujarat,
4197,4198,Phable,Healthcare,Bengaluru,Inflection Point Ventures,,8.0,,Karnataka,
4198,4199,Phenom People,HR Tech,Hyderabad,WestBridge Capital,,22.0,,Telangana,
4199,4200,Phone Pe,FinTech,Bengaluru,Flipkart,,191.0,,Karnataka,
4200,4201,Phone Pe,FinTech,Bengaluru,"Flipkart, Walmart",,83.0,,Karnataka,
4201,4202,Phone Pe,FinTech,Bengaluru,Accelerator MOX,,0.0,,Karnataka,
4202,4203,Phool.co,Technology,Kanpur,Kaplan Foundation,,35.0,,Uttar Pradesh,
4203,4204,Pickright Technologies,FinTech,Bengaluru,"Sanjay Mehta, Vikram Pandya, Gaurav Gupta, Vivel Srivatsav, Madhavi Bollipalli, Srinivas Paanem, Satish Bogullu",,1.0,,Karnataka,
4204,4205,Pickrr,Logistics,Delhi,Swastika,,1665.0,,Delhi,
4205,4206,Picxy,Internet,Hyderabad,"FirstCheque, Angellist India, Aakrit Vaish, Ranjith Radhakrishnan",,2.0,,Telangana,
4206,4207,Piggy Ride,Transportation,Bengaluru,"JAFCO Asia, Artha Venture Fund",,15.0,,Karnataka,
4207,4208,Pine Labs,FinTech,Noida,Mastercard,,0.0,,Uttar Pradesh,
4208,4209,Pitstop,Consumer Internet,Bengaluru,"Clairvest Group, Ontario Centres of Excellence",,84.0,,Karnataka,
4209,4210,Pitstop,Consumer Internet,Bengaluru,TPG-backed Group Landmark,,21.0,,Karnataka,
4210,4211,Pixr10,Media,Ghaziabad,"Lightspeed India Partners, Blume Ventures, GrowX ventures",,41.0,,Uttar Pradesh,
4211,4212,PlanetSpark,EdTech,Gurugram,"Indian Angel Network, Lead Angels, Hyderabad Angels",,4.0,,Haryana,
4212,4213,PlayerzPot,FinTech,Mumbai,"Venture Catalysts, SOSV",,83.0,,Maharashtra,
4213,4214,Plop,Food,Mumbai,"Better Capital, LetsVenture, Rohit Chanana, Jayant Kadambi, Sunil Kumar Singhvi",,0.0,,Maharashtra,
4214,4215,Plum,Healthcare,Bengaluru,"Surge, Tanglin Venture Partners",,340.0,,Karnataka,
4215,4216,Plum,Healthcare,Thane,"Ronald Conway, Bay Partners",,10.0,,Maharashtra,
4216,4217,Plum,Healthcare,Bengaluru,Incubate Fund,,8.0,,Karnataka,
4217,4218,Pocket FM,Entertainment,Bengaluru,"RPSG Ventures, Amicus Capital",,415.0,,Karnataka,
4218,4219,Pocket FM,Entertainment,Bengaluru,Gameskraft,,14.0,,Karnataka,
4219,4220,Portea Medical,Healthcare,Bengaluru,Lightstone Global Funds,,151.0,,Karnataka,
4220,4221,Postman,Software,Bengaluru,Insight Partners,,1230.0,,Karnataka,
4221,4222,Power Gummies,Healthcare,Delhi,Venture Catalysts,,0.0,,Delhi,
4222,4223,PratiLipi,Consumer Internet,Bengaluru,Tencent,,77.0,,Karnataka,
4223,4224,Pravasirojgar,Careers,Mumbai,GoodWorker.,,2749.0,,Maharashtra,
4224,4225,Prayaan Capital,FinTech,Chennai,Accion Venture Lab,,10.0,,Tamil Nadu,
4225,4226,Precily,Social Media,Bengaluru,"Windrose Capital, Anil Advani",,0.0,,Karnataka,
4226,4227,Prescinto,Logistics,Ahmedabad,"Startup incubator, Accelerator Venture Catalysts",,0.0,,Gujarat,
4227,4228,Prescribe,SaaS,Chennai,"Jonathan Swanson, Ankush Gera",,0.0,,Tamil Nadu,
4228,4229,Pristyn Care,Healthcare,Gurugram,"Sequoia Capital India, Hummingbird Ventures",,915.0,,Haryana,
4229,4230,Probus Smart Things,Food,Delhi,Unicorn India Ventures,,0.0,,Delhi,
4230,4231,Procol,Logistics,Delhi,Sequoia Surge,,31.0,,Delhi,
4231,4232,ProEves,Healthcare,Delhi,1Crowd,,0.0,,Delhi,
4232,4233,Prolixr,EdTech,Gurugram,"Alfa Ventures, Divij Bajaj",,0.0,,Haryana,
4233,4234,ProPhysio,Healthcare,Bengaluru,Nestavera Ventures.,,1.0,,Karnataka,
4234,4235,Protinus Fashion Social Media Pvt Ltd,Personal Care,Mumbai,SucSEED Ventures,,0.0,,Maharashtra,
4235,4236,Public,Sports,Delhi,"Triodos, Caspian",,249.0,,Delhi,
4236,4237,Pulse,FinTech,Mumbai,,,62.0,,Maharashtra,
4237,4238,PumPumPum,E-Commerce,Gurugram,,,30.0,,Haryana,
4238,4239,PumPumPum,E-Commerce,Gurugram,LetsVenture Syndicate,,2.0,,Haryana,
4239,4240,PurohitJi,Services,Bengaluru,Bhadresh,,0.0,,Karnataka,
4240,4241,Purple Style Labs,EdTech,Mumbai,"Jitendra Gupta, Astarc Ventures.",,7.0,,Maharashtra,
4241,4242,Purplle,E-Commerce,Mumbai,Verlinvest,,1.0,,Maharashtra,
4242,4243,Qapita,Entertainment,Hyderabad,"Alto Partners, Mission Holdings",,166.0,,Telangana,
4243,4244,Qin1,AI,Noida,Venture Catalysts,,0.0,,Uttar Pradesh,
4244,4245,QShala,EdTech,Bengaluru,,,25.0,,Karnataka,
4245,4246,QTalk,Communication,Bengaluru,"Accel India, Lightspeed Venture Partners",,13.0,,Karnataka,
4246,4247,QuaQua,AgriTech,Hyderabad,Anthill Ventures,,8.0,,Telangana,
4247,4248,Quicko,FinTech,Ahmedabad,"Zerodha fintech fund, Rainmatter",,0.0,,Gujarat,
4248,4249,Quintype Technologies,Data Analytics,Bengaluru,IIFL AMC,,291.0,,Karnataka,
4249,4250,Quintype Technologies,Data Analytics,Bengaluru,"IIFL Asset Management, Raghav Bahl",,3.0,,Karnataka,
4250,4251,Qure ai,Healthcare,Mumbai,Sequoia India,,131.0,,Maharashtra,
4251,4252,Qyuki,Media,Mumbai,Info Edge Venture Fund,,29.0,,Maharashtra,
4252,4253,qZense,AgriTech,Bengaluru,"Venture Catalysts, 9Unicorns Accelerator Fund",,498.0,,Karnataka,
4253,4254,RACEnergy,AgriTech,Hyderabad,"GrowX ventures, Prophetic Ventures",,0.0,,Telangana,
4254,4255,Rage Coffee,Food,Delhi,Refex Capital,,0.0,,Delhi,
4255,4256,Railofy,Logistics,Mumbai,Oaks Asset Management,,374.0,,Maharashtra,
4256,4257,Railofy,Logistics,Mumbai,Chiratae Ventures.,,75.0,,Maharashtra,
4257,4258,RailYatri,Travel,Noida,"Nandan Nilekani, Samsung Venture Investment Corporation",,113.0,,Uttar Pradesh,
4258,4259,Rapawalk,Sports,Bengaluru,"Better Capital, Gunosy",,415.0,,Karnataka,
4259,4260,Rare Planet,E-Commerce,Kolkata,"Sujeet Kumar, Hemesh Singh",,33.0,,West Bengal,
4260,4261,Rare Planet,E-Commerce,Kolkata,"Riso Investments, Lenskart",,0.0,,West Bengal,
4261,4262,Raskik,AgriTech,Hyderabad,"Venture Catalysts, 9Unicorns",,83.0,,Telangana,
4262,4263,Razorpay,FinTech,Bengaluru,"Stride Ventures, YourNest Venture Capital",,249.0,,Karnataka,
4263,4264,Rebel Foods,Food,Mumbai,Coatue Management,,415.0,,Maharashtra,
4264,4265,Rebel Foods,Food,Mumbai,Coatue Management,,410.0,,Maharashtra,
4265,4266,Rebel Foods,Food,Mumbai,Coatue Management,,217.0,,Maharashtra,
4266,4267,Rebel Foods,Food,Mumbai,Alteria Capital,,40.0,,Maharashtra,
4267,4268,Recko,FinTech,Bengaluru,Vertex Ventures,,49.0,,Karnataka,
4268,4269,Recordent,Entertainment,Hyderabad,,,0.0,,Telangana,
4269,4270,Refrens,FinTech,Bengaluru,"Vijay Shekhar Sharma, Anupam Mittal",,8.0,,Karnataka,
4270,4271,Reliance Retail Ventures,Services,Mumbai,"General Atlantic, Kohlberg Kravis Roberts",,6640.0,,Maharashtra,
4271,4272,Reliance Retail Ventures,Services,Mumbai,"Accel, Steadview Capital",,4565.0,,Maharashtra,
4272,4273,Reliance Retail Ventures,Services,Mumbai,Silver Lake Partners,,844.0,,Maharashtra,
4273,4274,Reliance Retail Ventures,Services,Mumbai,"Lightspeed, Elevation, Deepika Padukone",,266.0,,Maharashtra,
4274,4275,Remedo,Healthcare,Bengaluru,River Rock Ventures. Inflection Point Ventures,,0.0,,Karnataka,
4275,4276,ReNEWate,Technology,Pune,"Rohit Bansal, Rohan Ranavat",,0.0,,Maharashtra,
4276,4277,Rentmojo,Consumer Internet,Bengaluru,"Chiratae Ventures, Accel Partners, BCIP Venture Associates, Bain Capital, Renaud Laplanche",,26.0,,Karnataka,
4277,4278,Rentmojo,Consumer Internet,Bengaluru,"Gautam Dalmia, Pratithi Investment Trust, Shri Investment",,24.0,,Karnataka,
4278,4279,Rentomojo,Consumer Internet,Bengaluru,GMO Payment Gateway,,2.0,,Karnataka,
4279,4280,Rephrase.ai,AI,Bengaluru,"Techstars Bengaluru Accelerator, Techstars",,124.0,,Karnataka,
4280,4281,Ripsey,E-Commerce,Mumbai,Ah! Ventures,,1.0,,Maharashtra,
4281,4282,Riskcovry,FinTech,Mumbai,"Bharat Inclusion Seed Fund, Varanium Capital, and Better Capital",,0.0,,Maharashtra,
4282,4283,Rivigo,Logistics,Gurugram,"Elevation Capital, Trifecta Capital Advisors",,1574.0,,Haryana,
4283,4284,Rivigo,Logistics,Gurugram,Trifecta Capital,,3.0,,Haryana,
4284,4285,RoomSoom,Real Estate,Noida,Mumbai Angels Network,,0.0,,Uttar Pradesh,
4285,4286,Rooter,Sports,Delhi,"Paytm, leAD Sports, Rockstud Capital, Founder Bank Capital",,14.0,,Delhi,
4286,4287,Routematic,Logistics,Bengaluru,HeroMotoCorp Ltd and Sachin Bansal,,2900.0,,Karnataka,
4287,4288,Rupeek,FinTech,Bengaluru,"KB Investment, Bertelsmann India Investments",,3735.0,,Karnataka,
4288,4289,Rupeek,FinTech,Bengaluru,"GGV Capital, Bertelsmann India Investments, Binny Bansal, Sequoia India, Accel Partners",,246.0,,Karnataka,
4289,4290,Rupifi,Food,Bengaluru,"Ashneer Grover, Kunal Shah, Ramakant Sharma",,0.0,,Karnataka,
4290,4291,RuralBasket,Food,Tirunelveli,Nativelead Foundation,,42.0,,Tamil Nadu,
4291,4292,Rusk Media,Healthcare,Delhi,"InfoEdge Venture Fund, Sprout Venture Partners",,0.0,,Delhi,
4292,4293,Sabse,E-Commerce,Mumbai,Angel investors,,0.0,,Maharashtra,
4293,4294,Salesken,Consumer Internet,Bengaluru,Sequoia India,,66.0,,Karnataka,
4294,4295,Samadhan,Healthcare,Delhi,Venture Catalysts,,0.0,,Delhi,
4295,4296,Samosa Party,E-Commerce,Bengaluru,Inflection Point Ventures,,0.0,,Karnataka,
4296,4297,Samosa Singh,Food,Bengaluru,She Capital,,2.0,,Karnataka,
4297,4298,Samunnati Financial Intermediation & Services Pvt. Ltd,Finance,Chennai,"responsAbility, Accel",,1665.0,,Tamil Nadu,
4298,4299,Samya AI,AI,Hyderabad,Sequoia India,,1.0,,Telangana,
4299,4300,Sanfe,Healthcare,Delhi,"SucSEED Venture Partners, BIRAC, Elixir Pharma, Titan Capital",,9.0,,Delhi,
4300,4301,Sapio Analytics,Data Analytics,Mumbai,,,12.0,,Maharashtra,
4301,4302,Sarva,Sports,Mumbai,"Mantra Capital, Patni Family",,0.0,,Maharashtra,
4302,4303,SaScan,Healthcare,Bengaluru,Unicorn India ventures,,0.0,,Karnataka,
4303,4304,Sascan Meditech pvt ltd,Healthcare,Thiruvananthapuram,Unicorn India Ventures,,0.0,,Kerala,
4304,4305,Satin Creditcare,FinTech,Delhi,Austrian Bank,,1.0,,Delhi,
4305,4306,SATYA Microcapital,Finance,Delhi,BlueOrchard Finance Limited,,78.72,,Delhi,
4306,4307,Satyukt,AgriTech,Bengaluru,"Eight Roads Ventures, On Mauritius",,42.0,,Karnataka,
4307,4308,SAWO Labs,Software,Mumbai,"StartupXseed Ventures, 100X.VC",,50.0,,Maharashtra,
4308,4309,Seal Professional,SaaS,Bengaluru,Equanimity Ventures,,0.0,,Karnataka,
4309,4310,SenseHawk,AI,Bengaluru,"Falcon Edge Capital, SAIF Partners",,415.0,,Karnataka,
4310,4311,Servify,SaaS,Mumbai,"Blume Ventures, Tetrao",,1908.0,,Maharashtra,
4311,4312,Servify,SaaS,Mumbai,"Blume Ventures, Tetrao",,944.0,,Maharashtra,
4312,4313,Servify,SaaS,Mumbai,"Iron Pillar, Blume Ventures",,93.0,,Maharashtra,
4313,4314,Servify,SaaS,Mumbai,Barkawi,,2.0,,Maharashtra,
4314,4315,Settl,Real Estate,Gurugram,"Sojitz, SIG Global India Fund",,1.0,,Haryana,
4315,4316,Setu,FinTech,Bengaluru,"Lightspeed Venture, Falcon Edge, Bharat Inclusive Technologies Seed Fund.",,117.0,,Karnataka,
4316,4317,Shadez,Personal Care,Mumbai,Inflection Point Ventures,,1.0,,Maharashtra,
4317,4318,ShareChat,Social Media,Bengaluru,"Lightspeed venture partners, saif partners",,3325.0,,Karnataka,
4318,4319,ShareChat,Social Media,Bengaluru,"All About Inc, Beenext Pte Led, Beenos Asia, DG Ventures, Kanamori Assagement Singapore, Rebright Partners I, Rebright Partners II, Tetsuro Koda",,3.0,,Karnataka,
4319,4320,Shiksha,EdTech,Bengaluru,Mumbai Angels Network,,0.0,,Karnataka,
4320,4321,Shilpa Sciences,Healthcare,Bengaluru,"Peyush Bansal, Ritesh Malik",,266.0,,Karnataka,
4321,4322,Shiprocket,Logistics,Bengaluru,"Bertelsmann India Investments, InnoVen Capital",,623.0,,Karnataka,
4322,4323,Shiprocket,Logistics,Bengaluru,"Tribe Capital, Innoven Capital, BII",,107.0,,Karnataka,
4323,4324,ShipsKart,HR Tech,Delhi,Betatron,,415.0,,Delhi,
4324,4325,Shipsy,Logistics,Gurugram,"DTDC, Udaan Angel Partners",,498.0,,Haryana,
4325,4326,Shop101,E-Commerce,Mumbai,"Stellaris Venture Partners, Unilever Ventures, Kalaari Capital, Vy Capital",,32.0,,Maharashtra,
4326,4327,ShopUp,E-Commerce,Bengaluru,,,1826.0,,Karnataka,
4327,4328,ShopX,E-Commerce,Bengaluru,Li and Fung,,12.0,,Karnataka,
4328,4329,Shuttl,Transportation,Gurugram,Susquehanna growth equity,Series C,66.4,,Haryana,
4329,4330,Shuttl,Transportation,Delhi,SIG Global India Fund,,65.0,,Delhi,
4330,4331,Shuttl,Transportation,Delhi,SIG Global India Fund LLP.,,1.0,,Delhi,
4331,4332,SignalX,FinTech,Bengaluru,"Orios Venture Partners, Matrix Partners India",,2075.0,,Karnataka,
4332,4333,SignalX,FinTech,Bengaluru,,,62.0,,Karnataka,
4333,4334,Signzy,FinTech,Bengaluru,"Stellaris Venture Partners, Mastercard",,249.0,,Karnataka,
4334,4335,Signzy,FinTech,Bengaluru,"A91 Partners, RB Investments Pte. Ltd",,166.0,,Karnataka,
4335,4336,Simsim,E-Commerce,Bengaluru,"Accel Partners, Shunwei Capital, Good Capital",,66.0,,Karnataka,
4336,4337,Sindhuja Microcredit,Finance,Noida,Nordic Microfinance Initiative,,71.0,,Uttar Pradesh,
4337,4338,SirionLabs,SaaS,Gurugram,"Tiger Global, Avatar Growth Capital",,361.0,,Haryana,
4338,4339,Skilancer Solar,Energy,Noida,Venture Catalysts,,0.0,,Uttar Pradesh,
4339,4340,Skylo,IoT,Bengaluru,SoftBank Group,,77.0,,Karnataka,
4340,4341,Sleepy Owl Coffee,Food,Delhi,Rukam Capital,,0.0,,Delhi,
4341,4342,Slice,Entertainment,Bengaluru,Gunosy,,50.0,,Karnataka,
4342,4343,Slintel,SaaS,Bengaluru,"AngelList, Investec",,349.0,,Karnataka,
4343,4344,Slurrp Farm,SaaS,Gurugram,Fireside Ventures,,166.0,,Haryana,
4344,4345,Smallcase,FinTech,Bengaluru,"Sequoia Capital India, Blume Ventures",,1111.0,,Karnataka,
4345,4346,Smallcase,FinTech,Bengaluru,"WEH Ventures, BEENEXT",,0.0,,Karnataka,
4346,4347,Smart Coin,FinTech,Bengaluru,LGT LightstoneAspada,,57.0,,Karnataka,
4347,4348,SmartClean,AgriTech,Bengaluru,"Seeds Capital, AIM Smart City",,281.0,,Karnataka,
4348,4349,SmarterBiz,Services,Bengaluru,"StartupXseed Ventures, Bhaskar Pramanik, MJ Aravinf, Ravi Viswanath, Ramesh Radhakrishnan, Ranjan Biswas, MJ Aniketh.",,9.0,,Karnataka,
4349,4350,SmartKarrot,Food,Bengaluru,Angel investors,,1.0,,Karnataka,
4350,4351,SmartVizX,Technology,Noida,Rockstud Capital,,11.0,,Uttar Pradesh,
4351,4352,SMECorner,FinTech,Mumbai,Paragon Partners,,246.0,,Maharashtra,
4352,4353,Snack Amor,Healthcare,Mumbai,Dr Srinivas Chunduru,,0.0,,Maharashtra,
4353,4354,SnackAmor,Healthcare,Mumbai,,,0.0,,Maharashtra,
4354,4355,Snackible,Food,Mumbai,"Times Group, Lightspeed",,415.0,,Maharashtra,
4355,4356,SOAL,Technology,Mumbai,"Krishnan Menon, Srinivas Kollipara",,83.0,,Maharashtra,
4356,4357,SoOLEGAL,Technology,Delhi,"Accel, Stellaris Venture Partners",,332.0,,Delhi,
4357,4358,Soxytoes,Personal Care,Delhi,Angel network,,0.0,,Delhi,
4358,4359,Spaciya Consultants,Services,Noida,Alok Garg,,4.0,,Uttar Pradesh,
4359,4360,SpeakIn,EdTech,Noida,Homage Ventures.,,0.0,,Uttar Pradesh,
4360,4361,Specsmaker,Personal Care,Chennai,Eight Road Ventures,,25.0,,Tamil Nadu,
4361,4362,Specsmakers,Personal Care,Chennai,Eight Roads Ventures,,249.0,,Tamil Nadu,
4362,4363,Spinny,E-Commerce,Gurugram,"Nandan Nilekani, Sanjeev Aggarwal",,358.0,,Haryana,
4363,4364,Spintly,Households,Goa,Saltwater Venture Sparks,,2.0,,Goa,
4364,4365,Spoonshot,AI,Bengaluru,"SRI Capital, Techstars Farm to Fork Accelerator",,83.0,,Karnataka,
4365,4366,Sprinng Foods,Food,Mumbai,"Mistletoe, Info Edge Asia",,0.0,,Maharashtra,
4366,4367,Spyne,AI,Gurugram,"Angellist, Smile Group, Manish Amin, Anil Goel, Anubhav Sonthalia, Deepak Mittal",,0.0,,Haryana,
4367,4368,SquadStack,FinTech,Bengaluru,"Chiratae Ventures, Blume Ventures",,249.0,,Karnataka,
4368,4369,Sreyas Holistic Remedies,Healthcare,Hyderabad,Blacksoil,,83.0,,Telangana,
4369,4370,Stack Finance,Finance,Bengaluru,"SOSV, MOX (Mobile Only Accelerator)",,0.0,,Karnataka,
4370,4371,STAGE,E-Commerce,Indore,Venture Catalysts,,83.0,,Madhya Pradesh,
4371,4372,Stanplus,Logistics,Hyderabad,Pegasus FinInvest,,12.0,,Telangana,
4372,4373,StayQrious,Education,Bengaluru,Y Combinator,,166.0,,Karnataka,
4373,4374,Stepathlon Lifestyle,Healthcare,Mumbai,"Josh Liberman, Mark Adams",,0.0,,Maharashtra,
4374,4375,Steradian Semiconductors,Electronics,Bengaluru,"AVANA Capital, Rebright Partners",,124.0,,Karnataka,
4375,4376,Stones2milestones,EdTech,Gurugram,Mumbai Angels,,249.0,,Haryana,
4376,4377,Strata,Real Estate,Bengaluru,"SAIF Partners, Mayfield India",,12.0,,Karnataka,
4377,4378,Strata,Real Estate,Bengaluru,"Propstack, SAIF Partners",,1.0,,Karnataka,
4378,4379,Stride Ventures,Finance,Delhi,Jazal Group,,0.0,,Delhi,
4379,4380,StyleDotMe,Personal Care,Delhi,Survam Partners,,4.0,,Delhi,
4380,4381,StyleNook,Personal Care,Mumbai,"Lead Angels Network, Stanford Angels",,0.0,,Maharashtra,
4381,4382,SucSEED,AgriTech,Hyderabad,,,415.0,,Telangana,
4382,4383,SucSEED,AgriTech,Hyderabad,"DR. Moti Vyas, Udit Goyal",,107.0,,Telangana,
4383,4384,SUGAR cosmetics,Personal Care,Mumbai,"Citi Ventures, Illuminated Funds Group",,1490.0,,Maharashtra,
4384,4385,SugarBox,Food,Mumbai,Zee Entertainment Enterprises Limited,,562.0,,Maharashtra,
4385,4386,Sunday,E-Commerce,Bengaluru,"SCB 10X, LINE Ventures",,90.0,,Karnataka,
4386,4387,Suno India,Media,Secunderabad,Shobu Yarlagadda,,0.0,,Telangana,
4387,4388,Sunstone Eduversity,AI,Gurugram,Prime Venture Partners,,249.0,,Haryana,
4388,4389,Super Surfaces,Households,Hyderabad,Vishnu Reddy,,1.0,,Telangana,
4389,4390,SuperMoney,FinTech,Mumbai,Unitus Ventures.,,8.0,,Maharashtra,
4390,4391,Supplynote,Logistics,Noida,Artha Venture,,42.0,,Uttar Pradesh,
4391,4392,Suryoday,FinTech,Mumbai,"Gaja Capital, Kotak Life, Lok Capital",,66.0,,Maharashtra,
4392,4393,Svami,Food,Mumbai,9Unicorns,,0.0,,Maharashtra,
4393,4394,Swiflearn,Healthcare,Gurugram,"Stellaris Venture Partners, Venture Highway",,0.0,,Haryana,
4394,4395,Swiggy,Food,Bengaluru,Prosus N.V,,929.0,,Karnataka,
4395,4396,Swiggy,Food,Bengaluru,"Tencent, Ark Impact, Korea Investment Partners, Samsung Ventures, Mirae Asset Capital Markets",,353.0,,Karnataka,
4396,4397,Swipez,FinTech,Pune,"9Unicorns, Anicut",,0.0,,Maharashtra,
4397,4398,TagMango,Services,Mumbai,"XRM Media, Kevin Lin",,42.0,,Maharashtra,
4398,4399,TagZ Foods,EdTech,Bengaluru,"Katrina Kaif, Steadview Capital",,0.0,,Karnataka,
4399,4400,Tamasha.live,Entertainment,Mumbai,IAN Fund,,83.0,,Maharashtra,
4400,4401,Tango Eye,AI,Chennai,Real Estate Accelerator Program,,0.0,,Tamil Nadu,
4401,4402,Tattva,Healthcare,Delhi,"Sukhbir Singh, Rakhee Singal",,1.0,,Delhi,
4402,4403,TaxBuddy.com,FinTech,Mumbai,Zenith Global,,83.0,,Maharashtra,
4403,4404,Tea Trunk,Food,Goa,Angel investors,,0.0,,Goa,
4404,4405,Teach Us,EdTech,Mumbai,Angel investors,,0.0,,Maharashtra,
4405,4406,Teachmint,EdTech,Bengaluru,"Sequoia Capital India, Faering Capital",,4565.0,,Karnataka,
4406,4407,Teachmint,EdTech,Bengaluru,Better Capital,,0.0,,Karnataka,
4407,4408,TeaMonk,Food,Bengaluru,Titan Capital,,75.0,,Karnataka,
4408,4409,Techbooze,SaaS,Delhi,Space Capital,,11.0,,Delhi,
4409,4410,TechnifyBiz,SaaS,Delhi,"Omnivore, Insitor Impact Asia Fund",,2.0,,Delhi,
4410,4411,Tekion,Automotive,Bengaluru,Anand Mahindra,,0.0,,Karnataka,
4411,4412,Tesco Charge Zone,EV,Vadodara,Mumbai Angels Network,,0.0,,Gujarat,
4412,4413,Tessol,Food,Mumbai,1Funds Domestic Scheme,,1.0,,Maharashtra,
4413,4414,Testbook,EdTech,Mumbai,Iron Pillar,,6.0,,Maharashtra,
4414,4415,Text Mercato,Content Creation,Bengaluru,1Crowd,,5.0,,Karnataka,
4415,4416,The ePlane,Marketing,Chennai,Speciale Invest,,58.0,,Tamil Nadu,
4416,4417,The Health company,Healthcare,Gurugram,"VCATS, First Cheque, 9Unicorns, Marquee investors",,28.0,,Haryana,
4417,4418,The New Shop,FinTech,Delhi,Huddle Accelerator,,581.0,,Delhi,
4418,4419,Thrive,Food,Mumbai,"IBK Capital, SB Partners",,2328.0,,Maharashtra,
4419,4420,ThriveFNC,Healthcare,Pune,Rajesh Ranavat,,0.0,,Maharashtra,
4420,4421,Timios,AI,Bengaluru,Rangsons Technologies,,0.0,,Karnataka,
4421,4422,Tinker Coders,Technology,Noida,STEMROBO Technologies,,423.0,,Uttar Pradesh,
4422,4423,Toch,AgriTech,Mumbai,"Chinaccelerator, 9 Unicorns Fund, Inflection Point Ventures",,8.0,,Maharashtra,
4423,4424,Toch,AgriTech,Mumbai,Inflection Point Ventures,,3.0,,Maharashtra,
4424,4425,Toddle,EdTech,Bengaluru,Matrix Partners India,,0.0,,Karnataka,
4425,4426,Toppeq,Food,Mumbai,,,0.0,,Maharashtra,
4426,4427,Toppr,EdTech,Mumbai,"Kaizenvest, Foundation Holdings",,2905.0,,Maharashtra,
4427,4428,Toppr,EdTech,Mumbai,Foundation Holdings,,384.0,,Maharashtra,
4428,4429,Tracxn,Data Analytics,Bengaluru,"Saif partners, Accel partners, Sequoia capital",,4.0,,Karnataka,
4429,4430,Traya,Healthcare,Mumbai,"Kia Ora Ventures, Pentathlon Ventures",,83.0,,Maharashtra,
4430,4431,TREAD,Automotive,Bengaluru,"growX Ventures, Huddle (Incubator)",,91.0,,Karnataka,
4431,4432,Treebo Hotels,Energy,Bengaluru,Foxhog Ventures,,83.0,,Karnataka,
4432,4433,Trell,Social Media,Bengaluru,"KTB Network, Samsung Ventures, Ankur Nagpal, Gokul Rajaram, Vineet Buch",,90.0,,Karnataka,
4433,4434,Trell,Social Media,Bengaluru,"Sequoia’s Surge, Fosun RZ",,33.0,,Karnataka,
4434,4435,Tribe Theory,Hospitality,Bengaluru,Tim Draper,,29.0,,Karnataka,
4435,4436,Tricog,Healthcare,Bengaluru,"UTEC-The University of Tokyo Edge Capital, Aflac Ventures, LLC, Dream Incubator, TeamFund",,86.0,,Karnataka,
4436,4437,Tring,Social Media,Mumbai,TVS Motor Company,,332.0,,Maharashtra,
4437,4438,Tring,Social Media,Mumbai,"Kalyan Krishnamurthy, Sujeet Kumar, Keshav Sanghi, Roman Saini, Sumit Jain, Hemesh Singh",,0.0,,Maharashtra,
4438,4439,True Balance,Healthcare,Gurugram,"Pegasus Tech Ventures, Base Partners",,415.0,,Haryana,
4439,4440,True Balance,Healthcare,Gurugram,Balancehero,,7.0,,Haryana,
4440,4441,TrueFan,Social Media,Mumbai,"Mayfield India, Saama Capital, Ronnie Screwvala",,354.0,,Maharashtra,
4441,4442,Trukky,Logistics,Ahmedabad,Mumbai Angels.,,0.0,,Gujarat,
4442,4443,TrulyMadly Matchmakers,Dating,Gurugram,"AngelList, Inflection Point Ventures, The Chennai Angels",,1.0,,Haryana,
4443,4444,TUBBR,Social Media,Chennai,"Abu Dhabi Investment Authority, GIC",,830.0,,Tamil Nadu,
4444,4445,TurboHire,HR Tech,Hyderabad,"CP Ventures, Orios Venture Partners",,99.0,,Telangana,
4445,4446,Turtlemint,Personal Care,Mumbai,"BASE, Gunosy Capital",,0.0,,Maharashtra,
4446,4447,Uable,Communication,Bengaluru,3one4 Capital,,0.0,,Karnataka,
4447,4448,Udacity,EdTech,Delhi,"Menterra Venture Advisors, Emandi Sankara Rao",,166.0,,Delhi,
4448,4449,uFony Services Pvt ltd,Media,Pune,Chennai Angels,,0.0,,Maharashtra,
4449,4450,Ultraviolette Automotive,Automotive,Bengaluru,"Whiteboard Capital, VKG Ventures LLP.",,166.0,,Karnataka,
4450,4451,Ultraviolette Automotive,Automotive,Bengaluru,TVS Motor Company,,33.0,,Karnataka,
4451,4452,Umeed Housing,Real Estate,Gurugram,Morgan Stanley Private Equity Asia,,189.0,,Haryana,
4452,4453,Unacademy,EdTech,Bengaluru,"Facebook, General Atlantic, Sequoia India, Nexus Venture Partners, Steadview Capital, Blume Ventures",,902.0,,Karnataka,
4453,4454,Unacademy,EdTech,Bengaluru,"Dragoneer Investment Group, Tiger Global Management",,0.0,,Karnataka,
4454,4455,UnboxRobotics Labs,Robotics,Bengaluru,"Arali Ventures, CIIE.CO",,4.0,,Karnataka,
4455,4456,Uni,FinTech,Mumbai,"Xseed Partners, InnoVen Capital",,141.0,,Maharashtra,
4456,4457,Uniplatform Tech,SaaS,Delhi,"Frontline Strategy Finds, SucSEED Venture Partners LLP",,0.0,,Delhi,
4457,4458,Univ.ai,Education,Bengaluru,Kiran Mazumdar Shaw.,,0.0,,Karnataka,
4458,4459,Univariety,EdTech,Hyderabad,Info Edge,,9.0,,Telangana,
4459,4460,Universal Sportsbiz,Sports,Bengaluru,"DEG, KFW DEG",,390.0,,Karnataka,
4460,4461,Universal Sportsbiz,Sports,Bengaluru,NB Ventures,,4.0,,Karnataka,
4461,4462,Unnati,EdTech,Noida,,,915.0,,Uttar Pradesh,
4462,4463,Unocoin,Consumer Internet,Bengaluru,"SenseAI Ventures, EvoNexus",,42.0,,Karnataka,
4463,4464,Unotech,AI,Mumbai,Manish Choksi,,16.0,,Maharashtra,
4464,4465,Uolo,EdTech,Bengaluru,"Sweta Rau, Archana Priyadarshini",,33.0,,Karnataka,
4465,4466,UzhavarBumi,AgriTech,Kancheepuram,Angel Network,,0.0,,Tamil Nadu,
4466,4467,Vahak,Transportation,Kolkata,"Leo Capaitals, Amit Gupta, Abhishek Goyal, Ramakant Sharma, Harsh Pokhran",,0.0,,West Bengal,
4467,4468,Vakilsearch,Technology,Chennai,Sujeet Kumar,,0.0,,Tamil Nadu,
4468,4469,Varthana,EdTech,Bengaluru,ChrysCapital,,123.0,,Karnataka,
4469,4470,Vedantu,EdTech,Bengaluru,Coatue,,820.0,,Karnataka,
4470,4471,Vedantu,EdTech,Bengaluru,Legend Capital,,103.0,,Karnataka,
4471,4472,Vedantu,EdTech,Bengaluru,KB Global Platform Firm,,56.0,,Karnataka,
4472,4473,Vedantu,FinTech,Bengaluru,GGV Capital,,197.0,,Karnataka,
4473,4474,Vegrow,AgriTech,Bengaluru,"Matrix Partners India, Ankur Capital",,21.0,,Karnataka,
4474,4475,Verloop,Services,Bengaluru,Alpha Wave incubation,,415.0,,Karnataka,
4475,4476,Vernacular ai,Technology,Bengaluru,"Exfinity Ventures, IAN Fund",,42.0,,Karnataka,
4476,4477,VerSe Innovation,Entertainment,Bengaluru,Google,,8300.0,,Karnataka,
4477,4478,Vesta Space Technology,Healthcare,Pune,,,830.0,,Maharashtra,
4478,4479,VestSpace,Logistics,Pune,Next Capital,,82.0,,Maharashtra,
4479,4480,Vicara,Entertainment,Bengaluru,,,0.0,,Karnataka,
4480,4481,Vieroots,Healthcare,Kochi,Suniel Shetty,,0.0,,Kerala,
4481,4482,VilCart,E-Commerce,Bengaluru,"N S Parthasarathy, Dilipkumar Khandelwal, Anand Nichani, Anath Ravi, Prashanth Prakash",,0.0,,Karnataka,
4482,4483,Virohan,Education,Gurugram,"Keiretsu Forum, Elea Foundation",,9.0,,Haryana,
4483,4484,Virtual Forest,Electronics,Bengaluru,Napino Auto and Electronics Ltd,,0.0,,Karnataka,
4484,4485,Vistaar Finance,Finance,Bengaluru,FMO,,2499.0,,Karnataka,
4485,4486,VitalTech,EdTech,Chandigarh,"Indian Oil Corporation, Krishna Chakravarty",,17.0,,Chandigarh,
4486,4487,Vivriti Capital,FinTech,Chennai,LGT Lightstone Aspada,,410.0,,Tamil Nadu,
4487,4488,Vivriti Capital,FinTech,Chennai,"Aspada, Creation Investments Capital Management, LLC",,83.0,,Tamil Nadu,
4488,4489,Vogo,Consumer Internet,Bengaluru,Lightstone Aspada,,287.0,,Karnataka,
4489,4490,Vogo,Consumer Internet,Bengaluru,Lightstone Aspada,,164.0,,Karnataka,
4490,4491,Voicezen,AI,Gurugram,Bharti Airtel,,0.0,,Haryana,
4491,4492,Voosh,Food,Bengaluru,Better Capital,,0.0,,Karnataka,
4492,4493,Wagonfly,Transportation,Bengaluru,Investment Trust of India,,4.0,,Karnataka,
4493,4494,WakeFit,Households,Bengaluru,Sequoia Capital.,,1665.0,,Karnataka,
4494,4495,Walrus,Construction,Bengaluru,Better Capital,,0.0,,Karnataka,
4495,4496,Waycool,AgriTech,Chennai,LightBox Ventures,,262.0,,Tamil Nadu,
4496,4497,Waycool,AgriTech,Chennai,Induslnd Bank,,45.0,,Tamil Nadu,
4497,4498,WayCool,AgriTech,Chennai,"FMO, IndusInd Bank",,42.0,,Tamil Nadu,
4498,4499,WayCool Foods,Food,Chennai,"FMO, IndusInd Bank",,647.0,,Tamil Nadu,
4499,4500,WE-Hub,Finance,Hyderabad,,,0.0,,Telangana,
4500,4501,wealthbucket,FinTech,Delhi,Vinod khatumal,Pre-series A,24.75,,Delhi,
4501,4502,WeInnovate Biosolutions,BioTech,Pune,Chiratae ventures,,0.0,,Maharashtra,
4502,4503,Wellcure,Healthcare,Gurugram,Inflection Point Ventures,,2.0,,Haryana,
4503,4504,Wellness Forever,Healthcare,Mumbai,India Accelerator,,0.0,,Maharashtra,
4504,4505,Wellthy Therapeutics Pvt Ltd,Healthcare,Mumbai,Saama Capital,,33.0,,Maharashtra,
4505,4506,Wellversed,Healthcare,Delhi,Justdial,,0.0,,Delhi,
4506,4507,Whatfix,Technology,Bengaluru,Sequoia Capital India,,262.0,,Karnataka,
4507,4508,Winuall,EdTech,Bengaluru,"Ankit Bhati, Nitin Gupta",,0.0,,Karnataka,
4508,4509,WinZO,Entertainment,Delhi,"Makers Fund, Courtside Ventures",,1494.0,,Delhi,
4509,4510,Winzo,Entertainment,Delhi,Nexus Venture Partners and 23 High Networth Individuals (HNIs),,915.0,,Delhi,
4510,4511,WizKlub,EdTech,Bengaluru,Incubate Fund India,,8.0,,Karnataka,
4511,4512,Wobot Intelligence,Technology,Delhi,Sequoia Capital India,,21.0,,Delhi,
4512,4513,Wooden Street,E-Commerce,Jaipur,IAN Fund,,25.0,,Rajasthan,
4513,4514,WoodenStreet,E-Commerce,Jaipur,"IAN Fund, Rajasthan Venture Capital Fund",,83.0,,Rajasthan,
4514,4515,WorkIndia,Consumer Internet,Mumbai,Xiaomi,,49.0,,Maharashtra,
4515,4516,WOW! MOMO,Food,Kolkata,"Syngenta Ventures, Walmart",,2499.0,,West Bengal,
4516,4517,WYN Studio,Media,Gurugram,India Angel Fund,,0.0,,Haryana,
4517,4518,Wysh,E-Commerce,Hyderabad,Kalaari Capital,,2.0,,Telangana,
4518,4519,Xpressbees,Logistics,Pune,"LetsVenture, Jyotsna Bapat",,66.0,,Maharashtra,
4519,4520,XpressBees,Logistics,Pune,Alibaba,,1.0,,Maharashtra,
4520,4521,Xtracap,FinTech,Gurugram,Angel Investors,,8.0,,Haryana,
4521,4522,Yap,FinTech,Chennai,BeeNext,,37.0,,Tamil Nadu,
4522,4523,YAP,FinTech,Chennai,"Jitendra Gupta, Better Capital",,33.0,,Tamil Nadu,
4523,4524,Yap,FinTech,Chennai,"Amrish Rau, Kunal Shah, Jitendra Gupta",,11.0,,Tamil Nadu,
4524,4525,Yellow Classes,EdTech,Gurugram,India Quotient,,108.0,,Haryana,
4525,4526,Yellow Messenger,AI,Bengaluru,"Lightspeed Venture Partners, Lightspeed India Partners.",,164.0,,Karnataka,
4526,4527,Yolo,Healthcare,Gurugram,Nexus Venture Partners,,27.0,,Haryana,
4527,4528,Yolo,Healthcare,Gurugram,,,5.0,,Haryana,
4528,4529,Your MD,Healthcare,Hyderabad,Startup Basket.,,50.0,,Telangana,
4529,4530,Yulu,Transportation,Bengaluru,Rocketship,,32.0,,Karnataka,
4530,4531,Yumlane,Food,Mumbai,Jetty Ventures,,8.0,,Maharashtra,
4531,4532,Zealthy,FinTech,Bengaluru,"KYT Ventures, First Cheque, AngelList",,0.0,,Karnataka,
4532,4533,Zetwerk,Manufacturing,Bengaluru,Greenoaks,,172.0,,Karnataka,
4533,4534,Zetwerk,Manufacturing,Bengaluru,InnoVen capital,,18.0,,Karnataka,
4534,4535,Zimyo,HR Tech,Gurugram,"Abhishant Pant, Chiranth Patil",,124.0,,Haryana,
4535,4536,Zimyo,HR Tech,Gurugram,Yatra Angel Network (YAN),,0.0,,Haryana,
4536,4537,Zinier,AI,Bengaluru,ICONIQ Capital,,68.0,,Karnataka,
4537,4538,ZipLoan,Consumer Internet,Delhi,"Stride Ventures, Matrix Partners India",,249.0,,Delhi,
4538,4539,ZipLoan,Consumer Internet,Delhi,Stride Ventures,,16.0,,Delhi,
4539,4540,Zolostays,Real Estate,Bengaluru,"Investcorp, Nexus Venture Partners, Mirae Assets, Trifecta Capital",,459.0,,Karnataka,
4540,4541,Zomato,Food,Gurugram,Kapil Dev,,4326.0,,Haryana,
4541,4542,Zomato,Food,Gurugram,Ant financial,Private Equity,1237.5,,Haryana,
4542,4543,Zomato,Food,Gurugram,"MacRitchie Investments, Baillie Gifford",,514.0,,Haryana,
4543,4544,Zomato,Food,Gurugram,Pacific Horizon,,41.0,,Haryana,
4544,4545,Zoomcar,Transportation,Bengaluru,Sony Innovation Fund,,22.0,,Karnataka,
4545,4546,ZunRoof,Energy,Gurugram,Godrej Investments,,25.0,,Haryana,
4546,4547,Zupee,Entertainment,Gurugram,Matrix Partners,,66.0,,Haryana,
4547,4548,Zuper,E-Commerce,Chennai,"Gemba Capital, Gunderson Dettmer",,91.0,,Tamil Nadu,
4548,4549,Zvesta,Logistics,Gurugram,Hindustan Media Ventures,,45.0,,Haryana,
4549,4550,&ME,Food,Bengaluru,,Seed,0.0,,Karnataka,
4550,4551,1Crowd,Finance,Mumbai,,Angel,3.5,,Maharashtra,
4551,4552,6Degree,Networking,Mumbai,,Seed,0.4,,Maharashtra,
4552,4553,9stacks,Software,Delhi,,Series A,28.0,,Delhi,
4553,4554,Aarav Unmanned Systems,Delivery,Bengaluru,,Seed,0.0,,Karnataka,
4554,4555,Aashiyaan,Finance,Kolkata,,Seed,13.5,,West Bengal,
4555,4556,Aavas Financiers,Finance,Jaipur,,Post-IPO Debt,200.0,,Rajasthan,
4556,4557,Acko,FinTech,Mumbai,,Series A,1.2,,Maharashtra,
4557,4558,Adiuvo Diagnostics,Healthcare,Chennai,,Seed,0.0,,Tamil Nadu,
4558,4559,AgNext Technologies,Agriculture,Mohali,,Series A,0.0,,Punjab,
4559,4560,Agricxlab,AgriTech,Thane,,Seed,0.5,,Maharashtra,
4560,4561,Aldopay,FinTech,Chennai,,Seed,0.2,,Tamil Nadu,
4561,4562,alphaics Corporation,Cloud Tech,Bengaluru,,Seed,0.0,,Karnataka,
4562,4563,Ambee,Healthcare,Bengaluru,,Angel,0.0,,Karnataka,
4563,4564,Antariksh Waste Ventures Pvt ltd,IoT,Chennai,,Seed,0.5,,Tamil Nadu,
4564,4565,Any time Doctor,Healthcare,Chennai,,Angel,0.0,,Tamil Nadu,
4565,4566,APAC Financial Services,Finance,Mumbai,,Private Equity,250.0,,Maharashtra,
4566,4567,AppWharf,AI,Delhi,,Seed,0.0,,Delhi,
4567,4568,Arogya MedTech,Healthcare,Kolkata,,Seed,1.5,,West Bengal,
4568,4569,artbandhu,Media,Bengaluru,,Pre-Seed,0.11,,Karnataka,
4569,4570,Articbot,AI,Kannur,,Grant,0.12,,Kerala,
4570,4571,Arzooo,E-Commerce,Bengaluru,,Seed,1.5,,Karnataka,
4571,4572,Asset Reconstruction Company (India) Ltd.,Finance,Mumbai,,Secondary Market,0.0,,Maharashtra,
4572,4573,Asteria Aerospace,Aerospace,Bengaluru,,Seed,0.0,,Karnataka,
4573,4574,AuthMetrik,Cybersecurity,Gurugram,,Grant,0.07,,Haryana,
4574,4575,Avail Finance,FinTech,Bengaluru,,Series A,172.0,,Karnataka,
4575,4576,Avenues Payments India Pvt. Ltd.,Finance,Mumbai,,Corporate Round,13.0,,Maharashtra,
4576,4577,Aviom India Housing Finance,Finance,Delhi,,Series A,15.0,,Delhi,
4577,4578,Avishkaar Box,Education,Delhi,,Seed,5.0,,Delhi,
4578,4579,Awaaz De,Communication,Ahmedabad,,Angel,0.0,,Maharashtra,
4579,4580,Awign Enterprises,Marketing,Bengaluru,,Seed,5.0,,Karnataka,
4580,4581,Aye Finance,Finance,Gurugram,,Debt Financing,7.2,,Haryana,
4581,4582,Azure Power,Energy,Delhi,,Post-IPO Equity,1850.0,,Delhi,
4582,4583,BabyChakra,Consumer Internet,Mumbai,,Series B,0.0,,Maharashtra,
4583,4584,Backpacker Panda Holidays Private Limited,Travel,Pune,,Series A,14.0,,Pune,
4584,4585,Be U Salons,Personal Care,Delhi,,Seed,3.0,,Delhi,
4585,4586,Belstar Investment and Finance Private Limited,Finance,Chennai,,Venture - Series Unknown,280.0,,Tamil Nadu,
4586,4587,Benepik,Technology,Gurugram,,Seed,0.0,,Haryana,
4587,4588,Betterplace,Services,Bengaluru,,Series A,30.0,,Karnataka,
4588,4589,BhaskarGuru,Education,Bhopal,,Seed,8.2,,Madhya Pradesh,
4589,4590,BIGPHI TECHNOLOGIES PVT. LTD.,Personal Care,Bengaluru,,Angel,7.38,,Karnataka,
4590,4591,Billdesk,FinTech,Ahmedabad,,Venture - Series Unknown,0.0,,Gujarat,
4591,4592,Biryani By Kilo,Food,Noida,,Seed,10.0,,Uttar Pradesh,
4592,4593,BizCrum Infotech Pvt. Ltd.,B2B,Delhi,,Seed,0.0,,Delhi,
4593,4594,Blackbuck,Logistics,Bengaluru,,Series D,202.96,,Karnataka,
4594,4595,BlueJack,Automotive,Delhi,,Seed,6.4,,Delhi,
4595,4596,Blueleaf Cyberspace Systems,Internet,Bengaluru,,Seed,0.0,,Karnataka,
4596,4597,Bombay Shaving,Personal Care,Delhi,,Series A,0.0,,Delhi,
4597,4598,Bon(Bonfleet Solutions),FinTech,Pune,,Seed,7.8,,Maharashtra,
4598,4599,Bonphul Air Products,Services,Delhi,,Angel,2.0,,Delhi,
4599,4600,Boodmo,Automotive,Gurugram,,Seed,7.0,,Haryana,
4600,4601,Bounce,Transportation,Bengaluru,,Debt Financing,30.0,,Karnataka,
4601,4602,Buddy4studdy,Careers,Noida,,Series A,30.0,,Uttar Pradesh,
4602,4603,Bugworks,BioTech,Bengaluru,,Series A,90.0,,Karnataka,
4603,4604,BuildSupply,IT,Gurugram,,Series A,25.0,,Haryana,
4604,4605,BuyForexOnline,Travel,Bengaluru,,https://docs.google.com/spreadsheets/d/1x9ziNeaz6auNChIHnMI8U6kS7knTr3byy_YBGfQaoUA/edit#gid=1861303593,20.0,,Karnataka,
4605,4606,BYJU'S,EdTech,Bengaluru,,Private Equity,5400.0,,Karnataka,
4606,4607,Carcrew,Marketing,Mumbai,,Seed,20.0,,Maharashtra,
4607,4608,CarDekho,Automotive,Gurugram,,Series C,750.0,,Haryana,
4608,4609,Career Anna,Careers,Bengaluru,,Seed,4.0,,Karnataka,
4609,4610,Carmel Organics,AgriTech,Indore,,Series A,0.0,,Madhya Pradesh,
4610,4611,Carmesi,Healthcare,Gurugram,,Seed,3.4,,Haryana,
4611,4612,Cash Suvidha,Finance,Delhi,,Seed,10.0,,Delhi,
4612,4613,Cashkumar,FinTech,Bengaluru,,Seed,5.0,,Karnataka,
4613,4614,CashRich,FinTech,Mumbai,,Seed,8.2,,Maharashtra,
4614,4615,Cell Propulsion,Aerospace,Bengaluru,,Seed,0.7,,Karnataka,
4615,4616,Cellerite Systems,Transportation,Hyderabad,,Seed,0.0,,Telangana,
4616,4617,Chaayos,Food,Delhi,,Series B,81.0,,Delhi,
4617,4618,Chai Kings,Food,Chennai,,Seed,2.0,,Tamil Nadu,
4618,4619,Chakr Innovation,Technology,Delhi,,Seed,0.0,,Delhi,
4619,4620,Charcoal Eats,Food,Mumbai,,Seed,5.0,,Maharashtra,
4620,4621,Chariot Tech,IoT,Delhi,,Seed,2.0,,Delhi,
4621,4622,Chezuba,Internet,Hyderabad,,Angel,0.14,,Telangana,
4622,4623,Chizel,Design,Pune,,Seed,0.0,,Maharashtra,
4623,4624,Chrysalis (EZ Vidya),Education,Chennai,,Seed,0.0,,Tamil Nadu,
4624,4625,Chtrbox,Marketing,Mumbai,,Angel,1.0,,Maharashtra,
4625,4626,CivilCops,IT,Gurugram,,Pre-Seed,0.74,,Haryana,
4626,4627,Classworks India,Education,Chennai,,,0.01,,Tamil Nadu,
4627,4628,CleanseCar,Services,Bengaluru,,Angel,3.5,,Karnataka,
4628,4629,Cleardekho,Internet,Ghaziabad,,Venture - Series Unknown,0.0,,Uttar Pradesh,
4629,4630,ClearTax,FinTech,Delhi,,Series B,400.0,,Delhi,
4630,4631,Clensta,BioTech,Delhi,,Seed,0.0,,Delhi,
4631,4632,Cloudnine Hospitals,Healthcare,Bengaluru,,Private Equity,0.0,,Karnataka,
4632,4633,CloudSek,IT,Bengaluru,,Seed,14.0,,Karnataka,
4633,4634,CLP India Pvt. Ltd.,Energy,Mumbai,,Private Equity,3650.0,,Maharashtra,
4634,4635,Cogoport,Transportation,Mumbai,,Series A,60.0,,Maharashtra,
4635,4636,CoinGeto,FinTech,Delhi,,Seed,12.0,,Delhi,
4636,4637,Colive.in,Hospitality,Bengaluru,,Seed,18.0,,Karnataka,
4637,4638,CollPoll,Consumer Internet,Bengaluru,,Seed,0.0,,Karnataka,
4638,4639,Connect India,Logistics,Delhi,,Angel,0.0,,Delhi,
4639,4640,Corefactors,Marketing,Bengaluru,,Seed,0.0,,Karnataka,
4640,4641,Coutloot,E-Commerce,Mumbai,,Seed,10.0,,Maharashtra,
4641,4642,Creator’s Gurukul,Education,Gurugram,,Angel,0.0,,Haryana,
4642,4643,Cred,FinTech,Bengaluru,,Seed,0.0,,Karnataka,
4643,4644,Creditas Solutions,Finance,Gurugram,,Seed,0.0,,Haryana,
4644,4645,Credy,IT,Bengaluru,,Seed,14.0,,Karnataka,
4645,4646,Cricnwin,Entertainment,Gurugram,,Seed,0.0,,Haryana,
4646,4647,CropIn Technologies,Technology,Bengaluru,,Series B,58.0,,Karnataka,
4647,4648,Cube,FinTech,Mumbai,,Series A,14.0,,Maharashtra,
4648,4649,Cyclops Medtech,Healthcare,Bengaluru,,Seed,10.0,,Karnataka,
4649,4650,Daaki,Healthcare,Bengaluru,,Angel,0.0,,Karnataka,
4650,4651,DailyHunt,Media,Bengaluru,,Series E,60.0,,Karnataka,
4651,4652,DailyNinja,E-Commerce,Bengaluru,,Series A,0.0,,Karnataka,
4652,4653,Dainik Jagran,Media,Kanpur,,Seed,4.0,,Uttar Pradesh,
4653,4654,DataTrained,EdTech,Bengaluru,,Seed,12.0,,Karnataka,
4654,4655,Dee Dee Labs,Healthcare,Pune,,Seed,0.0,,Maharashtra,
4655,4656,Deftouch,Technology,Bengaluru,,Seed,0.0,,Karnataka,
4656,4657,Design Cafe,Design,Bengaluru,,Series B,200.0,,Karnataka,
4657,4658,Detect Technologies,AI,Chennai,,Series A,27.72,,Tamil Nadu,
4658,4659,DheeYantra Research Labs,AI,Bengaluru,,Seed,0.0,,Karnataka,
4659,4660,Digiconectt,Technology,Bengaluru,,Seed,1.25,,Karnataka,
4660,4661,dishq,Food,Bengaluru,,Seed,4.0,,Karnataka,
4661,4662,Disprz,EdTech,Chennai,,Debt Financing,2021.0,,Tamil Nadu,
4662,4663,DocPrime,Healthcare,Haryana,,Funding Round,500.0,,Haryana,
4663,4664,docturnal,Healthcare,Hyderabad,,Seed,0.0,,Telangana,
4664,4665,DoodhWala,Delivery,Bengaluru,,Seed,22.0,,Karnataka,
4665,4666,Doubtnut,EdTech,Gurugram,,Seed,3.5,,Haryana,
4666,4667,Doxper,Healthcare,Mumbai,,Seed,7.2,,Maharashtra,
4667,4668,Dream11,Sports,Mumbai,,Series D,1000.0,,Maharashtra,
4668,4669,DriveU,Transportation,Bengaluru,,Venture - Series Unknown,7.0,,Karnataka,
4669,4670,Drivezy,Transportation,Bengaluru,,Debt Financing,1000.0,,Karnataka,
4670,4671,DronaHQ,Technology,Mumbai,,Angel,5.0,,Maharashtra,
4671,4672,Droni Tech,IT,Mumbai,,Seed,3.5,,Maharashtra,
4672,4673,Droom,E-Commerce,Gurugram,,Series E,300.0,,Haryana,
4673,4674,Drstore,Healthcare,Mumbai,,Seed,0.0,,Maharashtra,
4674,4675,Dunzo,Delivery,Bengaluru,,Debt Financing,7.0,,Karnataka,
4675,4676,Duroflex Pvt. Ltd.,Households,Alleppey,,Private Equity,220.0,,Kerala,
4676,4677,Earth Food,Food,Pune,,Seed,6.4,,Maharashtra,
4677,4678,Edureka,EdTech,Bengaluru,,Series A,20.0,,Karnataka,
4678,4679,Eduvanz,Finance,Mumbai,,Angel,5.0,,Maharashtra,
4679,4680,Edyoo,Education,Bengaluru,,Seed,10.0,,Karnataka,
4680,4681,Eggoz,Food,Indore,,Angel,1.2,,Madhya Pradesh,
4681,4682,EGK Foods,Food,Mumbai,,Seed,2.0,,Maharashtra,
4682,4683,eKincare,Healthcare,Hyderabad,,Series A,15.0,,Telangana,
4683,4684,ElasticRun,Transportation,Pune,,Series B,60.0,,Maharashtra,
4684,4685,Elemential,Data Analytics,Mumbai,,Seed,10.0,,Maharashtra,
4685,4686,Em Personal Care,Personal Care,Worli,,Seed,0.0,,Maharashtra,
4686,4687,Emflux Motors,Transportation,Bengaluru,,Seed,3.65,,Karnataka,
4687,4688,Emojifi,Consumer Internet,Bengaluru,,Seed,0.0,,Karnataka,
4688,4689,Enakshi,Personal Care,Ahmedabad,,Seed,0.8,,Gujarat,
4689,4690,ENLYFT DIGITAL SOLUTIONS PRIVATE LIMITED,Technology,Pune,,Seed,0.02,,Maharashtra,
4690,4691,Entropik,AI,Bengaluru,,Seed,11.0,,Karnataka,
4691,4692,Eruditus,Education,Mumbai,,Series C,400.0,,Maharashtra,
4692,4693,Eunimart,E-Commerce,Hyderabad,,Seed,0.0,,Telangana,
4693,4694,Eupheus Learning,EdTech,Delhi,,Seed,0.0,,Delhi,
4694,4695,FabAlley,E-Commerce,Noida,,Series B,60.0,,Uttar Pradesh,
4695,4696,Faclon Labs,Software,Mumbai,,Seed,0.0,,Maharashtra,
4696,4697,Farmers Fresh Zone,AgriTech,Kochi,,Seed,0.0,,Kerala,
4697,4698,FarmTaaza,AgriTech,Bengaluru,,Series A,0.0,,Karnataka,
4698,4699,Fasal,Agriculture,Bengaluru,,Seed,1.2,,Karnataka,
4699,4700,FastFox,Consumer Internet,Gurugram,,Series A,10.0,,Haryana,
4700,4701,FeedMyPockets,Finance,Bengaluru,,Seed,4.4,,Karnataka,
4701,4702,Fincash,Finance,Mumbai,,Seed,1.5,,Maharashtra,
4702,4703,Finwego,FinTech,Chennai,,Seed,0.0,,Tamil Nadu,
4703,4704,Finzy,Finance,Bangaluru,,Seed,13.0,,Karnataka,
4704,4705,Fitternity,Consumer Internet,Mumbai,,Seed,20.0,,Maharashtra,
4705,4706,Fixpocket,Marketing,Ahmedabad,,Seed,2.5,,Gujarat,
4706,4707,Flathalt,Real Estate,Gurugram,,Angel,0.5,,Haryana,
4707,4708,FLEECA,Transportation,Jaipur,,Seed,0.0,,Rajasthan,
4708,4709,Flickstree,AI,Mumbai,,Seed,0.0,,Maharashtra,
4709,4710,Flock,Software,Bangaluru,,Seed,0.0,,Karnataka,
4710,4711,Flyrobe,Personal Care,Mumbai,,Series B,26.4,,Maharashtra,
4711,4712,Food Memories,Food,Ahmedabad,,Seed,0.0,,Gujarat,
4712,4713,FoodBuddy,Delivery,Belgaum,,Seed,6.0,,Karnataka,
4713,4714,Forum for Innovation Incubation Research and Entrepreneurship,Finance,Goa,,Grant,10.25,,Goa,
4714,4715,Foyr,Design,Hyderabad,,Series A,42.0,,Telangana,
4715,4716,FreightBazaar,Transportation,Hyderabad,,Seed,0.0,,Telangana,
4716,4717,FreightBro,Logistics,Mumbai,,Seed,0.0,,Maharashtra,
4717,4718,Freightwalla,B2B,Mumbai,,Seed,0.0,,Maharashtra,
4718,4719,Freshboxx,E-Commerce,Hubli,,Seed,0.0,,Karnataka,
4719,4720,Freyr Energy,Energy,Hyderabad,,Series A,12.3,,Telangana,
4720,4721,Fric Bergen,Food,Alwar,,Venture - Series Unknown,0.0,,Rajasthan,
4721,4722,Furlenco,E-Commerce,Bengaluru,,Series C,0.0,,Karnataka,
4722,4723,Fusion Microfinance,Finance,Delhi,,Series E,520.0,,Delhi,
4723,4724,Fyle,Technology,Bengaluru,,Seed,11.0,,Karnataka,
4724,4725,Gaia Smart Cities,Technology,Mumbai,,Seed,0.0,,Maharashtra,
4725,4726,GalaxyCard,FinTech,Noida,,Seed,0.0,,Uttar Pradesh,
4726,4727,GamingMonk,Entertainment,Delhi,,Series A,4.0,,Delhi,
4727,4728,Gegadyne Energy,Energy,Mumbai,,Angel,0.0,,Maharashtra,
4728,4729,Generico,Healthcare,Mumbai,,Series A,0.0,,Maharashtra,
4729,4730,GenRobotic,Robotics,Trivandrum,,Seed,0.0,,Kerala,
4730,4731,Go Payments,Services,Mumbai,,Corporate Round,0.0,,Maharashtra,
4731,4732,Goals101,Finance,Delhi,,Seed,35.0,,Delhi,
4732,4733,GoBolt,Logistics,Delhi,,Venture - Series Unknown,40.0,,Delhi,
4733,4734,GoBumpr,Automotive,Chennai,,Seed,6.0,,Tamil Nadu,
4734,4735,GoGaga,Consumer Internet,Bengaluru,,Non-equity Assistance,0.4,,Karnataka,
4735,4736,GoZefo,E-Commerce,Bengaluru,,Venture - Series Unknown,21.0,,Karnataka,
4736,4737,Gramophone,Entertainment,Indore,,Seed,10.0,,Madhya Pradesh,
4737,4738,Groww,Finance,Bengaluru,,Seed,1.2,,Karnataka,
4738,4739,Guardian.in,Healthcare,Mumbai,,Seed,0.0,,Maharashtra,
4739,4740,Gugu,Electronics,Coimbatore,,Seed,2.5,,Tamil Nadu,
4740,4741,Guiddoo World,Travel,Mumbai,,Seed,6.56,,Maharashtra,
4741,4742,GuruQ,EdTech,Delhi,,Seed,2.5,,Delhi,
4742,4743,Haazri,Food,Mumbai,,Seed,1.25,,Maharashtra,
4743,4744,HalaPlay Technologies,Entertainment,Bengaluru,,Series A,50.0,,Karnataka,
4744,4745,Hansel io,Software,Bengaluru,,Series A,40.0,,Karnataka,
4745,4746,Happy Cow Dairy,AgriTech,Mumbai,,Seed,4.0,,Maharashtra,
4746,4747,Happyeasygo Group,Travel,Haryana,,Series A,0.0,,Haryana,
4747,4748,HappyEMI,FinTech,Bengaluru,,Seed,10.0,,Karnataka,
4748,4749,Hashtag Loyalty Private Limited,Marketing,Mumbai,,Seed,0.0,,Maharashtra,
4749,4750,Hasura,Cloud Tech,Bengaluru,,Seed,16.0,,Karnataka,
4750,4751,HealthAssure,Healthcare,Mumbai,,Seed,10.0,,Maharashtra,
4751,4752,HealthifyMe,Healthcare,Bengaluru,,Series B,60.0,,Karnataka,
4752,4753,Healthkart,E-Commerce,Gurugram,,Venture - Series Unknown,100.0,,Haryana,
4753,4754,HealthPlix,Healthcare,Bengaluru,,Series A,30.0,,Karnataka,
4754,4755,HealWell24,Healthcare,Mumbai,,Seed,2.0,,Maharashtra,
4755,4756,Heelium,Sports,Pune,,Seed,0.0,,Maharashtra,
4756,4757,HelloVerify,Services,Noida,,Seed,0.0,,Uttar Pradesh,
4757,4758,Hero Electric,Manufacturing,Delhi,,Venture - Series Unknown,160.0,,Delhi,
4758,4759,Hey Deedee,Delivery,Mumbai,,Seed,3.3,,Maharashtra,
4759,4760,HeyHolidays,Travel,Bengaluru,,Seed,10.0,,Karnataka,
4760,4761,Hippo Video,Software,Chennai,,Seed,0.0,,Tamil Nadu,
4761,4762,hoi foods,Food,Gurugram,,Seed,3.6,,Haryana,
4762,4763,Hospals,Healthcare,Delhi,,Seed,12.3,,Delhi,
4763,4764,Housejoy,Services,Bengaluru,,Series B,26.64,,Karnataka,
4764,4765,HousingMan.com,Real Estate,Bengaluru,,Seed,10.3,,Karnataka,
4765,4766,Hubhopper,Internet,Delhi,,Series A,5.0,,Delhi,
4766,4767,Huddle,Consulting,Gurugram,,Seed,3.0,,Haryana,
4767,4768,HungerBox,Food,Bengaluru,,Series A,45.0,,Karnataka,
4768,4769,Hush - Speak Up. Make Work Better,Services,Bengaluru,,Seed,4.5,,Karnataka,
4769,4770,Hyperdata.IO,Technology,Hyderabad,,Angel,5.0,,Telangana,
4770,4771,HyperXchange,E-Commerce,Pune,,Series A,10.0,,Maharashtra,
4771,4772,i2i Funding,Finance,Noida,,Angel,5.0,,Uttar Pradesh,
4772,4773,Iba Halal Care,Personal Care,Ahmedabad,,Series A,15.0,,Gujarat,
4773,4774,iChamp,EdTech,Gurugram,,Seed,50.0,,Haryana,
4774,4775,Ideal Insurance Brokers/ 121Policy.com,Finance,Kolkata,,Seed,10.0,,West Bengal,
4775,4776,Idha Skin Clinic,Healthcare,Bengaluru,,Seed,0.5,,Karnataka,
4776,4777,Impact Guru,FinTech,Mumbai,,Series A,16.6,,Maharashtra,
4777,4778,Inc42,Media,Delhi,,Seed,0.0,,Delhi,
4778,4779,InCred Finance,Finance,Mumbai,,Private Equity,419.0,,Maharashtra,
4779,4780,India Accelerator,B2B,Gurugram,,Angel,0.0,,Haryana,
4780,4781,Indiabulls Ventures,Finance,Mumbai,,Post-IPO Equity,0.0,,Maharashtra,
4781,4782,IndigoLearn,EdTech,Hyderabad,,Seed,1.5,,Telangana,
4782,4783,IndiQube,Real Estate,Bengaluru,,Series A,150.0,,Karnataka,
4783,4784,INDwealth,Finance,Gurugram,,Seed,220.0,,Haryana,
4784,4785,Inner Being Wellness,Healthcare,Hyderabad,,Angel,3.5,,Telangana,
4785,4786,InnerChef,Food,Gurugram,,Venture - Series Unknown,17.6,,Haryana,
4786,4787,Innov8,Real Estate,Delhi,,Seed,40.0,,Delhi,
4787,4788,Inntot Technologies,Technology,Kochi,,Seed,0.0,,Kerala,
4788,4789,Inthree,Technology,Chennai,,Series A,40.0,,Tamil Nadu,
4789,4790,ION Energy,Energy,Mumbai,,Venture - Series Unknown,8.53,,Maharashtra,
4790,4791,Jagaran Microfin,Finance,Kolkata,,Debt Financing,55.0,,West Bengal,
4791,4792,Jetbrain Robotics,Healthcare,Gurugram,,Seed,0.7,,Haryana,
4792,4793,Kaleidofin,Finance,Chennai,,Seed,28.0,,Tamil Nadu,
4793,4794,Keito,AI,Pune,,Seed,0.0,,Maharashtra,
4794,4795,Khabri,Media,Haryana,,Seed,0.0,,Haryana,
4795,4796,Khidki,AI,Bengaluru,,Seed,0.0,,Karnataka,
4796,4797,Kidovators (by GyanLab),EdTech,Bengaluru,,Seed,1.8,,Karnataka,
4797,4798,Kissht,FinTech,Mumbai,,Series C,300.0,,Maharashtra,
4798,4799,Knocksense,Media,Lucknow,,Seed,0.0,,Uttar Pradesh,
4799,4800,Kobster,E-Commerce,Chennai,,Seed,0.0,,Tamil Nadu,
4800,4801,Kogta Financial India Limited,Finance,Jaipur,,Series B,154.0,,Rajasthan,
4801,4802,Kriger Campus,Education,Delhi,,Seed,3.0,,Delhi,
4802,4803,Kuants,Finance,Gurugram,,Seed,0.5,,Haryana,
4803,4804,Kuvera,Finance,Bengaluru,,Angel,2.5,,Karnataka,
4804,4805,Lavelle Networks,Cloud Tech,Bengaluru,,Venture - Series Unknown,2.0,,Karnataka,
4805,4806,LearnApp,EdTech,Noida,,Seed,2.0,,Uttar Pradesh,
4806,4807,Leena AI,AI,Gurugram,,Seed,20.0,,Haryana,
4807,4808,Lendbox,Finance,Delhi,,Seed,6.0,,Delhi,
4808,4809,LetsMD,Healthcare,Delhi,,Seed,10.0,,Delhi,
4809,4810,Letstrack,Technology,Delhi,,Seed,17.0,,Delhi,
4810,4811,LetsTransport,Logistics,Bengaluru,,Series B,100.0,,Karnataka,
4811,4812,Licious,E-Commerce,Bengaluru,,Series C,250.0,,Karnataka,
4812,4813,Livehealth,Healthcare,Pune,,Seed,11.0,,Maharashtra,
4813,4814,LivQuik,FinTech,Mumbai,,Corporate Round,27.0,,Maharashtra,
4814,4815,LivSpace,Design,Bengaluru,,Series C,700.0,,Karnataka,
4815,4816,Loadshare,Logistics,Bengaluru,,Series A,50.0,,Karnataka,
4816,4817,Loans4SME,Finance,Mumbai,,Seed,0.0,,Maharashtra,
4817,4818,Loanzen,Finance,Bangaluru,,Seed,0.0,,Karnataka,
4818,4819,Locus,Logistics,Bengaluru,,Series A,40.0,,Karnataka,
4819,4820,Log9 Materials,Technology,Bengaluru,,Seed,3.0,,Karnataka,
4820,4821,LT Foods,Food,Delhi,,Post-IPO Equity,140.0,,Delhi,
4821,4822,Lucideus,Cybersecurity,Delhi,,Venture - Series Unknown,50.0,,Delhi,
4822,4823,MadGuy Labs,EdTech,Hyderabad,,Venture - Series Unknown,2021.0,,Telangana,
4823,4824,Magic Crate,Education,Bengaluru,,Seed,0.0,,Karnataka,
4824,4825,Magicpin,Consumer Internet,Gurugram,,Series C,141.0,,Haryana,
4825,4826,MamaEarth,E-Commerce,Gurugram,,Series A,40.0,,Haryana,
4826,4827,Manjushree Technopack,Manufacturing,Bengaluru,,Private Equity,0.0,,Karnataka,
4827,4828,Mate Labs,AI,Bengaluru,,Seed,5.5,,Karnataka,
4828,4829,Max Healthcare,Healthcare,Delhi,,Corporate Round,0.0,,Delhi,
4829,4830,MCaffeine,Personal Care,Mumbai,,Seed,3.2,,Maharashtra,
4830,4831,McXtra,Finance,Andheri,,Seed,13.0,,Maharashtra,
4831,4832,Mech Mocha,Entertainment,Bengaluru,,Series B,26.6,,Karnataka,
4832,4833,Med365 Healthcare,Healthcare,Jaipur,,Seed,5.0,,Rajasthan,
4833,4834,MedCords,Healthcare,Pune,,Seed,2.64,,Maharashtra,
4834,4835,Medikabazaar,Healthcare,Mumbai,,Series A,50.0,,Maharashtra,
4835,4836,Medimetry,Healthcare,Delhi,,Seed,0.0,,Delhi,
4836,4837,Meesho,E-Commerce,Bengaluru,,Series C,500.0,,Karnataka,
4837,4838,MEngage,Healthcare,Jaipur,,Seed,1.75,,Rajasthan,
4838,4839,mfine,Healthcare,Bengaluru,,Series A,42.0,,Karnataka,
4839,4840,Microchip Payments,FinTech,Bengaluru,,Seed,0.0,,Karnataka,
4840,4841,Mihuru,Finance,Mumbai,,Seed,1.5,,Maharashtra,
4841,4842,MilkBasket,E-Commerce,Gurugram,,Series A,70.0,,Haryana,
4842,4843,Mintifi,Finance,Mumbai,,Seed,20.0,,Maharashtra,
4843,4844,MissMalini Entertainment,Entertainment,Mumbai,,Seed,10.4,,Maharashtra,
4844,4845,Mobikwik,FinTech,Gurugram,,Series E,24.0,,Haryana,
4845,4846,Mobile Premier League (MPL),Entertainment,Bengaluru,,Series A,50.0,,Karnataka,
4846,4847,Mobycy,Transportation,Gurugram,,Angel,0.0,,Haryana,
4847,4848,Moglix,E-Commerce,Noida,,Series C,230.0,,Uttar Pradesh,
4848,4849,Mojro Technologies,IT,Bengaluru,,Seed,6.5,,Karnataka,
4849,4850,Mombay,Food,Mumbai,,Seed,0.08,,Maharashtra,
4850,4851,Moonshine Meadery,Food,Pune,,Seed,0.0,,Maharashtra,
4851,4852,Multibhashi,EdTech,Bengaluru,,Seed,1.0,,Karnataka,
4852,4853,MY CHIRAAG CAB,Travel,Jaipur,,Seed,10.0,,Rajasthan,
4853,4854,MyDentistChoice,Healthcare,Hyderabad,,Seed,5.0,,Telangana,
4854,4855,myHQ,Real Estate,Delhi,,Series A,5.0,,Delhi,
4855,4856,MyLoanCare,Finance,Gurugram,,Series A,6.5,,Haryana,
4856,4857,MyNewCar.in,Automotive,Gurugram,,Venture - Series Unknown,8.2,,Haryana,
4857,4858,Mynvax,Healthcare,Bengaluru,,Angel,0.0,,Karnataka,
4858,4859,Myra,Healthcare,Bengaluru,,Venture - Series Unknown,0.88,,Karnataka,
4859,4860,MySEODoc,Marketing,Delhi,,Seed,0.0,,Delhi,
4860,4861,MyUpchar,Healthcare,Delhi,,Series A,50.0,,Delhi,
4861,4862,Naaptol,E-Commerce,Mumbai,,Venture - Series Unknown,150.0,,Maharashtra,
4862,4863,Netmeds,Healthcare,Chennai,,Series C,350.0,,Tamil Nadu,
4863,4864,NewsBytes,Media,Gurugram,,Seed,10.0,,Haryana,
4864,4865,Next Digital Solutions,Marketing,Kota,,Angel,0.01,,Rajasthan,
4865,4866,NicheAI,AI,Hyderabad,,Angel,0.0,,Telangana,
4866,4867,Ninjacart,AgriTech,Bengaluru,,Series B,250.0,,Karnataka,
4867,4868,NIRA,Finance,Bengaluru,,Seed,10.0,,Karnataka,
4868,4869,NIRAMAI Health Analytix,Healthcare,Bengaluru,,Seed,60.0,,Karnataka,
4869,4870,NirogStreet,Healthcare,Gurugram,,Seed,3.0,,Haryana,
4870,4871,Nivesh,Finance,Noida,,Seed,3.0,,Uttar Pradesh,
4871,4872,NiYO Solutions,Finance,Bengaluru,,Series A,132.0,,Karnataka,
4872,4873,NoPaperForms Solutions Pvt. Ltd.,EdTech,Delhi,,Series B,32.84,,Delhi,
4873,4874,Notesgen,EdTech,Delhi,,Seed,1.25,,Delhi,
4874,4875,Nua,Consumer Goods,Mumbai,,Seed,0.0,,Maharashtra,
4875,4876,Nutrisattva (Proliva),Healthcare,Anand,,Angel,0.0,,Gujarat,
4876,4877,Nykaa,Consumer Internet,Mumbai,,Secondary Market,113.0,,Maharashtra,
4877,4878,OckyPocky,EdTech,Haryana,,Angel,0.0,,Haryana,
4878,4879,Ola,Transportation,Bengaluru,,Venture - Series Unknown,500.0,,Karnataka,
4879,4880,Olly Smart Credit Card,Finance,Delhi,,Seed,0.0,,Delhi,
4880,4881,OneAssist,Consumer Internet,Mumbai,,Debt Financing,19.84,,Maharashtra,
4881,4882,ONGO Framework,Technology,Hyderabad,,Angel,10.0,,Telangana,
4882,4883,Ontrack Technologies Pvt. Ltd,Technology,Bengaluru,,Seed,0.0,,Karnataka,
4883,4884,OPEN,Banking,Bengaluru,,Seed,0.0,,Karnataka,
4884,4885,Ora,Healthcare,Kolkata,,Seed,0.0,,West Bengal,
4885,4886,Orbo.ai,AI,Mumbai,,Seed,0.0,,Maharashtra,
4886,4887,Origo Commodities India Pvt. Ltd,AgriTech,Gurugram,,Venture - Series Unknown,80.0,,Haryana,
4887,4888,ORO Wealth,FinTech,Mumbai,,Series A,16.0,,Maharashtra,
4888,4889,OTO Capital,Automotive,Mumbai,,Seed,5.0,,Maharashtra,
4889,4890,OYO,Hospitality,Gurugram,,Series E,1000.0,,Haryana,
4890,4891,PaisaDukan,Finance,Mumbai,,Seed,6.5,,Maharashtra,
4891,4892,Pando,Logistics,Chennai,,Seed,20.0,,Tamil Nadu,
4892,4893,Pandorum Technologies,Technology,Bengaluru,,Series A,36.0,,Karnataka,
4893,4894,Parkwheels,Transportation,Haryana,,Seed,1.2,,Haryana,
4894,4895,Paymatrix,FinTech,Hyderabad,,Seed,0.74,,Telangana,
4895,4896,PayMe India,FinTech,Noida,,Angel,20.0,,Uttar Pradesh,
4896,4897,Pentation Analytics,Data Analytics,Mumbai,,Seed,0.0,,Maharashtra,
4897,4898,PerkFinance,FinTech,Bengaluru,,Seed,7.38,,Karnataka,
4898,4899,Perpule,Software,Bengaluru,,Series A,34.0,,Karnataka,
4899,4900,Perspectico,Education,Delhi,,Seed,0.0,,Delhi,
4900,4901,PetSutra,Consumer Internet,Gurugram,,Seed,0.95,,Gujarat,
4901,4902,PharmEasy,Healthcare,Mumbai,,Series C,800.0,,Maharashtra,
4902,4903,Picture TIme,Media,Delhi,,Seed,25.0,,Delhi,
4903,4904,Picxy,Internet,Guntur,,Seed,1.3,,Andhra Pradesh,
4904,4905,PinkBlue,Healthcare,Bengaluru,,Seed,3.0,,Karnataka,
4905,4906,Pipa Bella,E-Commerce,Mumbai,,Series A,10.0,,Maharashtra,
4906,4907,Pitstop,Consumer Internet,Bengaluru,,Seed,10.0,,Karnataka,
4907,4908,PivotRoots,Marketing,Mumbai,,Series A,0.0,,Maharashtra,
4908,4909,Pixr8,Media,Ghaziabad,,Seed,0.5,,Uttar Pradesh,
4909,4910,Placio,Hospitality,Noida,,Seed,20.0,,Uttar Pradesh,
4910,4911,Planet11 eCommerce Solutions India (Avenue11),E-Commerce,Bengaluru,,Corporate Round,26.0,,Karnataka,
4911,4912,PlanetSpark,EdTech,Gurugram,,Seed,1.6,,Haryana,
4912,4913,Planys Technologies,Technology,Chennai,,Series A,14.02,,Tamil Nadu,
4913,4914,Playtoome,Entertainment,Bengaluru,,Seed,2.0,,Karnataka,
4914,4915,Plum Goodness,Healthcare,Thane,,Series A,0.0,,Maharashtra,
4915,4916,Pooltoo,Transportation,Delhi,,Seed,0.0,,Delhi,
4916,4917,Portea Medical,Healthcare,Bengaluru,,Debt Financing,25.0,,Karnataka,
4917,4918,Poshmiles Online Solutions Private Limited,Travel,Bengaluru,,Seed,0.0,,Karnataka,
4918,4919,PratiLipi,Consumer Internet,Bengaluru,,Series A,43.0,,Karnataka,
4919,4920,Predible Health,Healthcare,Bengaluru,,Seed,0.0,,Karnataka,
4920,4921,PregBuddy,Healthcare,Bengaluru,,Seed,0.0,,Karnataka,
4921,4922,PrestLoans,Finance,Delhi,,Seed,1.0,,Delhi,
4922,4923,Printline Media(ThePrint),Media,Delhi,,Seed,3.49,,Delhi,
4923,4924,Propelld,FinTech,Bengaluru,,Seed,2.5,,Karnataka,
4924,4925,Propshop24,E-Commerce,Mumbai,,Seed,5.0,,Maharashtra,
4925,4926,Qandle,Software,Gurugram,,Seed,12.0,,Haryana,
4926,4927,Qbera,Finance,Bengaluru,,Venture - Series Unknown,14.0,,Karnataka,
4927,4928,Quikr,Marketing,Bengaluru,,Debt Financing,55.0,,Karnataka,
4928,4929,Racetrack,AI,Bengaluru,,Seed,34.2,,Karnataka,
4929,4930,RAHI Care,Healthcare,Chandigarh,,Venture - Series Unknown,0.0,,Chandigarh,
4930,4931,Rays Power Infra,Energy,Jaipur,,Venture - Series Unknown,200.0,,Rajasthan,
4931,4932,Reculta,Education,Noida,,Seed,0.0,,Uttar Pradesh,
4932,4933,RevFin,Finance,Delhi,,Seed,0.0,,Delhi,
4933,4934,Roadcast,Logistics,Delhi,,Angel,2.5,,Delhi,
4934,4935,Rocketium,Technology,Bengaluru,,Seed,2.0,,Karnataka,
4935,4936,Rockmetric,IT,Mumbai,,Grant,0.0,,Maharashtra,
4936,4937,Rooter,Sports,Delhi,,Seed,4.5,,Delhi,
4937,4938,Roposo,Social Media,Gurugram,,Series C,100.0,,Haryana,
4938,4939,Royal Sundaram General Insurance Co. Limited,Healthcare,Kalpakkam,,Corporate Round,2100.0,,Tamil Nadu,
4939,4940,Rubix,Technology,Pune,,Seed,10.0,,Maharashtra,
4940,4941,RupeeCircle,Finance,Mumbai,,Seed,4.0,,Maharashtra,
4941,4942,Rupeek,Finance,Bengaluru,,Series A,68.3,,Karnataka,
4942,4943,SaffronStays,Travel,Mumbai,,Seed,20.0,,Maharashtra,
4943,4944,Satin Creditcare,Finance,Delhi,,Post-IPO Debt,300.0,,Delhi,
4944,4945,Sattviko,E-Commerce,Delhi,,Angel,0.0,,Delhi,
4945,4946,Satvacart,E-Commerce,Gurugram,,Seed,0.0,,Haryana,
4946,4947,SATYA Microcapital,Finance,Delhi,,Venture - Series Unknown,40.0,,Delhi,
4947,4948,SBI Life,Finance,Mumbai,,Private Equity,7420.0,,Maharashtra,
4948,4949,Scale Labs,Technology,Delhi,,Seed,10.0,,Delhi,
4949,4950,Scapic,Cloud Tech,Bengaluru,,Seed,5.0,,Karnataka,
4950,4951,Scholify,EdTech,Bengaluru,,Pre-Seed,0.0,,Karnataka,
4951,4952,SectorQube,Data Analytics,Ernakulam,,Seed,0.0,,Kerala,
4952,4953,SEDEMAC Mechatronics,Automotive,Mumbai,,Venture - Series Unknown,0.0,,Maharashtra,
4953,4954,Sensibull,FinTech,Bengaluru,,Seed,2.5,,Karnataka,
4954,4955,Sequretek,Cybersecurity,Mumbai,,Venture - Series Unknown,37.0,,Maharashtra,
4955,4956,ShakeDeal,B2B,Bengaluru,,Seed,0.0,,Karnataka,
4956,4957,Shape,Healthcare,Pune,,Seed,2.0,,Maharashtra,
4957,4958,ShareChat,Social Media,Bengaluru,,Series C,992.3,,Karnataka,
4958,4959,Shirsa Labs,EdTech,Mumbai,,Seed,5.0,,Haryana,
4959,4960,Shop101,E-Commerce,Mumbai,,Series B,110.0,,Maharashtra,
4960,4961,Shopkirana,E-Commerce,Indore,,Venture - Series Unknown,16.6,,Madhya Pradesh,
4961,4962,Shuttl,Transportation,Gurugram,,Debt Financing,10.0,,Haryana,
4962,4963,Signzy,FinTech,Bengaluru,,Series A,24.0,,Karnataka,
4963,4964,Silversparro Technologies Pvt. Ltd,Technology,Gurugram,,Seed,3.0,,Haryana,
4964,4965,Simulanis,Technology,Delhi,,Seed,5.0,,Delhi,
4965,4966,Singularity Dynamics,AI,Bengaluru,,Seed,0.0,,Karnataka,
4966,4967,Sleepy Owl Coffee,Food,Delhi,,Seed,3.5,,Delhi,
4967,4968,SlicePay,FinTech,Bengaluru,,Series A,149.0,,Karnataka,
4968,4969,Smartcoin,Finance,Bengaluru,,Seed,20.0,,Karnataka,
4969,4970,SmartVizX,Technology,Noida,,Seed,14.5,,Uttar Pradesh,
4970,4971,Snapmint,Finance,Mumbai,,Seed,0.0,,Maharashtra,
4971,4972,Spinny,E-Commerce,Gurugram,,Series A,110.0,,Haryana,
4972,4973,Spoofin,Technology,Delhi,,Venture - Series Unknown,0.0,,Delhi,
4973,4974,Sportido,Sports,Delhi,,Seed,10.0,,Delhi,
4974,4975,Sportido,Sports,Delhi,,Seed,0.0,,Delhi,
4975,4976,Sqrrl Fintech,Finance,Gurugram,,Seed,10.0,,Haryana,
4976,4977,Square Off,IoT,Mumbai,,Seed,9.02,,Maharashtra,
4977,4978,srJna,Education,Jaipur,,Seed,0.0,,Rajasthan,
4978,4979,Stanza Living,Technology,Delhi,,Venture - Series Unknown,73.0,,Delhi,
4979,4980,Stelis Biopharma,Healthcare,Bengaluru,,Series B,1000.0,,Karnataka,
4980,4981,Steradian Semiconductors,Electronics,Bengaluru,,Seed,0.0,,Karnataka,
4981,4982,StockEdge,Data Analytics,Kolkata,,Seed,11.0,,West Bengal,
4982,4983,Stones2Milestones,EdTech,Gurugram,,Seed,0.0,,Haryana,
4983,4984,Streak,Finance,Bengaluru,,Seed,2.25,,Karnataka,
4984,4985,Streo,Entertainment,Gurugram,,Seed,0.0,,Haryana,
4985,4986,Strom Motors,Automotive,Mumbai,,Angel,0.0,,Maharashtra,
4986,4987,Studds Accessories,E-Commerce,Faridabad,,Private Equity,100.0,,Haryana,
4987,4988,Stumagz,Media,Hyderabad,,Seed,0.0,,Telangana,
4988,4989,Sukkhi Jewellery,Personal Care,Mumbai,,Venture - Series Unknown,51.0,,Maharashtra,
4989,4990,Survaider,Technology,Bengaluru,,Seed,5.0,,Karnataka,
4990,4991,Swiggy,Food,Bengaluru,,Series H,10000.0,,Karnataka,
4991,4992,Syncremedies Healthcare Pvt Ltd,Healthcare,Bengaluru,,Seed,0.0,,Karnataka,
4992,4993,Tabono,Sports,Gurugram,,Seed,0.0,,Haryana,
4993,4994,Taru Naturals,Agriculture,Mumbai,,Seed,0.0,,Maharashtra,
4994,4995,TECHBOOZE,Education,Delhi,,Seed,0.74,,Delhi,
4995,4996,Technology 9 Labs (T9L),IT,Delhi,,Corporate Round,0.0,,Delhi,
4996,4997,The Ken,Consumer Internet,Bengaluru,,Series A,15.0,,Karnataka,
4997,4998,The Social Hook,Marketing,Bengaluru,,Seed,0.0,,Karnataka,
4998,4999,The Souled Store,Personal Care,Mumbai,,Venture - Series Unknown,24.9,,Maharashtra,
4999,5000,TheCollegeFever,Marketing,Bengaluru,,Seed,2.5,,Karnataka,
5000,5001,Theranosis Life Sciences,Healthcare,Hyderabad,,Seed,0.0,,Telangana,
5001,5002,Toffee,FinTech,Gurugram,,Seed,15.0,,Haryana,
5002,5003,Togedr,Social Media,Gurugram,,Venture - Series Unknown,0.0,,Haryana,
5003,5004,Tolet for Students,Hospitality,Jodhpur,,Seed,0.5,,Rajasthan,
5004,5005,Toppr,EdTech,Mumbai,,Series C,350.0,,Maharashtra,
5005,5006,Tranzmeo,AI,Cochin,,Pre-Seed,0.0,,Kerala,
5006,5007,Traveo Soft Pvt. Ltd.,Travel,Bengaluru,,,0.12,,Karnataka,
5007,5008,Trell,Social Media,Bengaluru,,Seed,12.5,,Karnataka,
5008,5009,Trendlyne Technologies,Finance,Bengaluru,,Seed,2.0,,Karnataka,
5009,5010,Tricog Health Services Pvt Ltd,Healthcare,Bengaluru,,Series A,40.0,,Karnataka,
5010,5011,Tripeur,IT,Bengaluru,,Seed,6.0,,Karnataka,
5011,5012,Tripshelf,Marketing,Delhi,,Seed,1.6,,Delhi,
5012,5013,True Elements,Healthcare,Pune,,Seed,5.0,,Maharashtra,
5013,5014,Truebil,Automotive,Mumbai,,Series A,20.0,,Maharashtra,
5014,5015,TrustCheckr,IT,Bengaluru,,Angel,1.0,,Karnataka,
5015,5016,Try & Buy,E-Commerce,Delhi,,Seed,0.0,,Delhi,
5016,5017,Twenty Two Motors,Technology,Haryana,,Corporate Round,650.0,,Haryana,
5017,5018,UClean,Consumer Internet,Bengaluru,,Seed,4.0,,Karnataka,
5018,5019,Udaan,B2B,Bengaluru,,Series C,2250.0,,Karnataka,
5019,5020,Ultraviolette Automotive,Automotive,Bengaluru,,Series A,0.01,,Karnataka,
5020,5021,Ummeed Housing Finance Private Limited,Finance,Haryana,,Series C,60.0,,Haryana,
5021,5022,University Living,Education,Delhi,,Seed,0.0,,Delhi,
5022,5023,UnoTag,AI,Bengaluru,,Pre-Seed,0.74,,Karnataka,
5023,5024,UpCyclersLab,Education,Mumbai,,Seed,0.0,,Maharashtra,
5024,5025,Upwards,Internet,Mumbai,,Series A,50.0,,Maharashtra,
5025,5026,Urban Ladder,E-Commerce,Bengaluru,,Debt Financing,56.0,,Karnataka,
5026,5027,UrbanClap,Services,Gurugram,,Series D,500.0,,Haryana,
5027,5028,UrbanPiper,Software,Bengaluru,,Seed,0.0,,Karnataka,
5028,5029,Vahdam Teas,E-Commerce,Delhi,,Series B,25.0,,Delhi,
5029,5030,Vebbler,Consumer Internet,Bengaluru,,Seed,0.0,,Karnataka,
5030,5031,Vedantu,EdTech,Bengaluru,,Series B,110.0,,Karnataka,
5031,5032,Veritas Finance,Finance,Chennai,,Venture - Series Unknown,300.0,,Tamil Nadu,
5032,5033,Verloop,Services,Bengaluru,,Series A,24.9,,Karnataka,
5033,5034,Verzeo,EdTech,Bengaluru,,Series A,50.0,,Karnataka,
5034,5035,Virtual Logic,Technology,Bengaluru,,Angel,7.0,,Karnataka,
5035,5036,Vistara,Airlines,Haryana,,Private Equity,2000.0,,Haryana,
5036,5037,Vivish Technologies (myGate),IT,Bengaluru,,Series A,65.0,,Karnataka,
5037,5038,Vivriti Capital,FinTech,Chennai,,Venture - Series Unknown,285.0,,Tamil Nadu,
5038,5039,Vizzbee,AI,Bhopal,,Pre-Seed,0.15,,Madhya Pradesh,
5039,5040,Vogo,Transportation,Bengaluru,,Debt Financing,8.0,,Karnataka,
5040,5041,Vokal,Internet,Bengaluru,,Series A,15.0,,Karnataka,
5041,5042,VTION,Technology,Gurugram,,Seed,1.92,,Haryana,
5042,5043,WakeFit,Households,Bengaluru,,Venture - Series Unknown,65.0,,Karnataka,
5043,5044,WalMart India,Retail,Gurugram,,Venture - Series Unknown,376.8,,Haryana,
5044,5045,Wealthtrust,Finance,Mumbai,,Seed,5.0,,Maharashtra,
5045,5046,Wedeterna,Event Management,Bengaluru,,Angel,0.0,,Karnataka,
5046,5047,Wellthy Therapeutics Pvt Ltd,Healthcare,Mumbai,,Seed,13.5,,Maharashtra,
5047,5048,WheelsEMI,FinTech,Pune,,Series B,140.0,,Maharashtra,
5048,5049,Wholesome Habits (EAT Anytime),Food,Mumbai,,Seed,5.0,,Maharashtra,
5049,5050,WHR,Healthcare,Pune,,Seed,1.43,,Maharashtra,
5050,5051,Wicked Ride Adventure Services Private Limited,Automotive,Bengaluru,,Venture - Series Unknown,100.0,,Karnataka,
5051,5052,Wide Mobility Mechatronics,Technology,Bangaluru,,Seed,0.0,,Karnataka,
5052,5053,Wimoxez,Internet,Hyderabad,,Seed,0.15,,Telangana,
5053,5054,Wishberry,Finance,Mumbai,,Series A,10.0,,Maharashtra,
5054,5055,Wishfie,Social Media,Bengaluru,,Seed,0.0,,Karnataka,
5055,5056,Wishup,Careers,Azadpur,,Seed,0.0,,Delhi,
5056,5057,Wooden Street,E-Commerce,Jaipur,,Series A,10.0,,Rajasthan,
5057,5058,Workflexi,Careers,Bengaluru,,Seed,1.0,,Karnataka,
5058,5059,Worxogo,IT,Bengaluru,,Series A,16.5,,Karnataka,
5059,5060,WOTU,E-Commerce,Bengaluru,,Seed,0.0,,Karnataka,
5060,5061,Wow Express,Technology,Mumbai,,Series A,45.0,,Maharashtra,
5061,5062,Wow Venue,Event Management,Mumbai,,Venture - Series Unknown,12.3,,Maharashtra,
5062,5063,Xplorabox,E-Commerce,Noida,,Seed,0.0,,Uttar Pradesh,
5063,5064,Yaantra,IT,Delhi,,Debt Financing,16.6,,Delhi,
5064,5065,YourOwnROOM,Hospitality,Bengaluru,,Seed,0.75,,Karnataka,
5065,5066,Yumlane,Food,Mumbai,,Series A,40.0,,Maharashtra,
5066,5067,ZAMROO,Internet,Noida,,Seed,0.0,,Uttar Pradesh,
5067,5068,Zestl,Healthcare,Pune,,Seed,0.0,,Maharashtra,
5068,5069,ZestMoney,FinTech,Bengaluru,,Series A,134.0,,Karnataka,
5069,5070,ZiffyHomes,Marketing,Delhi,,Seed,1.2,,Delhi,
5070,5071,Zoctr Health,Healthcare,Mumbai,,Seed,0.0,,Maharashtra,
5071,5072,Zomato,Food,Gurugram,,Secondary Market,2100.0,,Haryana,
5072,5073,ZunRoof,Energy,Gurugram,,Angel,1.66,,Haryana,
5073,5074,Zyla Health,Healthcare,Delhi,,Seed,0.0,,Delhi,
